region_i,region_j,deltaE00,deltaE76
gamut_001_my,gamut_002_cmy,21.115767469207903,33.97800011524586
gamut_001_my,gamut_003_cmymy,14.62342963445163,25.130262561034996
gamut_001_my,gamut_004_mymyy,5.275435329811836,7.148888891903776
gamut_001_my,gamut_005_myy,9.023001042407522,12.301871589877225
gamut_001_my,gamut_006_cymymy,17.843347656496803,25.596291268270406
gamut_001_my,gamut_007_myyy,13.549285503476346,18.749319171668343
gamut_001_my,gamut_008_ymyyy,16.92382617737698,23.555645263983877
gamut_001_my,gamut_009_yymyyy,20.681979359160273,28.968897813977865
gamut_001_my,gamut_010_y,42.57215558599261,65.04498495424086
gamut_001_my,gamut_011_cymy,25.48642718682338,34.4185289128907
gamut_001_my,gamut_012_cymyy,26.965547504757318,35.8713081419982
gamut_001_my,gamut_013_cymyyy,27.662644567517706,36.83770580940816
gamut_001_my,gamut_014_yycyyy,42.27268420347216,61.629552032216615
gamut_001_my,gamut_015_ycyyy,42.465673233683546,61.52193166142492
gamut_001_my,gamut_016_cyyy,42.72981318695014,61.31927910981161
gamut_001_my,gamut_017_cyy,43.496417508471566,61.89201975261328
gamut_001_my,gamut_018_cycymy,32.95725358286596,43.58133406892548
gamut_001_my,gamut_019_cycyy,44.26119253004885,62.51202681605212
gamut_001_my,gamut_020_cy,44.65833953118502,62.16878180117643
gamut_001_my,gamut_021_cmycy,32.12880834521529,42.64290467094662
gamut_001_my,gamut_022_ccycy,44.29170400796116,60.46862733064703
gamut_001_my,gamut_023_ccy,43.53190400978657,59.23462013569995
gamut_001_my,gamut_024_cmcycy,35.443590828440115,47.27960405410052
gamut_001_my,gamut_025_cccy,41.82630352862748,57.96950396939122
gamut_001_my,gamut_026_cccyc,39.14948770319504,57.90088146669806
gamut_001_my,gamut_027_cccycc,37.96535614611617,58.54207382054118
gamut_001_my,gamut_028_c,40.05428003306724,80.58743267414151
gamut_001_my,gamut_029_cmcy,30.71969475979832,43.9206695141241
gamut_001_my,gamut_030_ccmcy,30.989028684419093,49.22004272967161
gamut_001_my,gamut_031_cccmcy,35.100237074057546,52.822767927215956
gamut_001_my,gamut_032_cccmcc,38.92323301807891,77.50204233258751
gamut_001_my,gamut_033_cccmc,38.60645613879241,76.65579086059923
gamut_001_my,gamut_034_cccm,38.44820571636389,76.4774881806329
gamut_001_my,gamut_035_ccm,37.57230644838827,72.77051693942691
gamut_001_my,gamut_036_cmcmcy,27.515885493814622,47.300655381256945
gamut_001_my,gamut_037_ccmcm,36.89822096603337,70.8257284860492
gamut_001_my,gamut_038_cm,36.222606784461824,69.32951289019094
gamut_001_my,gamut_039_cmcmy,23.335380483771484,41.073038970929886
gamut_001_my,gamut_040_cmcmm,35.13474036452326,66.07578323833847
gamut_001_my,gamut_041_cmm,34.37109599011123,63.34509583512884
gamut_001_my,gamut_042_cmcmym,25.131764156104758,42.09442344130496
gamut_001_my,gamut_043_cmmm,33.417192263122594,60.28435836471355
gamut_001_my,gamut_044_mcmmm,32.92971476357494,58.33223760431778
gamut_001_my,gamut_045_mmcmmm,32.265530918588304,57.050737629025214
gamut_001_my,gamut_046_m,28.356480410099252,50.90211956120929
gamut_001_my,gamut_047_cmym,15.569508916038545,29.65836343417886
gamut_001_my,gamut_048_cmmym,20.66487733016731,33.664563536663586
gamut_001_my,gamut_049_cmmmym,22.956248142017998,36.140837580429555
gamut_001_my,gamut_050_mmmymm,19.370372263943306,30.02222502245041
gamut_001_my,gamut_051_mmmym,17.390107756086532,26.502744874408652
gamut_001_my,gamut_052_mmmy,13.072872411802722,19.294982591692452
gamut_001_my,gamut_053_mmy,7.936064166284995,11.612971026149598
gamut_001_my,gamut_054_cmymym,11.372287131455673,23.324020552784315
gamut_001_my,gamut_055_mmymy,3.804307623012311,5.736115377015058
gamut_002_cmy,gamut_003_cmymy,8.207918682640054,9.421115502988314
gamut_002_cmy,gamut_004_mymyy,20.047689993558073,34.0916594402665
gamut_002_cmy,gamut_005_myy,19.776514782680223,34.92011005702864
gamut_002_cmy,gamut_006_cymymy,8.517835130106342,14.821687552857332
gamut_002_cmy,gamut_007_myyy,20.01515150991037,36.796163347748866
gamut_002_cmy,gamut_008_ymyyy,20.763256920588155,38.60496406283047
gamut_002_cmy,gamut_009_yymyyy,22.066819480811205,41.02298047563337
gamut_002_cmy,gamut_010_y,37.03960485498101,68.46887897718696
gamut_002_cmy,gamut_011_cymy,8.243288680284975,14.28351009576904
gamut_002_cmy,gamut_012_cymyy,10.8638499652211,20.44982262052815
gamut_002_cmy,gamut_013_cymyyy,12.100367986556899,23.63902472453967
gamut_002_cmy,gamut_014_yycyyy,25.978849752116172,50.73769742331029
gamut_002_cmy,gamut_015_ycyyy,24.975478386230183,48.93495202255608
gamut_002_cmy,gamut_016_cyyy,23.662348106976687,46.3484793299308
gamut_002_cmy,gamut_017_cyy,23.36261387175272,44.67500136829646
gamut_002_cmy,gamut_018_cycymy,13.774298526314386,22.77856008899957
gamut_002_cmy,gamut_019_cycyy,23.845268967408153,43.75551421368188
gamut_002_cmy,gamut_020_cy,23.88340633728843,40.84527925451121
gamut_002_cmy,gamut_021_cmycy,12.541384410930464,15.29471872668294
gamut_002_cmy,gamut_022_ccycy,23.845075433468352,35.2964645868513
gamut_002_cmy,gamut_023_ccy,23.355281404583227,31.696634090184705
gamut_002_cmy,gamut_024_cmcycy,15.511621941383456,16.170909597787865
gamut_002_cmy,gamut_025_cccy,22.991993777519063,26.99994709067011
gamut_002_cmy,gamut_026_cccyc,22.69407452128346,26.133213354435426
gamut_002_cmy,gamut_027_cccycc,23.022227000442253,27.355484887615326
gamut_002_cmy,gamut_028_c,36.31398837120051,63.95717135082995
gamut_002_cmy,gamut_029_cmcy,10.88889799400336,10.97261998459655
gamut_002_cmy,gamut_030_ccmcy,16.410404695910227,19.150272451610235
gamut_002_cmy,gamut_031_cccmcy,19.671009918315818,23.66518900192366
gamut_002_cmy,gamut_032_cccmcc,36.10701465017857,62.775467725468566
gamut_002_cmy,gamut_033_cccmc,36.090409595084466,62.36839547363805
gamut_002_cmy,gamut_034_cccm,36.44451212772553,63.18438873527948
gamut_002_cmy,gamut_035_ccm,36.14849133459265,60.577341301016105
gamut_002_cmy,gamut_036_cmcmcy,19.615156684326728,23.143808436687262
gamut_002_cmy,gamut_037_ccmcm,36.05056388834318,59.63095507302201
gamut_002_cmy,gamut_038_cm,36.30932809010954,60.01428482875251
gamut_002_cmy,gamut_039_cmcmy,18.61109830132192,19.674107352902997
gamut_002_cmy,gamut_040_cmcmm,36.040097669131974,58.41270465725365
gamut_002_cmy,gamut_041_cmm,35.76677536295209,56.860094336035985
gamut_002_cmy,gamut_042_cmcmym,25.42463793857443,28.140848328517215
gamut_002_cmy,gamut_043_cmmm,35.49093531556025,55.49159654340678
gamut_002_cmy,gamut_044_mcmmm,35.44594063072419,54.97035215356952
gamut_002_cmy,gamut_045_mmcmmm,35.394361326658455,55.22078198513777
gamut_002_cmy,gamut_046_m,35.35624162679696,59.35406942260127
gamut_002_cmy,gamut_047_cmym,17.601519376084397,15.714017833012923
gamut_002_cmy,gamut_048_cmmym,24.83638791871782,26.00477985455974
gamut_002_cmy,gamut_049_cmmmym,27.88399706930406,32.27889785076295
gamut_002_cmy,gamut_050_mmmymm,29.64712065131417,43.50957466259986
gamut_002_cmy,gamut_051_mmmym,28.698014936699355,41.79396979220469
gamut_002_cmy,gamut_052_mmmy,26.584401879539932,38.39820773027658
gamut_002_cmy,gamut_053_mmy,23.97616018563688,34.21322652168315
gamut_002_cmy,gamut_054_cmymym,16.303642494803718,14.913381515831446
gamut_002_cmy,gamut_055_mmymy,22.211292105913948,33.019353312941604
gamut_003_cmymy,gamut_004_mymyy,13.771544897089093,25.035491639149924
gamut_003_cmymy,gamut_005_myy,14.051591315231706,26.037869399192815
gamut_003_cmymy,gamut_006_cymymy,5.0719277460876,7.968251801487486
gamut_003_cmymy,gamut_007_myyy,15.273734899640427,28.417096032892832
gamut_003_cmymy,gamut_008_ymyyy,16.897160676249335,30.770407115439365
gamut_003_cmymy,gamut_009_yymyyy,19.176234098249203,33.88796827281551
gamut_003_cmymy,gamut_010_y,37.55004901769386,64.68226950323479
gamut_003_cmymy,gamut_011_cymy,11.894964952775197,13.32767553479381
gamut_003_cmymy,gamut_012_cymyy,13.57625075569248,18.47266431612237
gamut_003_cmymy,gamut_013_cymyyy,14.398118591146648,21.249377612430056
gamut_003_cmymy,gamut_014_yycyyy,29.430635672290727,50.07615735561506
gamut_003_cmymy,gamut_015_ycyyy,28.821602102645052,48.740237857903814
gamut_003_cmymy,gamut_016_cyyy,28.061935665695405,46.84833265111483
gamut_003_cmymy,gamut_017_cyy,28.237862542263933,45.95588007254434
gamut_003_cmymy,gamut_018_cycymy,18.596480285574508,23.941116555479848
gamut_003_cmymy,gamut_019_cycyy,28.961042677270093,45.664808310124855
gamut_003_cmymy,gamut_020_cy,29.343902896465007,43.78434349095129
gamut_003_cmymy,gamut_021_cmycy,19.101352231585537,19.661756799645755
gamut_003_cmymy,gamut_022_ccycy,29.656134817159614,39.95627817666278
gamut_003_cmymy,gamut_023_ccy,29.46510611387494,37.49797264442904
gamut_003_cmymy,gamut_024_cmcycy,23.168370171633327,23.409468379326036
gamut_003_cmymy,gamut_025_cccy,29.808731952112705,34.88269085330514
gamut_003_cmymy,gamut_026_cccyc,29.672145794394993,35.125517427042695
gamut_003_cmymy,gamut_027_cccycc,29.580077737658282,36.377851437001006
gamut_003_cmymy,gamut_028_c,38.026654356926834,69.43509600416691
gamut_003_cmymy,gamut_029_cmcy,19.231613841710686,20.289685587475738
gamut_003_cmymy,gamut_030_ccmcy,22.677194988114927,27.74952521402576
gamut_003_cmymy,gamut_031_cccmcy,25.110913439363845,32.062025340222874
gamut_003_cmymy,gamut_032_cccmcc,37.33764346548521,67.55520902381386
gamut_003_cmymy,gamut_033_cccmc,37.2333411414817,67.00982120727247
gamut_003_cmymy,gamut_034_cccm,37.415647202758336,67.52916912965911
gamut_003_cmymy,gamut_035_ccm,36.85443147658472,64.48174346701816
gamut_003_cmymy,gamut_036_cmcmcy,21.895456501573204,29.55730368069581
gamut_003_cmymy,gamut_037_ccmcm,36.57998818539834,63.21146523595141
gamut_003_cmymy,gamut_038_cm,36.58579694657164,63.046940723962315
gamut_003_cmymy,gamut_039_cmcmy,19.034612217765105,24.611475912761275
gamut_003_cmymy,gamut_040_cmcmm,36.057465365961015,60.903030091753486
gamut_003_cmymy,gamut_041_cmm,35.57641146372774,58.921802886554595
gamut_003_cmymy,gamut_042_cmcmym,24.132345143815154,30.980533155258176
gamut_003_cmymy,gamut_043_cmmm,35.040789230819016,56.97653400565238
gamut_003_cmymy,gamut_044_mcmmm,34.79617822270317,55.966417234572376
gamut_003_cmymy,gamut_045_mmcmmm,34.60304489658639,55.79492257364223
gamut_003_cmymy,gamut_046_m,33.75624903894528,57.3028378180688
gamut_003_cmymy,gamut_047_cmym,14.02376694364966,15.96500624928013
gamut_003_cmymy,gamut_048_cmmym,21.723868366438417,26.072169494396412
gamut_003_cmymy,gamut_049_cmmmym,24.98697192160651,31.884980114394367
gamut_003_cmymy,gamut_050_mmmymm,26.269083661954998,39.29782708324014
gamut_003_cmymy,gamut_051_mmmym,24.898281578292934,37.000368439931144
gamut_003_cmymy,gamut_052_mmmy,21.877625439037587,32.3864618398683
gamut_003_cmymy,gamut_053_mmy,18.270955966667866,26.997731249772784
gamut_003_cmymy,gamut_054_cmymym,10.53587111697001,10.959834213454787
gamut_003_cmymy,gamut_055_mmymy,15.939132398016113,24.84131317870054
gamut_004_mymyy,gamut_005_myy,3.7415331188333125,5.1547674397024
gamut_004_mymyy,gamut_006_cymymy,15.79514488204495,23.516911307251892
gamut_004_mymyy,gamut_007_myyy,8.259702262775255,11.606652454441031
gamut_004_mymyy,gamut_008_ymyyy,11.630630926061858,16.41850893651068
gamut_004_mymyy,gamut_009_yymyyy,15.393246365039495,21.844452488913976
gamut_004_mymyy,gamut_010_y,37.37672325551397,58.0255442626598
gamut_004_mymyy,gamut_011_cymy,23.031258462764367,31.844970902762018
gamut_004_mymyy,gamut_012_cymyy,23.813493585030034,32.04456120459168
gamut_004_mymyy,gamut_013_cymyyy,24.240725640698216,32.47566765074106
gamut_004_mymyy,gamut_014_yycyyy,37.4749180253593,55.518522192216
gamut_004_mymyy,gamut_015_ycyyy,37.775753382390384,55.6183752227909
gamut_004_mymyy,gamut_016_cyyy,38.207264007847925,55.7387919797201
gamut_004_mymyy,gamut_017_cyy,39.085643206389435,56.620590440147495
gamut_004_mymyy,gamut_018_cycymy,29.72553207511941,39.85493266762927
gamut_004_mymyy,gamut_019_cycyy,39.88729750255445,57.46251676242076
gamut_004_mymyy,gamut_020_cy,40.42172145642068,57.577729110140446
gamut_004_mymyy,gamut_021_cmycy,29.383881396742154,40.24982070086148
gamut_004_mymyy,gamut_022_ccycy,40.35616120612138,56.76323424164239
gamut_004_mymyy,gamut_023_ccy,39.87007659978921,56.186872780483455
gamut_004_mymyy,gamut_024_cmcycy,32.807214573903686,45.63064438603423
gamut_004_mymyy,gamut_025_cccy,38.79133965322922,56.31787530230715
gamut_004_mymyy,gamut_026_cccyc,37.117955852967874,57.7373302227218
gamut_004_mymyy,gamut_027_cccycc,36.555751482874236,58.96839039853316
gamut_004_mymyy,gamut_028_c,42.15878492112179,85.11170188063181
gamut_004_mymyy,gamut_029_cmcy,29.36463413942017,44.33977774787896
gamut_004_mymyy,gamut_030_ccmcy,30.665821050793838,50.562798748992954
gamut_004_mymyy,gamut_031_cccmcy,34.66311199074002,54.56671387637636
gamut_004_mymyy,gamut_032_cccmcc,41.81807392234473,82.50782552936293
gamut_004_mymyy,gamut_033_cccmc,41.585844863184526,81.71516994957338
gamut_004_mymyy,gamut_034_cccm,41.63747694675619,81.6995483745948
gamut_004_mymyy,gamut_035_ccm,41.074916146298364,78.16631340747846
gamut_004_mymyy,gamut_036_cmcmcy,29.257765964021086,50.20168130207294
gamut_004_mymyy,gamut_037_ccmcm,40.561059467689674,76.32742861728426
gamut_004_mymyy,gamut_038_cm,40.13456027272629,75.03530070128184
gamut_004_mymyy,gamut_039_cmcmy,25.733805289410945,44.20271133554249
gamut_004_mymyy,gamut_040_cmcmm,39.266165503904766,71.93228819593052
gamut_004_mymyy,gamut_041_cmm,38.67864494305003,69.32071858474998
gamut_004_mymyy,gamut_042_cmcmym,28.685020268849883,46.540354329833036
gamut_004_mymyy,gamut_043_cmmm,37.925361658622585,66.41336085358454
gamut_004_mymyy,gamut_044_mcmmm,37.60570161041915,64.60616455689184
gamut_004_mymyy,gamut_045_mmcmmm,37.0470374007649,63.43075003154804
gamut_004_mymyy,gamut_046_m,33.576592299804446,57.75138274679347
gamut_004_mymyy,gamut_047_cmym,18.541295830953846,32.99084858278944
gamut_004_mymyy,gamut_048_cmmym,24.742566425942442,38.57295596436498
gamut_004_mymyy,gamut_049_cmmmym,27.42584741723284,41.7545251540597
gamut_004_mymyy,gamut_050_mmmymm,24.50782087468787,36.89968915704749
gamut_004_mymyy,gamut_051_mmmym,22.512098287915776,33.40026429250925
gamut_004_mymyy,gamut_052_mmmy,18.194050421343768,26.24665253255259
gamut_004_mymyy,gamut_053_mmy,13.018226331733684,18.50248820392967
gamut_004_mymyy,gamut_054_cmymym,14.069869976406464,26.236239207671538
gamut_004_mymyy,gamut_055_mmymy,8.930842191002743,12.608967809592313
gamut_005_myy,gamut_006_cymymy,15.06704142072713,23.12119979598134
gamut_005_myy,gamut_007_myyy,4.517664742950341,6.453805204943926
gamut_005_myy,gamut_008_ymyyy,7.889844016603621,11.268490313615917
gamut_005_myy,gamut_009_yymyyy,11.660272283692514,16.70454300234987
gamut_005_myy,gamut_010_y,33.72580394067443,52.98099432852436
gamut_005_myy,gamut_011_cymy,21.668247363756407,30.719325579908883
gamut_005_myy,gamut_012_cymyy,21.864525513462205,29.880016635220073
gamut_005_myy,gamut_013_cymyyy,22.061676577754262,29.840800855281792
gamut_005_myy,gamut_014_yycyyy,34.066663550970276,51.17798006358341
gamut_005_myy,gamut_015_ycyyy,34.449637352138915,51.44777541712607
gamut_005_myy,gamut_016_cyyy,35.00963413308474,51.83251797571415
gamut_005_myy,gamut_017_cyy,35.97344375640666,52.96287444923425
gamut_005_myy,gamut_018_cycymy,27.60541635119033,37.61876074517758
gamut_005_myy,gamut_019_cycyy,36.80355756123668,53.981574809094056
gamut_005_myy,gamut_020_cy,37.44682587465688,54.46690779039002
gamut_005_myy,gamut_021_cmycy,27.627264646042303,39.07530084382712
gamut_005_myy,gamut_022_ccycy,37.6223026995301,54.365165122783296
gamut_005_myy,gamut_023_ccy,37.354472647387716,54.308746445796444
gamut_005_myy,gamut_024_cmcycy,31.088436145998436,44.94129556598738
gamut_005_myy,gamut_025_cccy,36.77851119310404,55.50544742199224
gamut_005_myy,gamut_026_cccyc,35.88611050423865,58.00673919749706
gamut_005_myy,gamut_027_cccycc,35.78753763235681,59.649563279120706
gamut_005_myy,gamut_028_c,43.908567015815336,88.48642229338236
gamut_005_myy,gamut_029_cmcy,28.625178219115103,45.17903398993232
gamut_005_myy,gamut_030_ccmcy,30.689478439097932,51.96628726738837
gamut_005_myy,gamut_031_cccmcy,33.30403014315681,56.20407850114758
gamut_005_myy,gamut_032_cccmcc,44.09377663971524,86.20631474394604
gamut_005_myy,gamut_033_cccmc,43.91846275541275,85.4514640049661
gamut_005_myy,gamut_034_cccm,44.11233248354988,85.54411331106425
gamut_005_myy,gamut_035_ccm,43.75181608079713,82.13148189248345
gamut_005_myy,gamut_036_cmcmcy,30.731610193050273,52.657450247589395
gamut_005_myy,gamut_037_ccmcm,43.34476784783924,80.3667972105099
gamut_005_myy,gamut_038_cm,43.088155899499895,79.2129221702397
gamut_005_myy,gamut_039_cmcmy,27.691405258307455,46.87170232385183
gamut_005_myy,gamut_040_cmcmm,42.36439231538121,76.21513160234468
gamut_005_myy,gamut_041_cmm,41.888785189069026,73.68517111877803
gamut_005_myy,gamut_042_cmcmym,31.36778483155614,50.02184999289934
gamut_005_myy,gamut_043_cmmm,41.26378207220471,70.88199094444998
gamut_005_myy,gamut_044_mcmmm,41.0499118988127,69.16999094088503
gamut_005_myy,gamut_045_mmcmmm,40.563019465542645,68.06630212226682
gamut_005_myy,gamut_046_m,37.40033726908044,62.71526572364547
gamut_005_myy,gamut_047_cmym,20.9698947637251,35.95676578384255
gamut_005_myy,gamut_048_cmmym,27.76459579188897,42.404579538964455
gamut_005_myy,gamut_049_cmmmym,30.689919109511386,45.98031386321526
gamut_005_myy,gamut_050_mmmymm,28.226401534517986,41.89824167314202
gamut_005_myy,gamut_051_mmmym,26.218571691597536,38.41677101763441
gamut_005_myy,gamut_052_mmmy,21.893225634540745,31.303500021338543
gamut_005_myy,gamut_053_mmy,16.68954244135527,23.547864265219598
gamut_005_myy,gamut_054_cmymym,16.505260971608077,29.11967755208062
gamut_005_myy,gamut_055_mmymy,12.627460758781053,17.682628283442227
gamut_006_cymymy,gamut_007_myyy,15.085770919163473,24.01574889298251
gamut_006_cymymy,gamut_008_ymyyy,16.02520408560592,25.592036152055748
gamut_006_cymymy,gamut_009_yymyyy,17.789824201595845,28.12793809798351
gamut_006_cymymy,gamut_010_y,35.75654001612629,58.57395035445988
gamut_006_cymymy,gamut_011_cymy,7.9637267035585655,9.004018170209052
gamut_006_cymymy,gamut_012_cymyy,9.462195627961544,12.289245621994198
gamut_006_cymymy,gamut_013_cymyyy,10.29000812282298,14.596303980290797
gamut_006_cymymy,gamut_014_yycyyy,26.755064646934123,43.92065348775893
gamut_006_cymymy,gamut_015_ycyyy,26.078883704614586,42.744008830536096
gamut_006_cymymy,gamut_016_cyyy,25.253901257285133,41.1478744286391
gamut_006_cymymy,gamut_017_cyy,25.509842578335665,40.70673859222696
gamut_006_cymymy,gamut_018_cycymy,15.01415323603442,19.359568564741913
gamut_006_cymymy,gamut_019_cycyy,26.39775007276954,40.87869184099121
gamut_006_cymymy,gamut_020_cy,26.97706690474693,39.8343909528128
gamut_006_cymymy,gamut_021_cmycy,15.909885628966094,18.39404110455466
gamut_006_cymymy,gamut_022_ccycy,27.535884797602115,37.68477811016917
gamut_006_cymymy,gamut_023_ccy,27.362501894951485,36.4192574680752
gamut_006_cymymy,gamut_024_cmcycy,20.558378326411425,24.459718753105918
gamut_006_cymymy,gamut_025_cccy,27.919943617774802,36.42168101519409
gamut_006_cymymy,gamut_026_cccyc,28.96396083841157,39.14716049877865
gamut_006_cymymy,gamut_027_cccycc,29.712356972753483,41.21610601465204
gamut_006_cymymy,gamut_028_c,42.9737462361694,77.24318883810261
gamut_006_cymymy,gamut_029_cmcy,19.029981148289195,25.386239737777476
gamut_006_cymymy,gamut_030_ccmcy,24.15084362807027,33.905726536999374
gamut_006_cymymy,gamut_031_cccmcy,27.356142579498606,38.45930274960172
gamut_006_cymymy,gamut_032_cccmcc,42.64396665050592,75.44263153727563
gamut_006_cymymy,gamut_033_cccmc,42.606121340144476,74.9104985659187
gamut_006_cymymy,gamut_034_cccm,42.920443961782034,75.44388825429672
gamut_006_cymymy,gamut_035_ccm,42.48449814786376,72.38596681632932
gamut_006_cymymy,gamut_036_cmcmcy,26.071238471954143,36.9869199719141
gamut_006_cymymy,gamut_037_ccmcm,42.32710265697311,71.11778378790802
gamut_006_cymymy,gamut_038_cm,42.52825246741404,70.93963686862082
gamut_006_cymymy,gamut_039_cmcmy,24.090913197489687,32.35383902276517
gamut_006_cymymy,gamut_040_cmcmm,42.137002581236764,68.7575963886529
gamut_006_cymymy,gamut_041_cmm,41.714520186721955,66.71867102408797
gamut_006_cymymy,gamut_042_cmcmym,29.824488541956697,38.899684968007165
gamut_006_cymymy,gamut_043_cmmm,41.24797588079904,64.68223731802219
gamut_006_cymymy,gamut_044_mcmmm,41.024387615630566,63.56072141734143
gamut_006_cymymy,gamut_045_mmcmmm,40.905582960809305,63.31366242507063
gamut_006_cymymy,gamut_046_m,40.30467473375488,63.99894592850944
gamut_006_cymymy,gamut_047_cmym,19.31106736323994,23.840527218861425
gamut_006_cymymy,gamut_048_cmmym,27.274688026777405,33.7351013688324
gamut_006_cymymy,gamut_049_cmmmym,30.664804953389076,39.3600342764961
gamut_006_cymymy,gamut_050_mmmymm,32.00766173758755,45.08699659023779
gamut_006_cymymy,gamut_051_mmmym,30.445501661078776,42.452505530007706
gamut_006_cymymy,gamut_052_mmmy,26.969409760323387,36.9960405957714
gamut_006_cymymy,gamut_053_mmy,22.764906912099637,30.545539933923088
gamut_006_cymymy,gamut_054_cmymym,15.375460860497812,18.23440503290015
gamut_006_cymymy,gamut_055_mmymy,19.85914749485527,27.015980342060523
gamut_007_myyy,gamut_008_ymyyy,3.3841180186397186,4.828035216507054
gamut_007_myyy,gamut_009_yymyyy,7.173077419575291,10.28669502435224
gamut_007_myyy,gamut_010_y,29.392534575017606,46.73172974241435
gamut_007_myyy,gamut_011_cymy,20.516609232819313,30.301149089630414
gamut_007_myyy,gamut_012_cymyy,19.90885906681187,28.082441689944346
gamut_007_myyy,gamut_013_cymyyy,19.780701115438582,27.367001679239397
gamut_007_myyy,gamut_014_yycyyy,29.960238296193292,45.87456130266039
gamut_007_myyy,gamut_015_ycyyy,30.45268325460725,46.387226437005424
gamut_007_myyy,gamut_016_cyyy,31.18500604116798,47.148275610002834
gamut_007_myyy,gamut_017_cyy,32.264860155332805,48.62730366149796
gamut_007_myyy,gamut_018_cycymy,25.285677024174763,35.494152108654475
gamut_007_myyy,gamut_019_cycyy,33.13624914278926,49.89340674181008
gamut_007_myyy,gamut_020_cy,33.9306792398548,50.899337749526836
gamut_007_myyy,gamut_021_cmycy,25.781436428721303,38.36045241054607
gamut_007_myyy,gamut_022_ccycy,34.438408015352664,51.788869911790655
gamut_007_myyy,gamut_023_ccy,34.46693586358425,52.434963277938294
gamut_007_myyy,gamut_024_cmcycy,29.25674814774772,44.74345025611065
gamut_007_myyy,gamut_025_cccy,34.57029309023454,55.01470004493042
gamut_007_myyy,gamut_026_cccyc,34.685272823641974,58.85062696702757
gamut_007_myyy,gamut_027_cccycc,35.15518904798143,60.98262913472621
gamut_007_myyy,gamut_028_c,46.2971844192418,92.87828493317105
gamut_007_myyy,gamut_029_cmcy,28.06030501437079,46.862318959018516
gamut_007_myyy,gamut_030_ccmcy,31.022234526915113,54.23558778143262
gamut_007_myyy,gamut_031_cccmcy,34.21359048707426,58.703346891555086
gamut_007_myyy,gamut_032_cccmcc,47.07416122885693,90.96862789072071
gamut_007_myyy,gamut_033_cccmc,46.96443852210121,90.25958304139186
gamut_007_myyy,gamut_034_cccm,47.3238437144016,90.47647477028843
gamut_007_myyy,gamut_035_ccm,47.18513318316455,87.20505082220136
gamut_007_myyy,gamut_036_cmcmcy,32.72688172721913,56.132011619762174
gamut_007_myyy,gamut_037_ccmcm,46.89967748628334,85.529567001575
gamut_007_myyy,gamut_038_cm,46.84137049179793,84.53806805867565
gamut_007_myyy,gamut_039_cmcmy,30.254251743401667,50.642255801847206
gamut_007_myyy,gamut_040_cmcmm,46.27944209695097,81.66613744587214
gamut_007_myyy,gamut_041_cmm,45.92412080522281,79.23104411784996
gamut_007_myyy,gamut_042_cmcmym,34.729158093002155,54.66248210600618
gamut_007_myyy,gamut_043_cmmm,45.43793747486826,76.54872096231826
gamut_007_myyy,gamut_044_mcmmm,45.337028644089585,74.94335682088979
gamut_007_myyy,gamut_045_mmcmmm,44.93327104769062,73.92443790054129
gamut_007_myyy,gamut_046_m,42.13218833874724,68.9719111807727
gamut_007_myyy,gamut_047_cmym,24.102015818625073,40.18319048514756
gamut_007_myyy,gamut_048_cmmym,31.494059405092884,47.46943213932234
gamut_007_myyy,gamut_049_cmmmym,34.69690240385039,51.43969281794034
gamut_007_myyy,gamut_050_mmmymm,32.77576500651725,48.20103181521932
gamut_007_myyy,gamut_051_mmmym,30.749880612457467,44.74191236172199
gamut_007_myyy,gamut_052_mmmy,26.40492138164681,37.67209187264797
gamut_007_myyy,gamut_053_mmy,21.15580892314312,29.908553667765737
gamut_007_myyy,gamut_054_cmymym,19.74419912073619,33.385814135018975
gamut_007_myyy,gamut_055_mmymy,17.109076559987237,24.07170979597358
gamut_008_ymyyy,gamut_009_yymyyy,3.79322871575789,5.464729034678769
gamut_008_ymyyy,gamut_010_y,26.088536786241058,41.99906596381856
gamut_008_ymyyy,gamut_011_cymy,20.322827269446226,30.693365130936172
gamut_008_ymyyy,gamut_012_cymyy,19.04468373187026,27.478631871496653
gamut_008_ymyyy,gamut_013_cymyyy,18.638747226843652,26.24061177607824
gamut_008_ymyyy,gamut_014_yycyyy,26.95235304990501,41.956123387288045
gamut_008_ymyyy,gamut_015_ycyyy,27.553318332647486,42.676961951071945
gamut_008_ymyyy,gamut_016_cyyy,28.451039243995414,43.755880976951374
gamut_008_ymyyy,gamut_017_cyy,29.63100423102484,45.50988818888609
gamut_008_ymyyy,gamut_018_cycymy,23.956414031553575,34.40064074324192
gamut_008_ymyyy,gamut_019_cycyy,30.52563646799658,46.95736248646433
gamut_008_ymyyy,gamut_020_cy,31.43713201300113,48.364195686405914
gamut_008_ymyyy,gamut_021_cmycy,24.7966670644072,38.26889120797092
gamut_008_ymyyy,gamut_022_ccycy,32.20529031711741,50.01536157680507
gamut_008_ymyyy,gamut_023_ccy,32.47893047433977,51.199999023987665
gamut_008_ymyyy,gamut_024_cmcycy,28.21011859239201,44.905152766488435
gamut_008_ymyyy,gamut_025_cccy,33.131702056629926,54.800769256169566
gamut_008_ymyyy,gamut_026_cccyc,34.016175449295325,59.5860677285868
gamut_008_ymyyy,gamut_027_cccycc,34.89087159586722,62.05641242379026
gamut_008_ymyyy,gamut_028_c,48.148015820338046,96.0198982238977
gamut_008_ymyyy,gamut_029_cmcy,28.03296275809814,48.3624596623692
gamut_008_ymyyy,gamut_030_ccmcy,31.52651949181523,56.05457394862875
gamut_008_ymyyy,gamut_031_cccmcy,35.07945025613728,60.651444998804145
gamut_008_ymyyy,gamut_032_cccmcc,49.38291888283828,94.40062258686413
gamut_008_ymyyy,gamut_033_cccmc,49.31799966773991,93.72620393251225
gamut_008_ymyyy,gamut_034_cccm,49.801550972425915,94.03581539085793
gamut_008_ymyyy,gamut_035_ccm,49.83116827828484,90.88016334548234
gamut_008_ymyyy,gamut_036_cmcmcy,34.36269316656793,58.792231282055496
gamut_008_ymyyy,gamut_037_ccmcm,49.62737471733812,89.27272777817453
gamut_008_ymyyy,gamut_038_cm,49.70306892529987,88.40085393416263
gamut_008_ymyyy,gamut_039_cmcmy,32.27574057479122,53.54640231482451
gamut_008_ymyyy,gamut_040_cmcmm,49.24764007099439,85.62594757686242
gamut_008_ymyyy,gamut_041_cmm,48.977204438937875,83.26745528615591
gamut_008_ymyyy,gamut_042_cmcmym,37.27493135918491,58.1342444787897
gamut_008_ymyyy,gamut_043_cmmm,48.58578923159364,80.68068352446171
gamut_008_ymyyy,gamut_044_mcmmm,48.56767744639895,79.16123686726107
gamut_008_ymyyy,gamut_045_mmcmmm,48.21368269619179,78.20391025399645
gamut_008_ymyyy,gamut_046_m,45.60318218524963,73.55098583575875
gamut_008_ymyyy,gamut_047_cmym,26.573495715949985,43.49317083663453
gamut_008_ymyyy,gamut_048_cmmym,34.305685105817155,51.27337104517942
gamut_008_ymyyy,gamut_049_cmmmym,37.69569928366383,55.49129576739061
gamut_008_ymyyy,gamut_050_mmmymm,36.10203497460888,52.83525135301224
gamut_008_ymyyy,gamut_051_mmmym,34.064277733101356,49.39761395414072
gamut_008_ymyyy,gamut_052_mmmy,29.717673535310904,42.37237105447197
gamut_008_ymyyy,gamut_053_mmy,24.45326072923212,34.61524110801358
gamut_008_ymyyy,gamut_054_cmymym,22.38029295379539,36.81329686364128
gamut_008_ymyyy,gamut_055_mmymy,20.433946631004982,28.81381978632068
gamut_009_yymyyy,gamut_010_y,22.373939360783506,36.62829922808363
gamut_009_yymyyy,gamut_011_cymy,20.7564800261912,31.840837812982166
gamut_009_yymyyy,gamut_012_cymyy,18.733040700926033,27.630564700289536
gamut_009_yymyyy,gamut_013_cymyyy,18.014225002557502,25.83985781364463
gamut_009_yymyyy,gamut_014_yycyyy,23.712821383419715,37.63822084893061
gamut_009_yymyyy,gamut_015_ycyyy,24.46578354266491,38.62745269892608
gamut_009_yymyyy,gamut_016_cyyy,25.588026862487705,40.108852174013066
gamut_009_yymyyy,gamut_017_cyy,26.891647385138906,42.189242203269
gamut_009_yymyyy,gamut_018_cycymy,22.935280334649562,33.7555966278681
gamut_009_yymyyy,gamut_019_cycyy,27.802285109670304,43.83823696962065
gamut_009_yymyyy,gamut_020_cy,28.84681030128191,45.71201160373344
gamut_009_yymyyy,gamut_021_cmycy,24.129550794792014,38.65615279412908
gamut_009_yymyyy,gamut_022_ccycy,29.9153908408567,48.244740812397865
gamut_009_yymyyy,gamut_023_ccy,30.482661561255814,50.04622156517721
gamut_009_yymyyy,gamut_024_cmcycy,27.39715777498054,45.44236231692951
gamut_009_yymyyy,gamut_025_cccy,31.77530117068043,54.773948427244044
gamut_009_yymyyy,gamut_026_cccyc,33.51213068160216,60.57246452864935
gamut_009_yymyyy,gamut_027_cccycc,34.81198336090998,63.39541131185192
gamut_009_yymyyy,gamut_028_c,50.295357078672986,99.47942452260828
gamut_009_yymyyy,gamut_029_cmcy,28.372714188568537,50.31224607429248
gamut_009_yymyyy,gamut_030_ccmcy,32.31905236429752,58.25981762053871
gamut_009_yymyyy,gamut_031_cccmcy,36.20767515878004,62.96290203837493
gamut_009_yymyyy,gamut_032_cccmcc,52.03930323851447,98.19235777060895
gamut_009_yymyyy,gamut_033_cccmc,52.020626569958274,97.55718406704655
gamut_009_yymyyy,gamut_034_cccm,52.644366220667216,97.96974743644834
gamut_009_yymyyy,gamut_035_ccm,52.869907455785835,94.95075324835466
gamut_009_yymyyy,gamut_036_cmcmcy,36.30596124375956,61.88022006785757
gamut_009_yymyyy,gamut_037_ccmcm,52.74877274714539,93.4208211509
gamut_009_yymyyy,gamut_038_cm,52.96057983477774,92.68159943189652
gamut_009_yymyyy,gamut_039_cmcmy,34.60681023324687,56.9233795474526
gamut_009_yymyyy,gamut_040_cmcmm,52.610433652634654,90.01793177414045
gamut_009_yymyyy,gamut_041_cmm,52.43213509820943,87.74910270119652
gamut_009_yymyyy,gamut_042_cmcmym,40.14380216838627,62.077685759111766
gamut_009_yymyyy,gamut_043_cmmm,52.139436268433826,85.2728481549412
gamut_009_yymyyy,gamut_044_mcmmm,52.21441202132637,83.85304273931499
gamut_009_yymyyy,gamut_045_mmcmmm,51.903221242519926,82.96379048032065
gamut_009_yymyyy,gamut_046_m,49.424982582276776,78.65052317107292
gamut_009_yymyyy,gamut_047_cmym,29.413183458447385,47.36361798438064
gamut_009_yymyyy,gamut_048_cmmym,37.46286678281031,55.5956484501555
gamut_009_yymyyy,gamut_049_cmmmym,41.05161293837544,60.053775863362176
gamut_009_yymyyy,gamut_050_mmmymm,39.760593446882375,58.015903197764914
gamut_009_yymyyy,gamut_051_mmmym,37.712943827298304,54.60648254318303
gamut_009_yymyyy,gamut_052_mmmy,33.375764061294014,47.640141945637765
gamut_009_yymyyy,gamut_053_mmy,28.10827828950821,39.90025652570774
gamut_009_yymyyy,gamut_054_cmymym,25.44344217576135,40.8664581507656
gamut_009_yymyyy,gamut_055_mmymy,24.129081550540494,34.14711335942426
gamut_010_y,gamut_011_cymy,34.504156811717756,57.293524920667565
gamut_010_y,gamut_012_cymyy,30.995737722379154,51.002652405137766
gamut_010_y,gamut_013_cymyyy,29.66282811953788,48.06096547151906
gamut_010_y,gamut_014_yycyyy,18.528848386644903,30.00769557715146
gamut_010_y,gamut_015_ycyyy,20.388423452008297,33.097799919530466
gamut_010_y,gamut_016_cyyy,22.913190491234964,37.37039611919159
gamut_010_y,gamut_017_cyy,24.524742858527837,40.95682626487573
gamut_010_y,gamut_018_cycymy,31.04205054734156,51.62004577744859
gamut_010_y,gamut_019_cycyy,24.971146618593743,43.188257433107836
gamut_010_y,gamut_020_cy,26.22755557667544,47.38496515196704
gamut_010_y,gamut_021_cmycy,32.7108830988471,58.95816834261673
gamut_010_y,gamut_022_ccycy,28.241150132517387,54.330700113294526
gamut_010_y,gamut_023_ccy,30.14104066865247,59.13582008099225
gamut_010_y,gamut_024_cmcycy,34.04928919920272,64.44899110871371
gamut_010_y,gamut_025_cccy,33.930455184965304,68.67391760224417
gamut_010_y,gamut_026_cccyc,38.61107288736707,78.43872407060314
gamut_010_y,gamut_027_cccycc,41.23600496524015,82.54674629879706
gamut_010_y,gamut_028_c,64.80541811338948,125.81404928681621
gamut_010_y,gamut_029_cmcy,38.83107594734646,74.43480613139683
gamut_010_y,gamut_030_ccmcy,42.82808326399592,82.18635959251449
gamut_010_y,gamut_031_cccmcy,47.31051632257009,86.88058007726828
gamut_010_y,gamut_032_cccmcc,68.81794469104825,126.42410173988013
gamut_010_y,gamut_033_cccmc,68.97570293905872,125.98078881445166
gamut_010_y,gamut_034_cccm,70.19759075061148,126.87931504822278
gamut_010_y,gamut_035_ccm,71.32251447954698,124.67854776794763
gamut_010_y,gamut_036_cmcmcy,50.43485320188446,89.25264113044048
gamut_010_y,gamut_037_ccmcm,71.50485817539385,123.5232475796012
gamut_010_y,gamut_038_cm,72.22315289330916,123.34455378722076
gamut_010_y,gamut_039_cmcmy,50.150226501981436,85.80995255797056
gamut_010_y,gamut_040_cmcmm,72.24047172385214,121.21433085123817
gamut_010_y,gamut_041_cmm,72.48059412305574,119.42768483750126
gamut_010_y,gamut_042_cmcmym,57.56194888106072,92.7193941445677
gamut_010_y,gamut_043_cmmm,72.61569797824352,117.49939797691128
gamut_010_y,gamut_044_mcmmm,73.23751723876948,116.58590532914103
gamut_010_y,gamut_045_mmcmmm,72.94825543516346,115.92765150889998
gamut_010_y,gamut_046_m,70.60140697736497,112.54794904378195
gamut_010_y,gamut_047_cmym,47.47435427632084,78.81985136622714
gamut_010_y,gamut_048_cmmym,56.21459546993991,88.01191106159
gamut_010_y,gamut_049_cmmmym,60.53025773343807,93.07651771049915
gamut_010_y,gamut_050_mmmymm,60.487640916553644,92.66442421633603
gamut_010_y,gamut_051_mmmym,58.48429696440988,89.40822425027895
gamut_010_y,gamut_052_mmmy,54.383798069228725,82.81304511779504
gamut_010_y,gamut_053_mmy,49.3218554434722,75.37189461162949
gamut_010_y,gamut_054_cmymym,44.82481860763308,73.4843141256505
gamut_010_y,gamut_055_mmymy,45.658728794736845,69.92141534550053
gamut_011_cymy,gamut_012_cymyy,3.6148078474637386,6.633566963758319
gamut_011_cymy,gamut_013_cymyyy,5.117556232052679,9.86964148384615
gamut_011_cymy,gamut_014_yycyyy,21.958941441966864,38.50114793998289
gamut_011_cymy,gamut_015_ycyyy,20.824966001668077,36.83172894411677
gamut_011_cymy,gamut_016_cyyy,19.37223543575852,34.56080965377117
gamut_011_cymy,gamut_017_cyy,19.238561932384986,33.53678963037846
gamut_011_cymy,gamut_018_cycymy,7.578951128616939,11.119579590078134
gamut_011_cymy,gamut_019_cycyy,20.073503951456125,33.38507773747176
gamut_011_cymy,gamut_020_cy,20.543158277083236,31.89797223623366
gamut_011_cymy,gamut_021_cmycy,8.483869582635432,10.357493185084415
gamut_011_cymy,gamut_022_ccycy,21.158637971874963,29.501236778957676
gamut_011_cymy,gamut_023_ccy,20.981957474373626,28.344615709528004
gamut_011_cymy,gamut_024_cmcycy,13.56634480404852,17.52185292816976
gamut_011_cymy,gamut_025_cccy,21.98038367662927,29.48904314060021
gamut_011_cymy,gamut_026_cccyc,24.41314063714397,34.13994709263631
gamut_011_cymy,gamut_027_cccycc,26.16929595853221,37.01045918592846
gamut_011_cymy,gamut_028_c,46.21957243361753,78.14419253025683
gamut_011_cymy,gamut_029_cmcy,14.388712280947692,22.358857357105304
gamut_011_cymy,gamut_030_ccmcy,21.98672088373392,31.73301062905899
gamut_011_cymy,gamut_031_cccmcy,26.189967515110187,36.4451741325478
gamut_011_cymy,gamut_032_cccmcc,46.51192852644704,77.0365189331624
gamut_011_cymy,gamut_033_cccmc,46.571254804659134,76.63288144607674
gamut_011_cymy,gamut_034_cccm,47.110192322091265,77.43333564432413
gamut_011_cymy,gamut_035_ccm,46.89253398516361,74.75205373498297
gamut_011_cymy,gamut_036_cmcmcy,28.274514484091902,37.284916199781534
gamut_011_cymy,gamut_037_ccmcm,46.90245208341133,73.7574189621689
gamut_011_cymy,gamut_038_cm,47.39464929488603,74.02994675395786
gamut_011_cymy,gamut_039_cmcmy,27.847191627176258,33.90603448496368
gamut_011_cymy,gamut_040_cmcmm,47.20719525862241,72.2691966655635
gamut_011_cymy,gamut_041_cmm,46.906900202367396,70.54317948024263
gamut_011_cymy,gamut_042_cmcmym,34.69545632955926,41.97070301007661
gamut_011_cymy,gamut_043_cmmm,46.59981236914448,68.91591413373922
gamut_011_cymy,gamut_044_mcmmm,46.49840521887024,68.12512517188316
gamut_011_cymy,gamut_045_mmcmmm,46.51705694778271,68.17484535597848
gamut_011_cymy,gamut_046_m,46.69265583691339,70.55550028770558
gamut_011_cymy,gamut_047_cmym,25.429055840580336,28.048042890256706
gamut_011_cymy,gamut_048_cmmym,33.10535256615477,38.475086316102924
gamut_011_cymy,gamut_049_cmmmym,36.40097593255053,44.52751533541457
gamut_011_cymy,gamut_050_mmmymm,38.647659442893016,52.56735655684887
gamut_011_cymy,gamut_051_mmmym,37.22401954913355,50.171983607247135
gamut_011_cymy,gamut_052_mmmy,34.05562244346919,45.1718066495046
gamut_011_cymy,gamut_053_mmy,30.13042352790706,39.070742074238275
gamut_011_cymy,gamut_054_cmymym,22.37243800933496,24.144193935477507
gamut_011_cymy,gamut_055_mmymy,27.41977975699966,35.790750873648065
gamut_012_cymyy,gamut_013_cymyyy,1.524520978342811,3.2571189456416123
gamut_012_cymyy,gamut_014_yycyyy,18.4928068480079,32.38090185173346
gamut_012_cymyy,gamut_015_ycyyy,17.530475006067512,30.91682498670512
gamut_012_cymyy,gamut_016_cyyy,16.377057757899614,29.034892284414276
gamut_012_cymyy,gamut_017_cyy,16.508910122356156,28.520054788034994
gamut_012_cymyy,gamut_018_cycymy,5.903640058200896,8.167841563981264
gamut_012_cymyy,gamut_019_cycyy,17.468899444883412,28.81146303146279
gamut_012_cymyy,gamut_020_cy,18.210897812578132,28.215715138314284
gamut_012_cymyy,gamut_021_cmycy,8.215129940796079,12.803596288123902
gamut_012_cymyy,gamut_022_ccycy,19.288398335523432,27.671965896285187
gamut_012_cymyy,gamut_023_ccy,19.529145977785536,27.910688775753037
gamut_012_cymyy,gamut_024_cmcycy,13.504156873944664,20.6999918787211
gamut_012_cymyy,gamut_025_cccy,21.350292920215555,31.615496947462578
gamut_012_cymyy,gamut_026_cccyc,24.795201452028937,38.08154204814213
gamut_012_cymyy,gamut_027_cccycc,27.036794709068175,41.43533754727485
gamut_012_cymyy,gamut_028_c,49.09779066064067,84.03392439017449
gamut_012_cymyy,gamut_029_cmcy,16.1671591240296,27.960889807316317
gamut_012_cymyy,gamut_030_ccmcy,23.86013886747205,37.293687914540634
gamut_012_cymyy,gamut_031_cccmcy,28.412918127384383,42.08545625100883
gamut_012_cymyy,gamut_032_cccmcc,49.8699399114347,83.16367368228408
gamut_012_cymyy,gamut_033_cccmc,49.95412944150131,82.76052651304411
gamut_012_cymyy,gamut_034_cccm,50.600476941689244,83.58665435819239
gamut_012_cymyy,gamut_035_ccm,50.515686536653334,80.95845575614153
gamut_012_cymyy,gamut_036_cmcmcy,30.852799638104752,43.42235271242042
gamut_012_cymyy,gamut_037_ccmcm,50.56364473787055,79.9473227165244
gamut_012_cymyy,gamut_038_cm,51.13063188022271,80.17446256359479
gamut_012_cymyy,gamut_039_cmcmy,30.43579872717725,40.06005216629857
gamut_012_cymyy,gamut_040_cmcmm,50.97877970706901,78.36031292267793
gamut_012_cymyy,gamut_041_cmm,50.71973932980148,76.60975999267654
gamut_012_cymyy,gamut_042_cmcmym,37.40042653955916,48.06345328368968
gamut_012_cymyy,gamut_043_cmmm,50.4464492926937,74.92221266588082
gamut_012_cymyy,gamut_044_mcmmm,50.39698249910089,74.09126024945205
gamut_012_cymyy,gamut_045_mmcmmm,50.41048110995112,74.04283233598514
gamut_012_cymyy,gamut_046_m,50.42753220138896,75.59997215257626
gamut_012_cymyy,gamut_047_cmym,27.45529535480032,33.86901865315551
gamut_012_cymyy,gamut_048_cmmym,35.59871092069078,44.273193983743354
gamut_012_cymyy,gamut_049_cmmmym,39.30295678526202,50.241316926133784
gamut_012_cymyy,gamut_050_mmmymm,41.695830891029075,56.94361832293309
gamut_012_cymyy,gamut_051_mmmym,40.11434428230395,54.321765805234996
gamut_012_cymyy,gamut_052_mmmy,36.623182581784484,48.82552465579653
gamut_012_cymyy,gamut_053_mmy,32.264664327060046,42.14884600435501
gamut_012_cymyy,gamut_054_cmymym,24.10946401737008,29.423165810831996
gamut_012_cymyy,gamut_055_mmymy,29.22383511089366,38.16583429625884
gamut_013_cymyyy,gamut_014_yycyyy,17.244563823634056,29.648311334589582
gamut_013_cymyyy,gamut_015_ycyyy,16.367612634247298,28.33524661474494
gamut_013_cymyyy,gamut_016_cyyy,15.3720933765874,26.73419724393332
gamut_013_cymyyy,gamut_017_cyy,15.656732788570196,26.577409337300463
gamut_013_cymyyy,gamut_018_cycymy,5.983291642692998,8.705182102423537
gamut_013_cymyyy,gamut_019_cycyy,16.69478444159853,27.17273217623812
gamut_013_cymyyy,gamut_020_cy,17.591954172666355,27.161972053451773
gamut_013_cymyyy,gamut_021_cmycy,8.820796711499748,15.222441090473462
gamut_013_cymyyy,gamut_022_ccycy,18.91747577040714,27.70819033246204
gamut_013_cymyyy,gamut_023_ccy,19.35907994071286,28.654823966912428
gamut_013_cymyyy,gamut_024_cmcycy,14.024797844837488,23.09264942098265
gamut_013_cymyyy,gamut_025_cccy,21.527740965657813,33.447660921423264
gamut_013_cymyyy,gamut_026_cccyc,25.31739215309251,40.56979515405684
gamut_013_cymyyy,gamut_027_cccycc,27.7174732067893,44.08473252260017
gamut_013_cymyyy,gamut_028_c,50.40121475795956,87.11123826219385
gamut_013_cymyyy,gamut_029_cmcy,17.223791318039506,31.030700601208864
gamut_013_cymyyy,gamut_030_ccmcy,24.881552793894013,40.32820042503447
gamut_013_cymyyy,gamut_031_cccmcy,29.550520958649216,45.134771755652686
gamut_013_cymyyy,gamut_032_cccmcc,51.34312051295071,86.30219722775207
gamut_013_cymyyy,gamut_033_cccmc,51.43716043690232,85.89577758085109
gamut_013_cymyyy,gamut_034_cccm,52.12314695517897,86.72207005554161
gamut_013_cymyyy,gamut_035_ccm,52.085623544943005,84.09734189311601
gamut_013_cymyyy,gamut_036_cmcmcy,31.97167120138094,46.5935419671561
gamut_013_cymyyy,gamut_037_ccmcm,52.14952470547603,83.07122375092544
gamut_013_cymyyy,gamut_038_cm,52.74771631674325,83.26634032871497
gamut_013_cymyyy,gamut_039_cmcmy,31.50169151379088,43.20740189499533
gamut_013_cymyyy,gamut_040_cmcmm,52.61186766218526,81.41663715567029
gamut_013_cymyyy,gamut_041_cmm,52.36826792494666,79.64245248005324
gamut_013_cymyyy,gamut_042_cmcmym,38.5837294378962,51.14146978523315
gamut_013_cymyyy,gamut_043_cmmm,52.108135018317114,77.91364906027049
gamut_013_cymyyy,gamut_044_mcmmm,52.07636452430125,77.04939727689133
gamut_013_cymyyy,gamut_045_mmcmmm,52.08998482197888,76.95247586142928
gamut_013_cymyyy,gamut_046_m,52.05286233114534,78.11208585095645
gamut_013_cymyyy,gamut_047_cmym,28.26506733354443,36.82430724089236
gamut_013_cymyyy,gamut_048_cmmym,36.700882860330324,47.18402189534441
gamut_013_cymyyy,gamut_049_cmmmym,40.59984965708024,53.09575977270801
gamut_013_cymyyy,gamut_050_mmmymm,43.04210699739381,59.16324484090109
gamut_013_cymyyy,gamut_051_mmmym,41.39552746278198,56.44223919244759
gamut_013_cymyyy,gamut_052_mmmy,37.76878390993229,50.73068945284624
gamut_013_cymyyy,gamut_053_mmy,33.23472659150561,43.82402974089564
gamut_013_cymyyy,gamut_054_cmymym,24.866946418825776,32.145068466714825
gamut_013_cymyyy,gamut_055_mmymy,30.057334059521537,39.544996308998556
gamut_014_yycyyy,gamut_015_ycyyy,1.9179146719670144,3.186904086452417
gamut_014_yycyyy,gamut_016_cyyy,4.554353540144928,7.654626300753827
gamut_014_yycyyy,gamut_017_cyy,6.341065570756532,11.546611105367948
gamut_014_yycyyy,gamut_018_cycymy,15.854547834337765,28.991755614825376
gamut_014_yycyyy,gamut_019_cycyy,7.1819313062120775,14.335831181302295
gamut_014_yycyyy,gamut_020_cy,9.16807746161158,19.56392769578803
gamut_014_yycyyy,gamut_021_cmycy,17.980226899276648,37.197446411066466
gamut_014_yycyyy,gamut_022_ccycy,12.608463420504735,28.45245330442703
gamut_014_yycyyy,gamut_023_ccy,15.15220509231082,34.182547396778155
gamut_014_yycyyy,gamut_024_cmcycy,19.435876461114482,42.17770781851215
gamut_014_yycyyy,gamut_025_cccy,20.644225696671075,45.5125765547344
gamut_014_yycyyy,gamut_026_cccyc,27.559835078839384,56.948238809096274
gamut_014_yycyyy,gamut_027_cccycc,31.28966217889457,61.665893518529685
gamut_014_yycyyy,gamut_028_c,59.882378049264105,110.08895147404255
gamut_014_yycyyy,gamut_029_cmcy,26.330739008604755,54.561192269405396
gamut_014_yycyyy,gamut_030_ccmcy,32.6626153106572,62.82321863917795
gamut_014_yycyyy,gamut_031_cccmcy,37.79339378294895,67.37490890341732
gamut_014_yycyyy,gamut_032_cccmcc,60.18313249942958,110.86655371873643
gamut_014_yycyyy,gamut_033_cccmc,59.84451616048871,110.6069049918635
gamut_014_yycyyy,gamut_034_cccm,59.92546337701429,111.7950249965064
gamut_014_yycyyy,gamut_035_ccm,67.3364206178942,109.83843946482547
gamut_014_yycyyy,gamut_036_cmcmcy,41.09886730484028,71.67890043930312
gamut_014_yycyyy,gamut_037_ccmcm,67.5893006234086,109.0792997618782
gamut_014_yycyyy,gamut_038_cm,68.54179781528397,109.62616995884865
gamut_014_yycyyy,gamut_039_cmcmy,42.748488339264874,69.50960844410903
gamut_014_yycyyy,gamut_040_cmcmm,68.62117692357928,108.12267289675417
gamut_014_yycyyy,gamut_041_cmm,68.64861934803844,106.68060602145381
gamut_014_yycyyy,gamut_042_cmcmym,51.779818298335314,78.17189285474839
gamut_014_yycyyy,gamut_043_cmmm,68.66241868394174,105.28921272518906
gamut_014_yycyyy,gamut_044_mcmmm,68.9848360354932,104.73965998109966
gamut_014_yycyyy,gamut_045_mmcmmm,69.04976351679026,104.69658247650544
gamut_014_yycyyy,gamut_046_m,69.00614322156564,105.57166886705454
gamut_014_yycyyy,gamut_047_cmym,41.30424152985957,64.83051178253665
gamut_014_yycyyy,gamut_048_cmmym,50.93973454075701,75.20133020220416
gamut_014_yycyyy,gamut_049_cmmmym,55.795103854967635,81.1862932623957
gamut_014_yycyyy,gamut_050_mmmymm,59.14094342189147,86.47886167208301
gamut_014_yycyyy,gamut_051_mmmym,57.36297787662067,83.60834058561245
gamut_014_yycyyy,gamut_052_mmmy,53.54916740208662,77.59554994121211
gamut_014_yycyyy,gamut_053_mmy,48.56709844451674,70.315755955788
gamut_014_yycyyy,gamut_054_cmymym,39.14708798777279,60.693173758349374
gamut_014_yycyyy,gamut_055_mmymy,45.053144830281575,65.42144862777033
gamut_015_ycyyy,gamut_016_cyyy,2.6398770098939197,4.474856827561052
gamut_015_ycyyy,gamut_017_cyy,4.464946682783625,8.404776943900778
gamut_015_ycyyy,gamut_018_cycymy,14.446749492417762,26.90342838383116
gamut_015_ycyyy,gamut_019_cycyy,5.444311761851432,11.301053905847532
gamut_015_ycyyy,gamut_020_cy,7.57703408080105,16.644215146261182
gamut_015_ycyyy,gamut_021_cmycy,16.55728330832205,35.009781138932595
gamut_015_ycyyy,gamut_022_ccycy,11.210036928120818,25.71228975965856
gamut_015_ycyyy,gamut_023_ccy,13.777887167025014,31.499724048213917
gamut_015_ycyyy,gamut_024_cmcycy,17.98021815088261,39.80155422121558
gamut_015_ycyyy,gamut_025_cccy,19.401987876409233,42.955883208250846
gamut_015_ycyyy,gamut_026_cccyc,26.510174760052156,54.51344888753751
gamut_015_ycyyy,gamut_027_cccycc,30.33127256330703,59.27457880533322
gamut_015_ycyyy,gamut_028_c,58.658449740432374,108.07971071530062
gamut_015_ycyyy,gamut_029_cmcy,25.078727264470228,52.38914440830731
gamut_015_ycyyy,gamut_030_ccmcy,31.647286932699963,60.62840820047559
gamut_015_ycyyy,gamut_031_cccmcy,36.77801463896598,65.13096382115509
gamut_015_ycyyy,gamut_032_cccmcc,58.81857442038272,108.88805722851309
gamut_015_ycyyy,gamut_033_cccmc,58.48796977429471,108.65006061436202
gamut_015_ycyyy,gamut_034_cccm,58.54723964116334,109.86966538737228
gamut_015_ycyyy,gamut_035_ccm,57.64873393298271,107.95472067512546
gamut_015_ycyyy,gamut_036_cmcmcy,39.95840868249949,69.65899165137297
gamut_015_ycyyy,gamut_037_ccmcm,67.01118498313627,107.24412421668552
gamut_015_ycyyy,gamut_038_cm,67.98113818966794,107.8724351639594
gamut_015_ycyyy,gamut_039_cmcmy,42.01920851739734,67.6700878585665
gamut_015_ycyyy,gamut_040_cmcmm,68.06571426055467,106.44807258433912
gamut_015_ycyyy,gamut_041_cmm,68.06757872271503,105.05601950226212
gamut_015_ycyyy,gamut_042_cmcmym,51.13883006862391,76.48732996101118
gamut_015_ycyyy,gamut_043_cmmm,68.07088929789718,103.73704330789688
gamut_015_ycyyy,gamut_044_mcmmm,68.36700002474142,103.23896527871673
gamut_015_ycyyy,gamut_045_mmcmmm,68.47129871440275,103.26592485507113
gamut_015_ycyyy,gamut_046_m,68.74522800598682,104.61824812192485
gamut_015_ycyyy,gamut_047_cmym,40.78639876414887,63.34623324693428
gamut_015_ycyyy,gamut_048_cmmym,50.397018814740804,73.76679863654819
gamut_015_ycyyy,gamut_049_cmmmym,55.25870642100733,79.81888731390431
gamut_015_ycyyy,gamut_050_mmmymm,59.02647206094152,85.7434512121705
gamut_015_ycyyy,gamut_051_mmmym,57.295822186036474,82.94230595852187
gamut_015_ycyyy,gamut_052_mmmy,53.55696769865802,77.05817811015183
gamut_015_ycyyy,gamut_053_mmy,48.63625984242696,69.87978593521682
gamut_015_ycyyy,gamut_054_cmymym,38.71431248371176,59.426747419010454
gamut_015_ycyyy,gamut_055_mmymy,45.17811322808303,65.12033568131326
gamut_016_cyyy,gamut_017_cyy,1.9740532497756873,4.0506380000180275
gamut_016_cyyy,gamut_018_cycymy,12.627322351602896,24.102603694326532
gamut_016_cyyy,gamut_019_cycyy,3.334519524508839,7.177172300451379
gamut_016_cyyy,gamut_020_cy,5.649885857765352,12.626553530455181
gamut_016_cyyy,gamut_021_cmycy,14.657395482801295,31.935724444169058
gamut_016_cyyy,gamut_022_ccycy,9.477571988170418,21.87334723170727
gamut_016_cyyy,gamut_023_ccy,12.010210803540062,27.698268161545997
gamut_016_cyyy,gamut_024_cmcycy,15.999233531476593,36.39912278519816
gamut_016_cyyy,gamut_025_cccy,17.74868429858946,39.2811450358354
gamut_016_cyyy,gamut_026_cccyc,25.07783814971408,50.97528111843881
gamut_016_cyyy,gamut_027_cccycc,29.00474211441962,55.7861078720162
gamut_016_cyyy,gamut_028_c,56.86153811292972,105.05263699327796
gamut_016_cyyy,gamut_029_cmcy,23.363566879358636,49.23652701485287
gamut_016_cyyy,gamut_030_ccmcy,30.232413291504667,57.41378582180187
gamut_016_cyyy,gamut_031_cccmcy,35.32827540478335,61.836786826758164
gamut_016_cyyy,gamut_032_cccmcc,56.8416594743458,105.90462550260243
gamut_016_cyyy,gamut_033_cccmc,56.52654540197958,105.69673988927138
gamut_016_cyyy,gamut_034_cccm,56.56671944736532,106.95932671523354
gamut_016_cyyy,gamut_035_ccm,55.653691278806846,105.10578615229866
gamut_016_cyyy,gamut_036_cmcmcy,38.35486943414372,66.67605445950124
gamut_016_cyyy,gamut_037_ccmcm,54.8743077128856,104.4635832744371
gamut_016_cyyy,gamut_038_cm,67.10953305114924,105.20482298008827
gamut_016_cyyy,gamut_039_cmcmy,41.019636554797316,64.95083410473406
gamut_016_cyyy,gamut_040_cmcmm,67.20154336248821,103.8930431175775
gamut_016_cyyy,gamut_041_cmm,67.17890386878514,102.57406356908677
gamut_016_cyyy,gamut_042_cmcmym,50.21910827510598,73.96850046097731
gamut_016_cyyy,gamut_043_cmmm,67.17703087583317,101.35978951438393
gamut_016_cyyy,gamut_044_mcmmm,67.45204049293973,100.93695489519841
gamut_016_cyyy,gamut_045_mmcmmm,67.60373973653859,101.06193975316074
gamut_016_cyyy,gamut_046_m,68.28161065925879,103.0819934155227
gamut_016_cyyy,gamut_047_cmym,40.109248776517674,61.157134529977554
gamut_016_cyyy,gamut_048_cmmym,49.639260544310574,71.61605648647878
gamut_016_cyyy,gamut_049_cmmmym,54.491073592992485,77.74900247400626
gamut_016_cyyy,gamut_050_mmmymm,58.80629113715571,84.55520927266004
gamut_016_cyyy,gamut_051_mmmym,57.14784637994293,81.86008314505851
gamut_016_cyyy,gamut_052_mmmy,53.526401744576916,76.1776755536333
gamut_016_cyyy,gamut_053_mmy,48.70780878921527,69.16948981494687
gamut_016_cyyy,gamut_054_cmymym,38.15708694691856,57.573263815832874
gamut_016_cyyy,gamut_055_mmymy,45.33881348736802,64.62330002519396
gamut_017_cyy,gamut_018_cycymy,12.197713287221953,22.665543522913357
gamut_017_cyy,gamut_019_cycyy,1.6160416808571016,3.2661416216292247
gamut_017_cyy,gamut_020_cy,3.9191066344376804,8.767971874818398
gamut_017_cyy,gamut_021_cmycy,13.872882747368935,29.84624943704865
gamut_017_cyy,gamut_022_ccycy,7.837622505936443,18.22108994594491
gamut_017_cyy,gamut_023_ccy,10.38683970151317,24.142315566583
gamut_017_cyy,gamut_024_cmcycy,14.787915674630778,33.70776477560787
gamut_017_cyy,gamut_025_cccy,16.27815350403574,35.906459970693334
gamut_017_cyy,gamut_026_cccyc,23.849358337430417,47.776135344579544
gamut_017_cyy,gamut_027_cccycc,27.87710668547604,52.64483041778235
gamut_017_cyy,gamut_028_c,55.140230236910035,102.37282686661983
gamut_017_cyy,gamut_029_cmcy,22.426291518671302,46.79721745794928
gamut_017_cyy,gamut_030_ccmcy,29.294167390128948,54.76489231319156
gamut_017_cyy,gamut_031_cccmcy,34.285953262267036,59.0775816793602
gamut_017_cyy,gamut_032_cccmcc,55.14709634525555,103.37350056069116
gamut_017_cyy,gamut_033_cccmc,54.855704396253664,103.20107557570118
gamut_017_cyy,gamut_034_cccm,54.9200920480565,104.523949487382
gamut_017_cyy,gamut_035_ccm,54.09723030094011,102.77980106669436
gamut_017_cyy,gamut_036_cmcmcy,37.295596873200914,64.32958733523343
gamut_017_cyy,gamut_037_ccmcm,53.39015221586615,102.21738449249925
gamut_017_cyy,gamut_038_cm,66.73744540243041,103.08146107812328
gamut_017_cyy,gamut_039_cmcmy,40.64670831836109,62.92550331522548
gamut_017_cyy,gamut_040_cmcmm,66.84285834668529,101.89978409695591
gamut_017_cyy,gamut_041_cmm,66.82483848164132,100.67914363261958
gamut_017_cyy,gamut_042_cmcmym,49.88207458277572,72.12956689185529
gamut_017_cyy,gamut_043_cmmm,66.84245012620039,99.59408049079683
gamut_017_cyy,gamut_044_mcmmm,67.13303478558852,99.27392788377287
gamut_017_cyy,gamut_045_mmcmmm,67.3198063096327,99.49420048002672
gamut_017_cyy,gamut_046_m,68.28851055449434,102.14455608046732
gamut_017_cyy,gamut_047_cmym,40.16991082341023,59.77608152298344
gamut_017_cyy,gamut_048_cmmym,49.54643202730381,70.21764872728838
gamut_017_cyy,gamut_049_cmmmym,54.36717152346201,76.41123813522752
gamut_017_cyy,gamut_050_mmmymm,59.086869896314795,84.03677720498621
gamut_017_cyy,gamut_051_mmmym,57.49958571396134,81.45708623657495
gamut_017_cyy,gamut_052_mmmy,54.00673665763158,76.00602527210054
gamut_017_cyy,gamut_053_mmy,49.29599401285602,69.20222859704306
gamut_017_cyy,gamut_054_cmymym,38.379147914126186,56.599250352229255
gamut_017_cyy,gamut_055_mmymy,46.014337289187466,64.8919106199321
gamut_018_cycymy,gamut_019_cycyy,12.932365999755932,22.362469444172344
gamut_018_cycymy,gamut_020_cy,13.371272493918026,20.97423803459515
gamut_018_cycymy,gamut_021_cmycy,4.4049167838944205,9.496269160161084
gamut_018_cycymy,gamut_022_ccycy,14.320928315912022,20.034426276328155
gamut_018_cycymy,gamut_023_ccy,14.582807163787756,20.615918286733784
gamut_018_cycymy,gamut_024_cmcycy,9.34093964357978,16.723273690049634
gamut_018_cycymy,gamut_025_cccy,17.030463994579492,26.025521012018647
gamut_018_cycymy,gamut_026_cccyc,21.823449298198604,34.3827010771931
gamut_018_cycymy,gamut_027_cccycc,24.801747980588843,38.36756925098144
gamut_018_cycymy,gamut_028_c,50.37731154999787,84.4133742405361
gamut_018_cycymy,gamut_029_cmcy,14.838810773831813,27.269561530618773
gamut_018_cycymy,gamut_030_ccmcy,23.090921649762603,36.425390260467445
gamut_018_cycymy,gamut_031_cccmcy,27.896628870675844,41.095120748565336
gamut_018_cycymy,gamut_032_cccmcc,49.45490236043583,84.19895066898017
gamut_018_cycymy,gamut_033_cccmc,49.175866442927855,83.90658918133448
gamut_018_cycymy,gamut_034_cccm,49.125993051991166,84.95619034199036
gamut_018_cycymy,gamut_035_ccm,53.822895460436804,82.69189095970181
gamut_018_cycymy,gamut_036_cmcmcy,30.715522076028392,44.282366723894434
gamut_018_cycymy,gamut_037_ccmcm,53.951873520412875,81.91589445579501
gamut_018_cycymy,gamut_038_cm,54.683652583037556,82.5086706418105
gamut_018_cycymy,gamut_039_cmcmy,33.126744011629796,41.997515256652356
gamut_018_cycymy,gamut_040_cmcmm,54.63136193656126,81.05641583504128
gamut_018_cycymy,gamut_041_cmm,54.441747388041655,79.58767776273652
gamut_018_cycymy,gamut_042_cmcmym,40.55869699357775,50.8577983914569
gamut_018_cycymy,gamut_043_cmmm,54.26988820198163,78.25614444202157
gamut_018_cycymy,gamut_044_mcmmm,54.32128301461665,77.71732815620986
gamut_018_cycymy,gamut_045_mmcmmm,54.43059559883861,77.90161643652333
gamut_018_cycymy,gamut_046_m,55.09087533257104,80.80859410619281
gamut_018_cycymy,gamut_047_cmym,31.757109364705503,37.87824797136897
gamut_018_cycymy,gamut_048_cmmym,39.555881148355084,48.375848705898264
gamut_018_cycymy,gamut_049_cmmmym,43.28111731975916,54.565009089989225
gamut_018_cycymy,gamut_050_mmmymm,46.70531839801709,62.99756533443599
gamut_018_cycymy,gamut_051_mmmym,45.26121816920749,60.5890740922319
gamut_018_cycymy,gamut_052_mmmy,42.0562252781833,55.51830038841242
gamut_018_cycymy,gamut_053_mmy,37.91675735222246,49.200359531822684
gamut_018_cycymy,gamut_054_cmymym,29.028159658572235,34.639192589748845
gamut_018_cycymy,gamut_055_mmymy,35.05918059807186,45.56052458577663
gamut_019_cycyy,gamut_020_cy,2.3934734355223597,5.630367873184896
gamut_019_cycyy,gamut_021_cmycy,14.155315188513434,28.72594925348209
gamut_019_cycyy,gamut_022_ccycy,6.428610802005721,15.27565046320591
gamut_019_cycyy,gamut_023_ccy,9.11441679436676,21.329036123503762
gamut_019_cycyy,gamut_024_cmcycy,14.482126681445623,31.914624432015692
gamut_019_cycyy,gamut_025_cccy,15.201940127133746,33.264747216595104
gamut_019_cycyy,gamut_026_cccyc,22.984990100894695,45.28487159087212
gamut_019_cycyy,gamut_027_cccycc,27.082606449206512,50.199282235241554
gamut_019_cycyy,gamut_028_c,53.828845490320674,100.24145167794116
gamut_019_cycyy,gamut_029_cmcy,22.30401252866425,45.16590880657378
gamut_019_cycyy,gamut_030_ccmcy,28.89291540130286,52.84918135190959
gamut_019_cycyy,gamut_031_cccmcy,33.748650677601155,57.06089688530813
gamut_019_cycyy,gamut_032_cccmcc,54.045340637344374,101.43874219345138
gamut_019_cycyy,gamut_033_cccmc,53.778732660997576,101.29539191695363
gamut_019_cycyy,gamut_034_cccm,53.896375398692896,102.67570682801946
gamut_019_cycyy,gamut_035_ccm,53.22131963952695,101.05105412115121
gamut_019_cycyy,gamut_036_cmcmcy,36.87909078906463,62.68689825116616
gamut_019_cycyy,gamut_037_ccmcm,52.583769580733,100.55433689535559
gamut_019_cycyy,gamut_038_cm,52.03520200047003,101.51335090422097
gamut_019_cycyy,gamut_039_cmcmy,40.7592069032674,61.55677859374933
gamut_019_cycyy,gamut_040_cmcmm,66.78712811161766,100.43907082379938
gamut_019_cycyy,gamut_041_cmm,66.79302232540563,99.31116655199637
gamut_019_cycyy,gamut_042_cmcmym,49.95076947218464,70.88019056514074
gamut_019_cycyy,gamut_043_cmmm,66.84196132958544,98.34052040536587
gamut_019_cycyy,gamut_044_mcmmm,67.16959270116594,98.11932362375049
gamut_019_cycyy,gamut_045_mmcmmm,67.37142529082351,98.40550229258913
gamut_019_cycyy,gamut_046_m,68.46106909997219,101.48401508919657
gamut_019_cycyy,gamut_047_cmym,40.66012700722017,58.96634072645225
gamut_019_cycyy,gamut_048_cmmym,49.84610920786036,69.34858154464656
gamut_019_cycyy,gamut_049_cmmmym,54.61262612575066,75.56973751004006
gamut_019_cycyy,gamut_050_mmmymm,59.49204473497628,83.74603875542932
gamut_019_cycyy,gamut_051_mmmym,57.955671454890314,81.26040963631979
gamut_019_cycyy,gamut_052_mmmy,54.566321249604705,76.00779623803206
gamut_019_cycyy,gamut_053_mmy,49.94124563209045,69.3847634575709
gamut_019_cycyy,gamut_054_cmymym,39.004946858217906,56.14648905157179
gamut_019_cycyy,gamut_055_mmymy,46.72261878189097,65.27121108626355
gamut_020_cy,gamut_021_cmycy,13.90158482651421,25.71497561582009
gamut_020_cy,gamut_022_ccycy,4.1006468557329105,9.74624998687606
gamut_020_cy,gamut_023_ccy,6.877320109273108,15.886088384177173
gamut_020_cy,gamut_024_cmcycy,13.38101586890779,27.76195183077485
gamut_020_cy,gamut_025_cccy,13.15051183748323,27.95245396021325
gamut_020_cy,gamut_026_cccyc,21.170805232654004,40.107396296702326
gamut_020_cy,gamut_027_cccycc,25.331771313718317,45.06374514084994
gamut_020_cy,gamut_028_c,51.25113903660579,95.43507561712316
gamut_020_cy,gamut_029_cmcy,21.442849812345145,41.132174484279915
gamut_020_cy,gamut_030_ccmcy,27.629323252866183,48.37608310265226
gamut_020_cy,gamut_031_cccmcy,32.229343729077485,52.43318120924757
gamut_020_cy,gamut_032_cccmcc,51.73174449779188,96.86033779317164
gamut_020_cy,gamut_033_cccmc,51.50921544567832,96.7558651549889
gamut_020_cy,gamut_034_cccm,51.70490399390318,98.20915869858933
gamut_020_cy,gamut_035_ccm,51.23917804497187,96.74097057926353
gamut_020_cy,gamut_036_cmcmcy,35.61901198459625,58.56010516547213
gamut_020_cy,gamut_037_ccmcm,50.716842707555905,96.33644041078679
gamut_020_cy,gamut_038_cm,50.32408773438703,97.43027708966503
gamut_020_cy,gamut_039_cmcmy,40.340643032829625,57.841374043486624
gamut_020_cy,gamut_040_cmcmm,49.4911595534044,96.51235442422285
gamut_020_cy,gamut_041_cmm,65.70156541519319,95.51804019979852
gamut_020_cy,gamut_042_cmcmym,49.28194839017097,67.31719211894395
gamut_020_cy,gamut_043_cmmm,65.79598388871976,94.71637553641483
gamut_020_cy,gamut_044_mcmmm,66.1706532549179,94.63950215003598
gamut_020_cy,gamut_045_mmcmmm,66.4000798046624,95.02993580136616
gamut_020_cy,gamut_046_m,67.71814751165307,98.81303990557602
gamut_020_cy,gamut_047_cmym,40.775050195410515,56.137702093478026
gamut_020_cy,gamut_048_cmmym,49.519756923098335,66.38097856164335
gamut_020_cy,gamut_049_cmmmym,54.11433505764217,72.62659597140568
gamut_020_cy,gamut_050_mmmymm,59.198741633532734,81.72312274589292
gamut_020_cy,gamut_051_mmmym,57.75570391898802,79.40557072061978
gamut_020_cy,gamut_052_mmmy,54.55008266197069,74.50859237490216
gamut_020_cy,gamut_053_mmy,50.0975577810915,68.2260488271926
gamut_020_cy,gamut_054_cmymym,39.24615866609286,53.918011377423035
gamut_020_cy,gamut_055_mmymy,47.005043024479775,64.47971630291073
gamut_021_cmycy,gamut_022_ccycy,13.6493577247318,20.91937214086204
gamut_021_cmycy,gamut_023_ccy,13.133186125587315,18.595587388577737
gamut_021_cmycy,gamut_024_cmcycy,5.501234890912931,7.968759687001587
gamut_021_cmycy,gamut_025_cccy,14.234771153240493,19.334698481649877
gamut_021_cmycy,gamut_026_cccyc,18.08533390063562,25.649548871318064
gamut_021_cmycy,gamut_027_cccycc,20.778403803611738,29.298530669703485
gamut_021_cmycy,gamut_028_c,44.70976439215003,75.02616950210817
gamut_021_cmycy,gamut_029_cmcy,10.895329740594192,17.887385185643545
gamut_021_cmycy,gamut_030_ccmcy,19.068754302896743,26.945662330806176
gamut_021_cmycy,gamut_031_cccmcy,23.585196593443,31.60771263498614
gamut_021_cmycy,gamut_032_cccmcc,44.024407266169966,74.9701120750988
gamut_021_cmycy,gamut_033_cccmc,43.80026566193095,74.71052983865043
gamut_021_cmycy,gamut_034_cccm,43.84038555943342,75.83351861229575
gamut_021_cmycy,gamut_035_ccm,42.95109824027413,73.72322564030891
gamut_021_cmycy,gamut_036_cmcmcy,27.015784050815487,35.171208475209085
gamut_021_cmycy,gamut_037_ccmcm,49.43550964276317,73.04640638411833
gamut_021_cmycy,gamut_038_cm,50.102003072137,73.80426616520323
gamut_021_cmycy,gamut_039_cmcmy,30.834471345101843,33.39088072392956
gamut_021_cmycy,gamut_040_cmcmm,50.05370080670011,72.54747198263723
gamut_021_cmycy,gamut_041_cmm,49.908474368664635,71.2563957845037
gamut_021_cmycy,gamut_042_cmcmym,38.34911478796665,42.63490923013901
gamut_021_cmycy,gamut_043_cmmm,49.792903125935304,70.16568495244674
gamut_021_cmycy,gamut_044_mcmmm,49.90061632063051,69.84784327438362
gamut_021_cmycy,gamut_045_mmcmmm,50.00752738617711,70.19813317097918
gamut_021_cmycy,gamut_046_m,50.762763642878525,74.34105385841995
gamut_021_cmycy,gamut_047_cmym,31.3274961321864,30.91109175314699
gamut_021_cmycy,gamut_048_cmmym,38.1834904380123,41.21334557999856
gamut_021_cmycy,gamut_049_cmmmym,41.04025915211711,47.49478695822004
gamut_021_cmycy,gamut_050_mmmymm,43.66409501653771,57.81571231469554
gamut_021_cmycy,gamut_051_mmmym,42.482986215091806,55.776859084093395
gamut_021_cmycy,gamut_052_mmmy,39.84408254625947,51.53324963489193
gamut_021_cmycy,gamut_053_mmy,36.378562544362595,46.10961669189414
gamut_021_cmycy,gamut_054_cmymym,29.254621994050446,29.12012187077381
gamut_021_cmycy,gamut_055_mmymy,33.932619210834176,43.45126005958774
gamut_022_ccycy,gamut_023_ccy,2.9311748330454352,6.233874338741282
gamut_022_ccycy,gamut_024_cmcycy,11.59723265186531,20.430821141621433
gamut_022_ccycy,gamut_025_cccy,9.365486657443931,18.378459440249152
gamut_022_ccycy,gamut_026_cccyc,17.599564305332937,30.638594503413177
gamut_022_ccycy,gamut_027_cccycc,21.762547436544324,35.62642339529899
gamut_022_ccycy,gamut_028_c,46.46313764179902,86.26902846663319
gamut_022_ccycy,gamut_029_cmcy,19.83903814876612,33.55737894528576
gamut_022_ccycy,gamut_030_ccmcy,25.035066110767676,39.90977289320382
gamut_022_ccycy,gamut_031_cccmcy,29.084450408825333,43.70591180357186
gamut_022_ccycy,gamut_032_cccmcc,47.45480218255483,88.00557077206507
gamut_022_ccycy,gamut_033_cccmc,47.31365657197323,87.9514172072591
gamut_022_ccycy,gamut_034_cccm,47.65673783034457,89.50192839705274
gamut_022_ccycy,gamut_035_ccm,47.558565723300745,88.26206855270956
gamut_022_ccycy,gamut_036_cmcmcy,33.30955758734003,50.557738082405955
gamut_022_ccycy,gamut_037_ccmcm,47.234271593165296,87.98580443489358
gamut_022_ccycy,gamut_038_cm,47.1048806199553,89.2643855468333
gamut_022_ccycy,gamut_039_cmcmy,39.52861479233932,50.49859174096292
gamut_022_ccycy,gamut_040_cmcmm,46.598890568710246,88.57488136830627
gamut_022_ccycy,gamut_041_cmm,46.42102371163367,87.78582481807564
gamut_022_ccycy,gamut_042_cmcmym,47.63398935923449,60.11491057909893
gamut_022_ccycy,gamut_043_cmmm,46.22251402450994,87.24405415273047
gamut_022_ccycy,gamut_044_mcmmm,63.2627294237531,87.39401163837437
gamut_022_ccycy,gamut_045_mmcmmm,63.53110666448848,87.93777118455576
gamut_022_ccycy,gamut_046_m,65.15688182598726,92.78945356571685
gamut_022_ccycy,gamut_047_cmym,40.82000887619093,50.30798814184091
gamut_022_ccycy,gamut_048_cmmym,48.43764749581168,60.1647244332942
gamut_022_ccycy,gamut_049_cmmmym,52.48039075265649,66.38129990461582
gamut_022_ccycy,gamut_050_mmmymm,57.5243597511161,76.88491570803467
gamut_022_ccycy,gamut_051_mmmym,56.248454547371516,74.87100390933594
gamut_022_ccycy,gamut_052_mmmy,53.37927490526183,70.6307463888724
gamut_022_ccycy,gamut_053_mmy,49.28075910897092,65.01620887100441
gamut_022_ccycy,gamut_054_cmymym,39.28103775996394,49.16989788178061
gamut_022_ccycy,gamut_055_mmymy,46.432022199635966,61.9633341570572
gamut_023_ccy,gamut_024_cmcycy,10.051979151624618,15.96449674363031
gamut_023_ccy,gamut_025_cccy,6.486149552387618,12.155829638809116
gamut_023_ccy,gamut_026_cccyc,14.777597565623774,24.442871635287858
gamut_023_ccy,gamut_027_cccycc,18.903657328764382,29.44019183330513
gamut_023_ccy,gamut_028_c,43.011606606527764,80.20840070660196
gamut_023_ccy,gamut_029_cmcy,18.212751491890796,28.493896775489375
gamut_023_ccy,gamut_030_ccmcy,22.779064101021426,34.20688283780573
gamut_023_ccy,gamut_031_cccmcy,26.438944223083897,37.818887372945014
gamut_023_ccy,gamut_032_cccmcc,44.203354826883526,82.03741589779091
gamut_023_ccy,gamut_033_cccmc,44.1167345494798,82.00921293536611
gamut_023_ccy,gamut_034_cccm,44.537084364669475,83.60317422418115
gamut_023_ccy,gamut_035_ccm,44.624154355498234,82.46700831862643
gamut_023_ccy,gamut_036_cmcmcy,31.43250059650564,45.083968901616636
gamut_023_ccy,gamut_037_ccmcm,44.42686373006865,82.26240049096842
gamut_023_ccy,gamut_038_cm,44.46802425132465,83.64818373431982
gamut_023_ccy,gamut_039_cmcmy,33.559630779117036,45.46375667570401
gamut_023_ccy,gamut_040_cmcmm,44.164716821848195,83.09228436196484
gamut_023_ccy,gamut_041_cmm,44.14142207738393,82.41752373783903
gamut_023_ccy,gamut_042_cmcmym,46.25402950748701,55.13148063564269
gamut_023_ccy,gamut_043_cmmm,44.12894466125763,82.02727718134926
gamut_023_ccy,gamut_044_mcmmm,44.48188901825874,82.30412729939826
gamut_023_ccy,gamut_045_mmcmmm,44.36481892846091,82.94965906379802
gamut_023_ccy,gamut_046_m,62.77334409622802,88.52119391458398
gamut_023_ccy,gamut_047_cmym,40.648499316609616,46.3052165801647
gamut_023_ccy,gamut_048_cmmym,47.43248207521329,55.824989948987856
gamut_023_ccy,gamut_049_cmmmym,50.93790752335513,61.991016759450986
gamut_023_ccy,gamut_050_mmmymm,55.81148299640301,73.43858885678401
gamut_023_ccy,gamut_051_mmmym,54.65885399390135,71.63779939618122
gamut_023_ccy,gamut_052_mmmy,52.027544764098174,67.85608299510126
gamut_023_ccy,gamut_053_mmy,48.200372585475705,62.72954708094911
gamut_023_ccy,gamut_054_cmymym,39.02716084289373,45.92343748183625
gamut_023_ccy,gamut_055_mmymy,45.527978150463795,60.1686177712678
gamut_024_cmcycy,gamut_025_cccy,9.378974911074478,12.269715871845092
gamut_024_cmcycy,gamut_026_cccyc,13.006242939239714,17.78537452528413
gamut_024_cmcycy,gamut_027_cccycc,15.93937292516699,21.666926638930917
gamut_024_cmcycy,gamut_028_c,38.99904724988757,69.33032445926978
gamut_024_cmcycy,gamut_029_cmcy,9.317846550150193,13.3962707360131
gamut_024_cmcycy,gamut_030_ccmcy,16.102224751527572,21.19490633671737
gamut_024_cmcycy,gamut_031_cccmcy,20.140911707454237,25.574514710204173
gamut_024_cmcycy,gamut_032_cccmcc,38.9769824411886,69.89967051919241
gamut_024_cmcycy,gamut_033_cccmc,38.8530953295498,69.73659707330482
gamut_024_cmcycy,gamut_034_cccm,39.081327842033495,71.05694895212584
gamut_024_cmcycy,gamut_035_ccm,38.71778023946224,69.34152553645305
gamut_024_cmcycy,gamut_036_cmcmcy,25.14601972885795,30.91675280128095
gamut_024_cmcycy,gamut_037_ccmcm,38.42352772178089,68.89130056340612
gamut_024_cmcycy,gamut_038_cm,38.34300174399356,69.98353050845442
gamut_024_cmcycy,gamut_039_cmcmy,31.40611633281999,30.453633271213494
gamut_024_cmcycy,gamut_040_cmcmm,37.85377760579542,69.1052303113378
gamut_024_cmcycy,gamut_041_cmm,37.56161116108616,68.14350159334542
gamut_024_cmcycy,gamut_042_cmcmym,39.31471748230668,40.14332014738661
gamut_024_cmcycy,gamut_043_cmmm,49.00343690624574,67.46475437825347
gamut_024_cmcycy,gamut_044_mcmmm,49.30757817815201,67.50144850050008
gamut_024_cmcycy,gamut_045_mmcmmm,49.50703689904267,68.08857821809202
gamut_024_cmcycy,gamut_046_m,50.88006933863441,73.71101448920612
gamut_024_cmcycy,gamut_047_cmym,34.11914681077216,30.809949391040096
gamut_024_cmcycy,gamut_048_cmmym,40.4392151966328,40.4039778306931
gamut_024_cmcycy,gamut_049_cmmmym,42.79880621848132,46.63215750546939
gamut_024_cmcycy,gamut_050_mmmymm,45.22855817799031,58.78763655397117
gamut_024_cmcycy,gamut_051_mmmym,44.32462973286648,57.139701132070485
gamut_024_cmcycy,gamut_052_mmmy,42.23277310932096,53.73523334291304
gamut_024_cmcycy,gamut_053_mmy,39.29361345168801,49.17201665309219
gamut_024_cmcycy,gamut_054_cmymym,32.882185435278224,30.84674167684083
gamut_024_cmcycy,gamut_055_mmymy,37.11274350052023,47.30552995319427
gamut_025_cccy,gamut_026_cccyc,8.280468728391618,12.325262211040167
gamut_025_cccy,gamut_027_cccycc,12.273201032852775,17.33274515311841
gamut_025_cccy,gamut_028_c,35.568399543646464,68.26857227660003
gamut_025_cccy,gamut_029_cmcy,15.435713301360929,20.13862461181572
gamut_025_cccy,gamut_030_ccmcy,17.973008329657677,23.52131610457819
gamut_025_cccy,gamut_031_cccmcy,20.74169607486717,26.542537282689167
gamut_025_cccy,gamut_032_cccmcc,37.3361262513985,70.3031458402469
gamut_025_cccy,gamut_033_cccmc,37.37126168719853,70.32624247650998
gamut_025_cccy,gamut_034_cccm,37.979160072423724,72.00921779252272
gamut_025_cccy,gamut_035_ccm,38.51141190580339,71.10388722452863
gamut_025_cccy,gamut_036_cmcmcy,27.952604387514793,34.78953112864234
gamut_025_cccy,gamut_037_ccmcm,38.580396863443,71.0485683828015
gamut_025_cccy,gamut_038_cm,38.94937493807465,72.65174136902627
gamut_025_cccy,gamut_039_cmcmy,33.152771952874616,36.26804741971909
gamut_025_cccy,gamut_040_cmcmm,39.04448882460959,72.38104980986839
gamut_025_cccy,gamut_041_cmm,39.337690411860464,71.96049319389859
gamut_025_cccy,gamut_042_cmcmym,36.6842606796334,45.831524136170124
gamut_025_cccy,gamut_043_cmmm,39.67929886831606,71.90305185205459
gamut_025_cccy,gamut_044_mcmmm,40.266593226800914,72.46113556253955
gamut_025_cccy,gamut_045_mmcmmm,40.272111522832645,73.31500618343583
gamut_025_cccy,gamut_046_m,40.03588910659082,80.34525063563402
gamut_025_cccy,gamut_047_cmym,40.248939860738005,39.603604666788264
gamut_025_cccy,gamut_048_cmmym,45.95638512190756,48.02449925493946
gamut_025_cccy,gamut_049_cmmmym,48.27489578661856,53.93945636192698
gamut_025_cccy,gamut_050_mmmymm,52.012770545401295,67.20945360448226
gamut_025_cccy,gamut_051_mmmym,51.1242733232327,65.89533855839029
gamut_025_cccy,gamut_052_mmmy,49.014105796865536,63.168153321438346
gamut_025_cccy,gamut_053_mmy,45.83585186402637,59.198065891675846
gamut_025_cccy,gamut_054_cmymym,38.94281553509755,40.99442289518725
gamut_025_cccy,gamut_055_mmymy,43.54589367355003,57.73388672612785
gamut_026_cccyc,gamut_027_cccycc,3.8796827747271645,5.008252308039504
gamut_026_cccyc,gamut_028_c,27.194212143882638,56.024064365312945
gamut_026_cccyc,gamut_029_cmcy,13.48561606373167,15.931383350909476
gamut_026_cccyc,gamut_030_ccmcy,12.205229477351809,14.050740186412238
gamut_026_cccyc,gamut_031_cccmcy,13.80401976681425,15.623761786298212
gamut_026_cccyc,gamut_032_cccmcc,29.353832452217297,58.205022183915446
gamut_026_cccyc,gamut_033_cccmc,29.46406504735321,58.27378191893345
gamut_026_cccyc,gamut_034_cccm,30.142937826209476,60.03730511866843
gamut_026_cccyc,gamut_035_ccm,31.026043628448033,59.36812312997696
gamut_026_cccyc,gamut_036_cmcmcy,23.709535535785474,25.05382820441224
gamut_026_cccyc,gamut_037_ccmcm,31.244454838412462,59.46685217178654
gamut_026_cccyc,gamut_038_cm,31.671269942570774,61.29177694926776
gamut_026_cccyc,gamut_039_cmcmy,31.01900531531551,28.078677968568474
gamut_026_cccyc,gamut_040_cmcmm,31.992779932683824,61.33300111355885
gamut_026_cccyc,gamut_041_cmm,32.54546357312496,61.20054778643691
gamut_026_cccyc,gamut_042_cmcmym,35.52877840532243,36.98855924263505
gamut_026_cccyc,gamut_043_cmmm,33.1811944571907,61.52101071922482
gamut_026_cccyc,gamut_044_mcmmm,33.99179624376375,62.39719849971136
gamut_026_cccyc,gamut_045_mmcmmm,34.047847467868145,63.47676649972806
gamut_026_cccyc,gamut_046_m,34.82351211409406,72.06704400985912
gamut_026_cccyc,gamut_047_cmym,37.25931441857771,34.547868703267966
gamut_026_cccyc,gamut_048_cmmym,40.965245090399186,41.03463509900874
gamut_026_cccyc,gamut_049_cmmmym,39.574637206529644,46.394603846102875
gamut_026_cccyc,gamut_050_mmmymm,40.07441412053278,61.39808335815846
gamut_026_cccyc,gamut_051_mmmym,41.09663322859157,60.67308586916683
gamut_026_cccyc,gamut_052_mmmy,44.35742588715745,59.217067583478354
gamut_026_cccyc,gamut_053_mmy,42.08120929582876,56.67280744633523
gamut_026_cccyc,gamut_054_cmymym,36.94760708041048,37.993169405165105
gamut_026_cccyc,gamut_055_mmymy,40.391699009320114,56.45224329424855
gamut_027_cccycc,gamut_028_c,23.109323721329623,51.046543036629096
gamut_027_cccycc,gamut_029_cmcy,13.780454571124372,16.661556784817908
gamut_027_cccycc,gamut_030_ccmcy,10.129417565671774,11.772089904582604
gamut_027_cccycc,gamut_031_cccmcy,10.922426540116655,11.966230280356125
gamut_027_cccycc,gamut_032_cccmcc,25.25050926784637,53.30422917969391
gamut_027_cccycc,gamut_033_cccmc,25.354706193366425,53.39563759622185
gamut_027_cccycc,gamut_034_cccm,25.976440398245444,55.199076534178054
gamut_027_cccycc,gamut_035_ccm,27.01984691901707,54.652590886177556
gamut_027_cccycc,gamut_036_cmcmcy,21.884443602934052,21.81825042022473
gamut_027_cccycc,gamut_037_ccmcm,27.288206990386936,54.8288961103404
gamut_027_cccycc,gamut_038_cm,27.711457205900423,56.76151995837067
gamut_027_cccycc,gamut_039_cmcmy,29.83306620450094,25.659836034670274
gamut_027_cccycc,gamut_040_cmcmm,28.268265152824757,56.959125008353446
gamut_027_cccycc,gamut_041_cmm,29.135321355704892,56.97250656209737
gamut_027_cccycc,gamut_042_cmcmym,34.6924864344514,33.96864567400927
gamut_027_cccycc,gamut_043_cmmm,30.201172261936946,57.481033408895215
gamut_027_cccycc,gamut_044_mcmmm,31.387090175161788,58.51270445362505
gamut_027_cccycc,gamut_045_mmcmmm,31.694303291724694,59.69724780810527
gamut_027_cccycc,gamut_046_m,34.54760407513293,68.98533946933217
gamut_027_cccycc,gamut_047_cmym,40.34408395465237,33.52418284860235
gamut_027_cccycc,gamut_048_cmmym,40.56269683900718,38.89797019037081
gamut_027_cccycc,gamut_049_cmmmym,39.358593615203134,43.89211134800828
gamut_027_cccycc,gamut_050_mmmymm,41.043438546202665,59.53242317750826
gamut_027_cccycc,gamut_051_mmmym,42.116455470886336,59.08133090775604
gamut_027_cccycc,gamut_052_mmmy,43.84939953172218,58.207136174783535
gamut_027_cccycc,gamut_053_mmy,40.07106042252127,56.31198080302846
gamut_027_cccycc,gamut_054_cmymym,35.41389562450943,37.80386552400205
gamut_027_cccycc,gamut_055_mmymy,38.80391668549513,56.61717738067048
gamut_028_c,gamut_029_cmcy,30.043836420696447,57.32044705646105
gamut_028_c,gamut_030_ccmcy,18.495390285184804,48.29128854578147
gamut_028_c,gamut_031_cccmcy,13.30727608441623,44.00762211422627
gamut_028_c,gamut_032_cccmcc,7.782584126197932,8.790742178324955
gamut_028_c,gamut_033_cccmc,8.435549483182156,9.646345534102455
gamut_028_c,gamut_034_cccm,10.169573319459046,11.979939691998089
gamut_028_c,gamut_035_ccm,13.842723044520865,16.195265302688096
gamut_028_c,gamut_036_cmcmcy,19.01049531705426,41.072901886137196
gamut_028_c,gamut_037_ccmcm,15.416957639856149,18.279438740829487
gamut_028_c,gamut_038_cm,17.64166513831471,21.516827268409173
gamut_028_c,gamut_039_cmcmy,24.412037925070184,45.064788377956646
gamut_028_c,gamut_040_cmcmm,20.09245757935861,25.010106840601768
gamut_028_c,gamut_041_cmm,22.190674296319735,28.03387621217234
gamut_028_c,gamut_042_cmcmym,24.792223145171686,40.29058590027983
gamut_028_c,gamut_043_cmmm,24.46134490933327,31.71342055060993
gamut_028_c,gamut_044_mcmmm,26.364057426824314,34.90219294371914
gamut_028_c,gamut_045_mmcmmm,27.26471328324375,37.02007489566252
gamut_028_c,gamut_046_m,32.075571059512995,51.80812236452379
gamut_028_c,gamut_047_cmym,29.355496995651116,54.899008569133436
gamut_028_c,gamut_048_cmmym,28.579709226167285,48.488390899449165
gamut_028_c,gamut_049_cmmmym,29.073534120903933,46.65131786799323
gamut_028_c,gamut_050_mmmymm,33.80147456336119,59.88870263941005
gamut_028_c,gamut_051_mmmym,34.3254297387282,62.289597877126255
gamut_028_c,gamut_052_mmmy,35.492330848369484,67.09311487647757
gamut_028_c,gamut_053_mmy,36.68375709479577,71.31009089013004
gamut_028_c,gamut_054_cmymym,32.987952945368605,61.9449707112461
gamut_028_c,gamut_055_mmymy,38.20275070504208,75.62749227997276
gamut_029_cmcy,gamut_030_ccmcy,8.294949781579806,9.489004273364008
gamut_029_cmcy,gamut_031_cccmcy,11.967024412547017,14.168271136003263
gamut_029_cmcy,gamut_032_cccmcc,29.805828729448564,57.18777493780625
gamut_029_cmcy,gamut_033_cccmc,29.75622810489692,56.96221324369285
gamut_029_cmcy,gamut_034_cccm,30.031026074015692,58.15206126334568
gamut_029_cmcy,gamut_035_ccm,29.85924893008042,56.215499656868616
gamut_029_cmcy,gamut_036_cmcmcy,16.63588885980386,17.63947450421338
gamut_029_cmcy,gamut_037_ccmcm,29.74123799137987,55.6951407301796
gamut_029_cmcy,gamut_038_cm,29.850793027657613,56.73306625122133
gamut_029_cmcy,gamut_039_cmcmy,18.673631384727884,17.337652584049053
gamut_029_cmcy,gamut_040_cmcmm,29.60862680213773,55.838006911416514
gamut_029_cmcy,gamut_041_cmm,29.47167855702119,54.8765639554357
gamut_029_cmcy,gamut_042_cmcmym,24.405472883525846,27.126573415856146
gamut_029_cmcy,gamut_043_cmmm,29.305318819352514,54.261215371857034
gamut_029_cmcy,gamut_044_mcmmm,29.34685355989598,54.37044883034173
gamut_029_cmcy,gamut_045_mmcmmm,29.13592146590964,55.07851986537984
gamut_029_cmcy,gamut_046_m,38.490403050140365,61.88764303700663
gamut_029_cmcy,gamut_047_cmym,25.399433714003113,20.31218252962601
gamut_029_cmcy,gamut_048_cmmym,31.528056059583655,28.576912839356723
gamut_029_cmcy,gamut_049_cmmmym,34.215732247203995,34.60362038725645
gamut_029_cmcy,gamut_050_mmmymm,36.16923333145581,48.84633402787543
gamut_029_cmcy,gamut_051_mmmym,35.78692874406844,47.76438334323489
gamut_029_cmcy,gamut_052_mmmy,34.75650361166524,45.65300859865582
gamut_029_cmcy,gamut_053_mmy,33.158986131293545,42.684823233895244
gamut_029_cmcy,gamut_054_cmymym,25.997956864709092,22.96101943027475
gamut_029_cmcy,gamut_055_mmymy,31.80288881551769,42.357200660265775
gamut_030_ccmcy,gamut_031_cccmcy,3.593147514681279,4.865599574957794
gamut_030_ccmcy,gamut_032_cccmcc,17.94503805579662,48.727315372599186
gamut_030_ccmcy,gamut_033_cccmc,17.792461410982597,48.58858662721482
gamut_030_ccmcy,gamut_034_cccm,17.732495014309617,49.973489416656335
gamut_030_ccmcy,gamut_035_ccm,17.92580101097425,48.48216976982664
gamut_030_ccmcy,gamut_036_cmcmcy,12.781213175971121,11.324134948332757
gamut_030_ccmcy,gamut_037_ccmcm,17.73632296473965,48.21017095634568
gamut_030_ccmcy,gamut_038_cm,17.34489878520071,49.6139258545489
gamut_030_ccmcy,gamut_039_cmcmy,18.4848164548891,14.182691014848439
gamut_030_ccmcy,gamut_040_cmcmm,17.348229644769145,49.18306054603346
gamut_030_ccmcy,gamut_041_cmm,17.885978796394294,48.66106636828469
gamut_030_ccmcy,gamut_042_cmcmym,24.185972167395224,23.172322785056558
gamut_030_ccmcy,gamut_043_cmmm,18.547278564847918,48.60245656089936
gamut_030_ccmcy,gamut_044_mcmmm,19.38462206181553,49.19905569967302
gamut_030_ccmcy,gamut_045_mmcmmm,19.330278357475898,50.20146869676817
gamut_030_ccmcy,gamut_046_m,20.720281086514277,58.85032226505893
gamut_030_ccmcy,gamut_047_cmym,26.714879445168553,22.24896233085669
gamut_030_ccmcy,gamut_048_cmmym,28.10880184260337,27.490923173659993
gamut_030_ccmcy,gamut_049_cmmmym,27.21889042502964,32.70510590156792
gamut_030_ccmcy,gamut_050_mmmymm,28.012710598949727,48.699566350885874
gamut_030_ccmcy,gamut_051_mmmym,29.236330454484907,48.2629194974095
gamut_030_ccmcy,gamut_052_mmmy,31.365491287381193,47.51669259598356
gamut_030_ccmcy,gamut_053_mmy,32.71599918029581,45.995057393709004
gamut_030_ccmcy,gamut_054_cmymym,28.790026804267043,27.187758256892945
gamut_030_ccmcy,gamut_055_mmymy,33.191547196850316,46.76308035461922
gamut_031_cccmcy,gamut_032_cccmcc,12.677536288971595,44.65824374670617
gamut_031_cccmcy,gamut_033_cccmc,12.638319266341826,44.58815836249662
gamut_031_cccmcy,gamut_034_cccm,12.792784239195509,46.084186247472815
gamut_031_cccmcy,gamut_035_ccm,13.846714900947003,44.842762860435734
gamut_031_cccmcy,gamut_036_cmcmcy,12.278342545128252,10.097032253168592
gamut_031_cccmcy,gamut_037_ccmcm,14.241147700376894,44.753843834448006
gamut_031_cccmcy,gamut_038_cm,14.776234984950202,46.4209902746248
gamut_031_cccmcy,gamut_039_cmcmy,19.49353277524524,14.903647323354532
gamut_031_cccmcy,gamut_040_cmcmm,15.996898508460227,46.31459252651957
gamut_031_cccmcy,gamut_041_cmm,17.48285372402557,46.061188102288746
gamut_031_cccmcy,gamut_042_cmcmym,25.124147849702823,22.6211348244756
gamut_031_cccmcy,gamut_043_cmmm,19.28257957209429,46.3477024849938
gamut_031_cccmcy,gamut_044_mcmmm,20.939174706801005,47.20897171736102
gamut_031_cccmcy,gamut_045_mmcmmm,21.653585553438518,48.41795849954627
gamut_031_cccmcy,gamut_046_m,27.47485366678388,58.25960266143131
gamut_031_cccmcy,gamut_047_cmym,28.196914431730736,24.79309008176954
gamut_031_cccmcy,gamut_048_cmmym,30.126880572877422,28.36979418703519
gamut_031_cccmcy,gamut_049_cmmmym,29.91231536102731,32.97405372971606
gamut_031_cccmcy,gamut_050_mmmymm,33.535999837947855,49.79563148346607
gamut_031_cccmcy,gamut_051_mmmym,34.36562518321755,49.698478893697406
gamut_031_cccmcy,gamut_052_mmmy,35.42359655742007,49.62061327204481
gamut_031_cccmcy,gamut_053_mmy,35.49926052957542,48.778436047115015
gamut_031_cccmcy,gamut_054_cmymym,30.084838840795637,30.452614052002176
gamut_031_cccmcy,gamut_055_mmymy,35.25952429342987,50.01183743414406
gamut_032_cccmcc,gamut_033_cccmc,0.9707784536905554,1.199041190892281
gamut_032_cccmcc,gamut_034_cccm,2.67490434920365,3.570684240556802
gamut_032_cccmcc,gamut_035_ccm,6.3655956383136845,7.822679732841939
gamut_032_cccmcc,gamut_036_cmcmcy,16.31363408962346,39.9912409913829
gamut_032_cccmcc,gamut_037_ccmcm,8.167902957765408,10.213622360463368
gamut_032_cccmcc,gamut_038_cm,10.651678594256984,13.720980142733994
gamut_032_cccmcc,gamut_039_cmcmy,21.412802634244883,43.27953067185983
gamut_032_cccmcc,gamut_040_cmcmm,13.32255667325794,17.57231768610427
gamut_032_cccmcc,gamut_041_cmm,15.411744593185349,20.712631911327904
gamut_032_cccmcc,gamut_042_cmcmym,20.32988185310421,37.158767942609174
gamut_032_cccmcc,gamut_043_cmmm,17.74284486484243,24.563216515203823
gamut_032_cccmcc,gamut_044_mcmmm,19.58323449992508,27.735511833024667
gamut_032_cccmcc,gamut_045_mmcmmm,20.666164528560707,30.0307550675926
gamut_032_cccmcc,gamut_046_m,26.784539393014953,45.784455762906276
gamut_032_cccmcc,gamut_047_cmym,26.935234809576972,52.3354445484485
gamut_032_cccmcc,gamut_048_cmmym,24.575160699391812,44.85633278809013
gamut_032_cccmcc,gamut_049_cmmmym,24.35272089534213,42.24487540665068
gamut_032_cccmcc,gamut_050_mmmymm,29.98500951426272,55.12823038207612
gamut_032_cccmcc,gamut_051_mmmym,30.852304634938044,57.75214318674386
gamut_032_cccmcc,gamut_052_mmmy,32.64097216871161,62.95910988369345
gamut_032_cccmcc,gamut_053_mmy,34.55684331640223,67.68146502016526
gamut_032_cccmcc,gamut_054_cmymym,31.005939383113894,59.28614706786632
gamut_032_cccmcc,gamut_055_mmymy,36.607710405671845,72.3139114684222
gamut_033_cccmc,gamut_034_cccm,1.7947260590780607,2.592305898817452
gamut_033_cccmc,gamut_035_ccm,5.500082887555109,6.736224040382649
gamut_033_cccmc,gamut_036_cmcmcy,16.006258015987274,39.68282098248726
gamut_033_cccmc,gamut_037_ccmcm,7.251289749030847,9.077548411891389
gamut_033_cccmc,gamut_038_cm,9.698075018085,12.551196696672354
gamut_033_cccmc,gamut_039_cmcmy,20.98005467513786,42.82062454589409
gamut_033_cccmc,gamut_040_cmcmm,12.352292741269432,16.390004242550734
gamut_033_cccmc,gamut_041_cmm,14.445839456631154,19.538596339286308
gamut_033_cccmc,gamut_042_cmcmym,19.660567362299563,36.500525767094636
gamut_033_cccmc,gamut_043_cmmm,16.781126229758797,23.394267060788998
gamut_033_cccmc,gamut_044_mcmmm,18.63437965393549,26.573745892622384
gamut_033_cccmc,gamut_045_mmcmmm,19.71165499656326,28.857665741410813
gamut_033_cccmc,gamut_046_m,25.861797362315585,44.591994231013075
gamut_033_cccmc,gamut_047_cmym,26.573279687150936,51.70818647965719
gamut_033_cccmc,gamut_048_cmmym,23.979420772339466,44.084239843725754
gamut_033_cccmc,gamut_049_cmmmym,23.647778749557595,41.36019107905542
gamut_033_cccmc,gamut_050_mmmymm,29.27673138819306,54.06434599355741
gamut_033_cccmc,gamut_051_mmmym,30.18996857341114,56.712863170689005
gamut_033_cccmc,gamut_052_mmmy,32.07449868143015,61.973198928816984
gamut_033_cccmc,gamut_053_mmy,34.09897877485551,66.76592358866938
gamut_033_cccmc,gamut_054_cmymym,30.705274975004205,58.6240430474394
gamut_033_cccmc,gamut_055_mmymy,36.227613358703714,71.44065144858445
gamut_034_cccm,gamut_035_ccm,3.766571252484157,4.892872767343768
gamut_034_cccm,gamut_036_cmcmcy,15.9138411013151,40.72108279283906
gamut_034_cccm,gamut_037_ccmcm,5.532609502557552,7.2419089698842205
gamut_034_cccm,gamut_038_cm,7.988466586841826,10.524242978704457
gamut_034_cccm,gamut_039_cmcmy,20.693537489094112,43.555402435404936
gamut_034_cccm,gamut_040_cmcmm,10.677369926246417,14.50811659276865
gamut_034_cccm,gamut_041_cmm,12.76812341113841,17.752992737316465
gamut_034_cccm,gamut_042_cmcmym,18.872200915160533,36.78327000907622
gamut_034_cccm,gamut_043_cmmm,15.113463817288423,21.678676046690494
gamut_034_cccm,gamut_044_mcmmm,16.955600061921476,24.85834569850752
gamut_034_cccm,gamut_045_mmcmmm,18.057372432384962,27.13638793347045
gamut_034_cccm,gamut_046_m,24.437311235907785,42.91257016016732
gamut_034_cccm,gamut_047_cmym,26.266824603476962,52.049248127333094
gamut_034_cccm,gamut_048_cmmym,23.217099460199474,44.05185732069197
gamut_034_cccm,gamut_049_cmmmym,22.641456809768535,40.998180486204795
gamut_034_cccm,gamut_050_mmmymm,28.318804975408433,53.1605441658604
gamut_034_cccm,gamut_051_mmmym,29.32897901138584,55.908514721293244
gamut_034_cccm,gamut_052_mmmy,31.401204278195497,61.35948083719419
gamut_034_cccm,gamut_053_mmy,33.646584835666964,66.38178530353103
gamut_034_cccm,gamut_054_cmymym,30.488079482692473,58.8741603756294
gamut_034_cccm,gamut_055_mmymy,35.934452304188355,71.18367964353897
gamut_035_ccm,gamut_036_cmcmcy,15.321945432729184,38.60833358183263
gamut_035_ccm,gamut_037_ccmcm,1.951839598150033,2.5729302766912707
gamut_035_ccm,gamut_038_cm,4.567746088788369,6.25783359952214
gamut_035_ccm,gamut_039_cmcmy,19.384085006718905,40.92139531018585
gamut_035_ccm,gamut_040_cmcmm,7.3094956622970155,10.16704234007941
gamut_035_ccm,gamut_041_cmm,9.331275387835047,13.263772614485536
gamut_035_ccm,gamut_042_cmcmym,16.736329726017285,33.55025548979507
gamut_035_ccm,gamut_043_cmmm,11.684641972647107,17.145458941034494
gamut_035_ccm,gamut_044_mcmmm,13.48950971413492,20.26123845828841
gamut_035_ccm,gamut_045_mmcmmm,14.691426259101187,22.632086879619084
gamut_035_ccm,gamut_046_m,21.749413605960306,38.86304539882575
gamut_035_ccm,gamut_047_cmym,24.979287921696297,48.81434874268577
gamut_035_ccm,gamut_048_cmmym,21.179889061918505,40.3954817360322
gamut_035_ccm,gamut_049_cmmmym,20.23155861664627,37.022606777750354
gamut_035_ccm,gamut_050_mmmymm,26.270071903002144,49.036288926962364
gamut_035_ccm,gamut_051_mmmym,27.43157066406746,51.82631919511632
gamut_035_ccm,gamut_052_mmmy,29.779133252732397,57.357148752328236
gamut_035_ccm,gamut_053_mmy,32.344352107072226,62.519367147895586
gamut_035_ccm,gamut_054_cmymym,29.361733136008244,55.50534704517046
gamut_035_ccm,gamut_055_mmymy,34.86323067436473,67.41307219045059
gamut_036_cmcmcy,gamut_037_ccmcm,15.180484376817562,38.060928916651996
gamut_036_cmcmcy,gamut_038_cm,15.593852909126305,39.154669653879985
gamut_036_cmcmcy,gamut_039_cmcmy,6.7660517937260005,6.358983573692812
gamut_036_cmcmcy,gamut_040_cmcmm,15.995133326473542,38.44245965290888
gamut_036_cmcmcy,gamut_041_cmm,16.57074146386374,37.712608406254
gamut_036_cmcmcy,gamut_042_cmcmym,11.89956197908161,12.649501461015625
gamut_036_cmcmcy,gamut_043_cmmm,17.466023636953796,37.50898602477372
gamut_036_cmcmcy,gamut_044_mcmmm,18.455751768217734,38.027648455990125
gamut_036_cmcmcy,gamut_045_mmcmmm,19.014795167298693,39.086237749006415
gamut_036_cmcmcy,gamut_046_m,22.979027201509066,48.63666998050545
gamut_036_cmcmcy,gamut_047_cmym,15.223156694174493,17.945338782472273
gamut_036_cmcmcy,gamut_048_cmmym,16.37638793516144,18.98306360392202
gamut_036_cmcmcy,gamut_049_cmmmym,17.961895848110178,23.143151337038937
gamut_036_cmcmcy,gamut_050_mmmymm,23.493307242394526,40.6296507119755
gamut_036_cmcmcy,gamut_051_mmmym,23.870107129088357,40.814998327363995
gamut_036_cmcmcy,gamut_052_mmmy,24.57207720885014,41.44397237993686
gamut_036_cmcmcy,gamut_053_mmy,25.151396521782726,41.62319320825491
gamut_036_cmcmcy,gamut_054_cmymym,18.839838740059434,24.722654190438902
gamut_036_cmcmcy,gamut_055_mmymy,26.119123374996526,43.723943889661236
gamut_037_ccmcm,gamut_038_cm,2.6344867529782476,3.825897568440206
gamut_037_ccmcm,gamut_039_cmcmy,18.73701406451823,39.99889692523593
gamut_037_ccmcm,gamut_040_cmcmm,5.361807889923306,7.611893583552782
gamut_037_ccmcm,gamut_041_cmm,7.391959350051177,10.694199157078907
gamut_037_ccmcm,gamut_042_cmcmym,15.583260380989879,32.233698690470284
gamut_037_ccmcm,gamut_043_cmmm,9.765711070346567,14.582827993406848
gamut_037_ccmcm,gamut_044_mcmmm,11.602783723746528,17.71263337409516
gamut_037_ccmcm,gamut_045_mmcmmm,12.8007988969973,20.067469686608547
gamut_037_ccmcm,gamut_046_m,19.98099268608685,36.30781047850368
gamut_037_ccmcm,gamut_047_cmym,24.243365277433714,47.43465292568234
gamut_037_ccmcm,gamut_048_cmmym,20.027374288131284,38.72858021432847
gamut_037_ccmcm,gamut_049_cmmmym,18.859565804778438,35.10204644416171
gamut_037_ccmcm,gamut_050_mmmymm,24.87632597322245,46.67527536304995
gamut_037_ccmcm,gamut_051_mmmym,26.120904359852084,49.512064017957776
gamut_037_ccmcm,gamut_052_mmmy,28.64059049080184,55.14444247709413
gamut_037_ccmcm,gamut_053_mmy,31.405143728847072,60.44640877251345
gamut_037_ccmcm,gamut_054_cmymym,28.717941029894646,54.010490114674944
gamut_037_ccmcm,gamut_055_mmymy,34.06922460750873,65.4207306147243
gamut_038_cm,gamut_039_cmcmy,18.418706688166967,40.51180644146163
gamut_038_cm,gamut_040_cmcmm,2.769144950553883,4.102395914694369
gamut_038_cm,gamut_041_cmm,4.858680414682968,7.400760175811574
gamut_038_cm,gamut_042_cmcmym,14.56765634920881,32.161732798210664
gamut_038_cm,gamut_043_cmmm,7.271745937677081,11.367866917208973
gamut_038_cm,gamut_044_mcmmm,9.164549914696579,14.520915625761832
gamut_038_cm,gamut_045_mmcmmm,10.3248808068246,16.76539097580583
gamut_038_cm,gamut_046_m,17.596575044770102,32.80277745263755
gamut_038_cm,gamut_047_cmym,23.607605313681027,47.13796533160956
gamut_038_cm,gamut_048_cmmym,18.824262148518102,37.95098188407872
gamut_038_cm,gamut_049_cmmmym,17.307956381530666,33.82797010693122
gamut_038_cm,gamut_050_mmmymm,23.10894072253185,44.191535876656346
gamut_038_cm,gamut_051_mmmym,24.476508452351414,47.1585604559784
gamut_038_cm,gamut_052_mmmy,27.254652574762726,53.055509669882895
gamut_038_cm,gamut_053_mmy,30.3242935267473,58.6861421295191
gamut_038_cm,gamut_054_cmymym,28.170603234784256,53.47715940858797
gamut_038_cm,gamut_055_mmymy,33.20974327596619,63.832140594240016
gamut_039_cmcmy,gamut_040_cmcmm,17.7463824770898,39.166089303854925
gamut_039_cmcmy,gamut_041_cmm,17.385036099529334,37.919148697292805
gamut_039_cmcmy,gamut_042_cmcmym,7.128905207732988,9.798347328119466
gamut_039_cmcmy,gamut_043_cmmm,17.183591062679685,37.056690771707146
gamut_039_cmcmy,gamut_044_mcmmm,17.415458752880244,37.065148951399635
gamut_039_cmcmy,gamut_045_mmcmmm,17.47214872576935,37.74115308603442
gamut_039_cmcmy,gamut_046_m,19.243564468226335,45.3926769991428
gamut_039_cmcmy,gamut_047_cmym,9.139296731857495,11.669866306649196
gamut_039_cmcmy,gamut_048_cmmym,10.350728408862198,13.538437083352942
gamut_039_cmcmy,gamut_049_cmmmym,12.58001182637299,18.60178017330309
gamut_039_cmcmy,gamut_050_mmmymm,18.28447369035541,35.34897729945772
gamut_039_cmcmy,gamut_051_mmmym,18.59284816613625,35.236521722873256
gamut_039_cmcmy,gamut_052_mmmy,19.309004080052198,35.40583089317683
gamut_039_cmcmy,gamut_053_mmy,20.112749941214688,35.33888206913726
gamut_039_cmcmy,gamut_054_cmymym,13.539513881983662,18.615075116068233
gamut_039_cmcmy,gamut_055_mmymy,21.46375075338615,37.42406175674851
gamut_040_cmcmm,gamut_041_cmm,2.1685142732623808,3.3789440663424073
gamut_040_cmcmm,gamut_042_cmcmym,13.225069707736386,30.317280874118804
gamut_040_cmcmm,gamut_043_cmmm,4.592781209435958,7.332733085650369
gamut_040_cmcmm,gamut_044_mcmmm,6.557417924322194,10.519291192852435
gamut_040_cmcmm,gamut_045_mmcmmm,7.6594799659687025,12.695908443158256
gamut_040_cmcmm,gamut_046_m,15.080800539160043,28.77366565414867
gamut_040_cmcmm,gamut_047_cmym,22.50996570003335,44.94111752329311
gamut_040_cmcmm,gamut_048_cmmym,17.201995440261662,35.375261444533244
gamut_040_cmcmm,gamut_049_cmmmym,15.370161565862286,30.854930202630044
gamut_040_cmcmm,gamut_050_mmmymm,21.052554797821198,40.35625148301176
gamut_040_cmcmm,gamut_051_mmmym,22.528934629291545,43.388780999025414
gamut_040_cmcmm,gamut_052_mmmy,25.534144444090973,49.42849023386002
gamut_040_cmcmm,gamut_053_mmy,28.873272454600148,55.263435320288444
gamut_040_cmcmm,gamut_054_cmymym,27.1529387001455,51.031397212848034
gamut_040_cmcmm,gamut_055_mmymy,31.95716775140463,60.5203836406202
gamut_041_cmm,gamut_042_cmcmym,12.387001358935528,28.731594480857044
gamut_041_cmm,gamut_043_cmmm,2.4410497325128113,3.9688662468603764
gamut_041_cmm,gamut_044_mcmmm,4.407374855455848,7.15794359374679
gamut_041_cmm,gamut_045_mmcmmm,5.546992082778479,9.39733515070839
gamut_041_cmm,gamut_046_m,13.41637070883582,25.84392256036412
gamut_041_cmm,gamut_047_cmym,21.67331548938042,42.96982572854246
gamut_041_cmm,gamut_048_cmmym,15.982920886406006,33.13427300485873
gamut_041_cmm,gamut_049_cmmmym,13.898967169834958,28.309426414224273
gamut_041_cmm,gamut_050_mmmymm,19.635860523645245,37.28954823229942
gamut_041_cmm,gamut_051_mmmym,21.188482736251046,40.357217474596744
gamut_041_cmm,gamut_052_mmmy,24.337774182096876,46.46894756625367
gamut_041_cmm,gamut_053_mmy,27.858522456289155,52.42860079926568
gamut_041_cmm,gamut_054_cmymym,26.33993173116522,48.84146959920429
gamut_041_cmm,gamut_055_mmymy,31.077958486168413,57.75415341679034
gamut_042_cmcmym,gamut_043_cmmm,11.73059228406412,27.53467219459371
gamut_042_cmcmym,gamut_044_mcmmm,11.764873191856907,27.375339353149823
gamut_042_cmcmym,gamut_045_mmcmmm,11.723562371903695,27.966810827274855
gamut_042_cmcmym,gamut_046_m,14.306486434004723,36.200587238128
gamut_042_cmcmym,gamut_047_cmym,10.339950076447545,15.282332428635206
gamut_042_cmcmym,gamut_048_cmmym,6.1529400313119,9.026238109592505
gamut_042_cmcmym,gamut_049_cmmmym,6.904556788531644,11.001286059750766
gamut_042_cmcmym,gamut_050_mmmymm,14.727454255068695,29.0888747694195
gamut_042_cmcmym,gamut_051_mmmym,15.581912365576292,29.83880300040842
gamut_042_cmcmym,gamut_052_mmmy,17.504303426090164,31.877313326240458
gamut_042_cmcmym,gamut_053_mmy,19.76913781917384,33.970617068329666
gamut_042_cmcmym,gamut_054_cmymym,15.338200098685782,22.155896458880527
gamut_042_cmcmym,gamut_055_mmymy,22.296425455139865,37.46969336895846
gamut_043_cmmm,gamut_044_mcmmm,2.028945803783039,3.244283203963962
gamut_043_cmmm,gamut_045_mmcmmm,3.1315580452475587,5.493529016451928
gamut_043_cmmm,gamut_046_m,11.459864137877993,22.287736058261086
gamut_043_cmmm,gamut_047_cmym,20.76947847076292,41.1051440993868
gamut_043_cmmm,gamut_048_cmmym,14.6790739488037,30.96874967796471
gamut_043_cmmm,gamut_049_cmmmym,12.292002983857751,25.73908002874151
gamut_043_cmmm,gamut_050_mmmymm,17.922857380873122,33.709638405119385
gamut_043_cmmm,gamut_051_mmmym,19.558939306343742,36.83727683755439
gamut_043_cmmm,gamut_052_mmmy,22.87339264320189,43.072501235630654
gamut_043_cmmm,gamut_053_mmy,26.608839715546925,49.225670882819315
gamut_043_cmmm,gamut_054_cmymym,25.421713451183468,46.646055440157
gamut_043_cmmm,gamut_055_mmymy,29.98849449630462,54.648989002086914
gamut_044_mcmmm,gamut_045_mmcmmm,1.5041035307141675,2.6276435347440636
gamut_044_mcmmm,gamut_046_m,10.419906745458498,19.79360389558777
gamut_044_mcmmm,gamut_047_cmym,20.349228158211343,40.23998162402926
gamut_044_mcmmm,gamut_048_cmmym,14.015418952050084,29.909899371649914
gamut_044_mcmmm,gamut_049_cmmmym,11.394684088945903,24.356231465116874
gamut_044_mcmmm,gamut_050_mmmymm,16.949181309077797,31.312477779898238
gamut_044_mcmmm,gamut_051_mmmym,18.63635388101213,34.49628549650942
gamut_044_mcmmm,gamut_052_mmmy,22.041686267968185,40.83641368897845
gamut_044_mcmmm,gamut_053_mmy,25.9198207142023,47.16398475438705
gamut_044_mcmmm,gamut_054_cmymym,24.925427858058356,45.458971974996864
gamut_044_mcmmm,gamut_055_mmymy,29.40681471505071,52.6666405373596
gamut_045_mmcmmm,gamut_046_m,8.955108764180261,17.167614894693394
gamut_045_mmcmmm,gamut_047_cmym,19.962414104708543,40.21163257931067
gamut_045_mmcmmm,gamut_048_cmmym,13.479251758263207,29.77148177731898
gamut_045_mmcmmm,gamut_049_cmmmym,10.69551830126031,23.969215558087996
gamut_045_mmcmmm,gamut_050_mmmymm,15.747035580032737,29.414437209385646
gamut_045_mmcmmm,gamut_051_mmmym,17.488962100919622,32.68554498506287
gamut_045_mmcmmm,gamut_052_mmmy,21.022006963846433,39.20390216428212
gamut_045_mmcmmm,gamut_053_mmy,25.056384440418075,45.75437899111418
gamut_045_mmcmmm,gamut_054_cmymym,24.49998514242998,45.14175157909576
gamut_045_mmcmmm,gamut_055_mmymy,28.654426739377605,51.352750305586696
gamut_046_m,gamut_047_cmym,18.99824613972954,43.687182872522904
gamut_046_m,gamut_048_cmmym,13.011726120954375,33.88226831074129
gamut_046_m,gamut_049_cmmmym,10.286079853255805,27.813843575497977
gamut_046_m,gamut_050_mmmymm,9.326366658925652,20.894519242558403
gamut_046_m,gamut_051_mmmym,11.271091991970227,24.40267360714094
gamut_046_m,gamut_052_mmmy,15.420054345563635,31.6270232326188
gamut_046_m,gamut_053_mmy,20.24575814940914,39.35007906085839
gamut_046_m,gamut_054_cmymym,22.845924312190153,46.420100637115006
gamut_046_m,gamut_055_mmymy,24.36379577411059,45.281396598906284
gamut_047_cmym,gamut_048_cmmym,7.296915980934265,10.507209536458374
gamut_047_cmym,gamut_049_cmmmym,10.531210150372441,16.698832003255532
gamut_047_cmym,gamut_050_mmmymm,13.820991714448317,28.90638694152188
gamut_047_cmym,gamut_051_mmmym,13.332289432366741,27.794608854139252
gamut_047_cmym,gamut_052_mmmy,12.612194918107582,26.13725603592784
gamut_047_cmym,gamut_053_mmy,12.413714010358238,24.657493805553234
gamut_047_cmym,gamut_054_cmymym,5.025537312398234,7.192783639933599
gamut_047_cmym,gamut_055_mmymy,13.546383085163972,26.175097809884626
gamut_048_cmmym,gamut_049_cmmmym,3.354138126685088,6.289333951189122
gamut_048_cmmym,gamut_050_mmmymm,10.159065211065666,22.21582043899378
gamut_048_cmmym,gamut_051_mmmym,10.690253826753347,22.2972659165865
gamut_048_cmmym,gamut_052_mmmy,12.277470246553772,23.425138167672106
gamut_048_cmmym,gamut_053_mmy,14.681131135928252,25.243967486593963
gamut_048_cmmym,gamut_054_cmymym,11.490592065861062,15.711948387529803
gamut_048_cmmym,gamut_055_mmymy,17.51504660453632,28.865649798098136
gamut_049_cmmmym,gamut_050_mmmymm,9.210349042674098,18.60440816019476
gamut_049_cmmmym,gamut_051_mmmym,10.292154495494309,19.600585783459067
gamut_049_cmmmym,gamut_052_mmmy,12.86665220326922,22.59594833806972
gamut_049_cmmmym,gamut_053_mmy,16.183113103618947,26.30207188008009
gamut_049_cmmmym,gamut_054_cmymym,14.551971198782736,21.17264261443255
gamut_049_cmmmym,gamut_055_mmymy,19.50242207603961,30.85652004964327
gamut_050_mmmymm,gamut_051_mmmym,2.012767337386359,3.5591583182347186
gamut_050_mmmymm,gamut_052_mmmy,6.283254801694929,10.774984615439726
gamut_050_mmmymm,gamut_053_mmy,11.244059558297437,18.458553109278988
gamut_050_mmmymm,gamut_054_cmymym,15.846878512404388,29.08857602857293
gamut_050_mmmymm,gamut_055_mmymy,15.411477959715182,24.391203141265812
gamut_051_mmmym,gamut_052_mmmy,4.292643947472897,7.232457450602657
gamut_051_mmmym,gamut_053_mmy,9.284644906436204,14.975044217576377
gamut_051_mmmym,gamut_054_cmymym,14.719728642133715,27.175888990725056
gamut_051_mmmym,gamut_055_mmymy,13.451976280544006,20.899806015234223
gamut_052_mmmy,gamut_053_mmy,5.041853886144981,7.860086563973479
gamut_052_mmmy,gamut_054_cmymym,12.433054776574497,23.72455685139165
gamut_052_mmmy,gamut_055_mmymy,9.188219259040723,13.7401889928536
gamut_053_mmy,gamut_054_cmymym,10.306638691406942,20.308906616232612
gamut_053_mmy,gamut_055_mmymy,4.1115823788710975,5.9340343011415415
gamut_054_cmymym,gamut_055_mmymy,10.097584394734534,20.557292894592166
