group_name,triangle_name,panel_name,sub_gamut_name,source_registration,global_label,region_index,label,stack_token,fC,fM,fY,site_x,site_y,expected_hex,expected_R,expected_G,expected_B,expected_L,expected_a,expected_b,polygon_xy,max_height,max_run,distinct_lte,preset,sample_pixels,raw_region_pixels,core_region_pixels,candidate_mask_pixels,sample_mask_pixels,old_color_mask_pixels,old_color_mask_fraction,sample_core_fraction_requested,sample_core_fraction_used,erosion_px_used,lab_trim_percentile,lab_trim_cutoff_deltaE00,lab_trimmed_pixels,lab_trimmed_fraction,measured_hex,measured_R,measured_G,measured_B,measured_L,measured_a,measured_b,measured_L_mean,measured_a_mean,measured_b_mean,deltaE00_to_expected,deltaE76_to_expected,within_region_deltaE00_median,within_region_deltaE00_p90,within_region_deltaE00_sd,hue_angle_degrees,measured_chroma
panel_01_up_left,panel_01_up_left__corner_1,panel_01_up_left,corner_1,panel_landmarks,panel_01_up_left__corner_1::gamut_001_my,1,gamut_001_my,my,0.0,0.5,0.5,0.75,0.4330127018922193,#e17c4b,0.8823529411764706,0.48627450980392156,0.29411764705882354,62.45289702748056,35.06929839281481,43.41945673452145,"[[0.5, 0.34641016151377513], [0.5, 0.34641016151377513], [0.5, 0.28867513459481287], [0.55, 0.2598076211353315], [0.5500000000000003, 0.25980762113533146], [0.7750000000000001, 0.38971143170299727], [0.7250000000000001, 0.47631397208144116]]",6,2,2,simple,134,2473,1078,136,134,136,1.0,0.65,0.65,6,98.0,1.698046593476718,2,0.014705882352941176,#47994c,0.2784314,0.6,0.29803923,56.718750473583526,-41.36772292460067,32.39266404472271,56.723380974578326,-41.33493836248224,32.35787592915057,50.099910328284174,77.44087306845395,0.9691887938514558,1.3771666585364626,0.40620798277023074,141.93756458068748,52.54115704741192
panel_01_up_left,panel_01_up_left__corner_1,panel_01_up_left,corner_1,panel_landmarks,panel_01_up_left__corner_1::gamut_002_mymyy,2,gamut_002_mymyy,mymyy,0.0,0.4,0.6,0.7,0.5196152422706631,#e78f3c,0.9058823529411765,0.5607843137254902,0.23529411764705882,67.25038043422728,26.766151588117626,56.050858524577286,"[[0.49999999999999994, 0.44263520637871284], [0.49999999999999994, 0.44263520637871284], [0.49999999999999994, 0.3464101615137752], [0.7250000000000001, 0.47631397208144116], [0.6833333333333335, 0.5484827557301443]]",6,2,2,simple,98,1830,778,100,98,100,1.0,0.65,0.65,5,98.0,2.026709954713878,2,0.02,#3c915f,0.23529412,0.5686275,0.37254903,54.023774570927685,-37.378323620068294,19.099879989865453,53.98053108250109,-37.45978063915626,19.007535001301935,44.543558689939715,75.19861446243132,0.9072687566592594,1.6091100346635185,0.4570620319331797,152.933506501363,41.97552253723374
panel_01_up_left,panel_01_up_left__corner_1,panel_01_up_left,corner_1,panel_landmarks,panel_01_up_left__corner_1::gamut_003_myy,3,gamut_003_myy,myy,0.0,0.3333333333333333,0.6666666666666666,0.6666666666666666,0.5773502691896257,#eb9d32,0.9215686274509803,0.615686274509804,0.19607843137254902,70.87834005274337,20.623964460334378,63.79337035503971,"[[0.5, 0.5292377467571571], [0.4999999999999999, 0.5292377467571567], [0.49999999999999994, 0.4426352063787129], [0.6833333333333335, 0.5484827557301444], [0.6458333333333334, 0.6134346610139774]]",6,2,2,simple,113,1324,565,115,113,115,1.0,0.65,0.65,4,98.0,1.4871902181055343,2,0.017391304347826087,#338a68,0.2,0.5411765,0.40784314,51.70004320635043,-34.52847146063354,10.640722590302243,51.75793309822435,-34.603605665665846,10.799717037206776,43.29294700572515,78.96076381562611,0.4262817398211434,1.1310552382847427,0.3962343407957223,162.872145148247,36.13087763467078
panel_01_up_left,panel_01_up_left__corner_1,panel_01_up_left,corner_1,panel_landmarks,panel_01_up_left__corner_1::gamut_004_ymyy,4,gamut_004_ymyy,ymyy,0.0,0.25,0.75,0.625,0.649519052838329,#f0ad25,0.9411764705882353,0.6784313725490196,0.1450980392156863,75.17069205620427,13.897348872566884,71.97054159381838,"[[0.5, 0.6062177826491071], [0.5, 0.6062177826491071], [0.5, 0.529237746757157], [0.6458333333333334, 0.6134346610139774], [0.6125, 0.6711696879329399]]",6,2,2,simple,45,918,399,45,45,45,1.0,0.65,0.65,4,98.0,,0,0.0,#2c8279,0.17254902,0.50980395,0.4745098,49.264127084860604,-27.431907553476965,-2.6777497363106306,49.228336973148565,-27.34915423818321,-2.876992556181999,44.72798689838818,89.17188426769927,0.6523582149284672,1.260874319462375,0.43336383283321755,185.57523103656993,27.56229119055269
panel_01_up_left,panel_01_up_left__corner_1,panel_01_up_left,corner_1,panel_landmarks,panel_01_up_left__corner_1::gamut_005_yymyy,5,gamut_005_yymyy,yymyy,0.0,0.2,0.8,0.6000000000000001,0.6928203230275509,#f3b71e,0.9529411764705882,0.7176470588235294,0.11764705882352941,77.88658998186094,9.774007373456461,76.02676705068747,"[[0.5, 0.7505553499465134], [0.5, 0.6062177826491071], [0.6125, 0.6711696879329399], [0.55, 0.7794228634059948]]",6,2,2,simple,79,1108,488,79,79,79,1.0,0.65,0.65,5,98.0,,0,0.0,#287d85,0.15686275,0.49019608,0.52156866,47.894824178318736,-22.19633388432468,-11.67830473894349,47.92495512660459,-22.093830312605782,-11.693563306120213,48.14288563363345,98.04992786217555,1.164881997599686,2.139461642315802,0.6547970228712207,207.75050249537884,25.081069344827583
panel_01_up_left,panel_01_up_left__corner_1,panel_01_up_left,corner_1,panel_landmarks,panel_01_up_left__corner_1::gamut_006_y,6,gamut_006_y,y,0.0,0.0,1.0,0.5,0.8660254037844386,#ffdf00,1.0,0.8745098039215686,0.0,88.94096720886532,-5.949434572648293,88.5567575521992,"[[0.45, 0.7794228634059948], [0.5, 0.7505553499465135], [0.5499999999999999, 0.7794228634059948], [0.5, 0.8660254037844386]]",6,2,2,simple,45,543,232,45,45,45,1.0,0.65,0.65,3,98.0,,0,0.0,#1a6ac1,0.101960786,0.41568628,0.75686276,44.7673883560852,9.261668081506135,-51.51657781151893,44.779839688691794,9.172056837417447,-51.632723853233216,70.29129078874152,147.65914124271023,0.3711610603932929,0.4540902058129436,0.17301747663819306,280.1917828629422,52.342490245137114
panel_01_up_left,panel_01_up_left__corner_1,panel_01_up_left,corner_1,panel_landmarks,panel_01_up_left__corner_1::gamut_007_yycyy,7,gamut_007_yycyy,yycyy,0.2,0.0,0.8,0.4,0.6928203230275509,#d7da2c,0.8431372549019608,0.8549019607843137,0.17254901960784313,84.3667653359768,-19.647053313897157,76.98686095704784,"[[0.45, 0.7794228634059948], [0.38750000000000007, 0.6711696879329401], [0.5, 0.6062177826491071], [0.49999999999999994, 0.606217782649107], [0.5, 0.7505553499465134]]",6,2,2,simple,67,1096,467,67,67,67,1.0,0.65,0.65,5,98.0,,0,0.0,#157590,0.08235294,0.45882353,0.5647059,45.488853922220436,-16.208877421336144,-22.126883354234494,45.47098656452378,-16.306721842256376,-22.074466183589017,56.84407912667185,106.52158166665723,0.48574838828351735,0.9990637173381132,0.3847418691939297,233.7756473634984,27.42857404663611
panel_01_up_left,panel_01_up_left__corner_1,panel_01_up_left,corner_1,panel_landmarks,panel_01_up_left__corner_1::gamut_008_ycyy,8,gamut_008_ycyy,ycyy,0.25,0.0,0.75,0.375,0.649519052838329,#cdd937,0.803921568627451,0.8509803921568627,0.21568627450980393,83.38010598564017,-22.911475895264044,72.6579380339764,"[[0.49999999999999994, 0.6062177826491072], [0.38750000000000007, 0.6711696879329401], [0.3541666666666665, 0.6134346610139771], [0.4999999999999999, 0.5292377467571566], [0.5, 0.529237746757157], [0.5, 0.606217782649107]]",6,2,2,simple,55,935,408,55,55,55,1.0,0.65,0.65,4,98.0,,0,0.0,#147482,0.078431375,0.45490196,0.50980395,44.589162173705326,-20.780730183693585,-15.17752765209015,44.69826800667166,-20.752146686660886,-15.282318603305837,51.434588213602176,96.04346115897863,0.3622378754907226,0.5770331946579182,0.2697812001239195,216.1431018678488,25.733171056001527
panel_01_up_left,panel_01_up_left__corner_1,panel_01_up_left,corner_1,panel_landmarks,panel_01_up_left__corner_1::gamut_009_cyy,9,gamut_009_cyy,cyy,0.3333333333333333,0.0,0.6666666666666666,0.3333333333333333,0.5773502691896257,#bdd749,0.7411764705882353,0.8431372549019608,0.28627450980392155,81.78436408497542,-27.531586792779173,64.35620557265086,"[[0.5000000000000001, 0.5292377467571565], [0.3541666666666665, 0.6134346610139771], [0.31666666666666654, 0.5484827557301443], [0.4999999999999999, 0.44263520637871295], [0.49999999999999994, 0.4426352063787134], [0.49999999999999994, 0.529237746757157]]",6,2,2,simple,115,1355,574,116,115,116,1.0,0.65,0.65,4,98.0,1.3541745621690529,1,0.008620689655172414,#157473,0.08235294,0.45490196,0.4509804,44.054713680749266,-25.685429470961445,-6.9803014595476665,44.002655832240826,-25.66596632857892,-6.913972450731446,45.07302029618984,80.72070398625704,0.44407756204940324,0.8764017351539168,0.33249446797277965,195.20358276191558,26.617022665465385
panel_01_up_left,panel_01_up_left__corner_1,panel_01_up_left,corner_1,panel_landmarks,panel_01_up_left__corner_1::gamut_010_cycyy,10,gamut_010_cycyy,cycyy,0.4,0.0,0.6,0.3,0.5196152422706631,#b0d558,0.6901960784313725,0.8352941176470589,0.34509803921568627,80.47282173371678,-30.62907611862564,56.47710040787457,"[[0.49999999999999994, 0.44263520637871295], [0.3166666666666666, 0.5484827557301443], [0.27500000000000013, 0.47631397208144144], [0.5, 0.3464101615137757], [0.5, 0.34641016151377535], [0.5, 0.4426352063787127]]",6,2,2,simple,98,1809,778,100,98,100,1.0,0.65,0.65,5,98.0,0.8253227309341736,2,0.02,#14746a,0.078431375,0.45490196,0.41568628,43.76896986522904,-28.676267167676766,-2.0419677974119366,43.94214922570725,-28.714539267379795,-1.989061157945823,41.04124583718581,69.10475778409018,0.36128494483986584,0.7043833148908978,0.23951426642136106,184.0730193950636,28.748877041680146
panel_01_up_left,panel_01_up_left__corner_1,panel_01_up_left,corner_1,panel_landmarks,panel_01_up_left__corner_1::gamut_011_cy,11,gamut_011_cy,cy,0.5,0.0,0.5,0.25,0.4330127018922193,#9cd36e,0.611764705882353,0.8274509803921568,0.43137254901960786,78.9150462873468,-34.99013382693389,44.14872186254153,"[[0.4999999999999999, 0.3464101615137758], [0.2750000000000002, 0.47631397208144144], [0.22500000000000003, 0.3897114317029974], [0.45, 0.25980762113533157], [0.45, 0.25980762113533157], [0.5, 0.28867513459481287], [0.5, 0.34641016151377524]]",6,2,2,simple,144,2494,1089,145,144,145,1.0,0.65,0.65,6,98.0,0.9765409757734134,1,0.006896551724137931,#12785d,0.07058824,0.47058824,0.3647059,44.682400069769315,-34.11162753443145,6.6094675252267425,44.570211316472125,-34.07538967472902,6.7273676638040145,34.101604589350025,50.81182398384647,0.34730817563591443,0.643855524765861,0.26052630301487295,169.0342533964764,34.74605292712841
panel_01_up_left,panel_01_up_left__corner_1,panel_01_up_left,corner_1,panel_landmarks,panel_01_up_left__corner_1::gamut_012_ccycy,12,gamut_012_ccycy,ccycy,0.6,0.0,0.4,0.2,0.34641016151377546,#88d184,0.5333333333333333,0.8196078431372549,0.5176470588235295,77.57843488375325,-37.888046728189686,31.195962138943845,"[[0.36666666666666653, 0.21169509870286277], [0.36666666666666714, 0.21169509870286302], [0.45, 0.25980762113533157], [0.225, 0.3897114317029973], [0.18333333333333335, 0.3175426480542941]]",6,2,2,simple,92,1772,756,92,92,92,1.0,0.65,0.65,5,98.0,,0,0.0,#107450,0.0627451,0.45490196,0.3137255,43.03192084574044,-36.18550765696635,12.368302621676165,43.20466224752245,-36.19451329173609,12.174783137825047,31.551380878453394,39.380719068673926,0.3556110674675935,0.802969464662892,0.30923176788327295,161.12943560897634,38.2408926953037
panel_01_up_left,panel_01_up_left__corner_1,panel_01_up_left,corner_1,panel_landmarks,panel_01_up_left__corner_1::gamut_013_ccy,13,gamut_013_ccy,ccy,0.6666666666666666,0.0,0.3333333333333333,0.16666666666666666,0.28867513459481287,#7bcf92,0.4823529411764706,0.8117647058823529,0.5725490196078431,76.6242576233587,-38.596781108295175,22.516384217852845,"[[0.29166666666666674, 0.16839382851364088], [0.29166666666666674, 0.16839382851364088], [0.3666666666666666, 0.21169509870286274], [0.18333333333333332, 0.3175426480542941], [0.14583333333333337, 0.2525907427704613]]",6,2,2,simple,43,1289,581,43,43,43,1.0,0.65,0.65,5,98.0,,0,0.0,#0e724a,0.05490196,0.44705883,0.2901961,42.179305378719064,-36.747318861755446,14.282091120540352,42.10020925615916,-36.86419702951607,14.668003241662587,30.815942108192772,35.463767827873696,0.3195183715478781,0.6365819982817167,0.2508976399780636,158.76105196662218,39.4251641759796
panel_01_up_left,panel_01_up_left__corner_1,panel_01_up_left,corner_1,panel_landmarks,panel_01_up_left__corner_1::gamut_014_ccyc,14,gamut_014_ccyc,ccyc,0.75,0.0,0.25,0.125,0.21650635094610965,#6bcda5,0.4196078431372549,0.803921568627451,0.6470588235294118,75.7627364620849,-38.23104893684348,11.116976934990475,"[[0.22499999999999984, 0.12990381056766567], [0.2916666666666667, 0.16839382851364085], [0.14583333333333337, 0.2525907427704613], [0.11250000000000002, 0.1948557158514987], [0.22500000000000003, 0.12990381056766576]]",6,2,2,simple,50,926,406,50,50,50,1.0,0.65,0.65,4,98.0,,0,0.0,#0f7343,0.05882353,0.4509804,0.2627451,42.38617838662894,-38.52868199214859,18.678432260591492,42.28584697220266,-38.68260582514461,18.834925249238847,30.013569043117005,34.22365879097316,0.2955190324598386,0.4207292888277756,0.14060908846153147,154.13622092163837,42.81755677015703
panel_01_up_left,panel_01_up_left__corner_1,panel_01_up_left,corner_1,panel_landmarks,panel_01_up_left__corner_1::gamut_015_ccycc,15,gamut_015_ccycc,ccycc,0.8,0.0,0.2,0.1,0.17320508075688773,#61ccb0,0.3803921568627451,0.8,0.6901960784313725,75.36328019947463,-37.63795429928929,4.586277188762633,"[[0.22499999999999995, 0.12990381056766578], [0.11249999999999999, 0.19485571585149866], [0.04999999999999999, 0.08660254037844385], [0.1, 0.05773502691896256]]",6,2,2,simple,45,1087,471,45,45,45,1.0,0.65,0.65,5,98.0,,0,0.0,#0d713a,0.050980393,0.44313726,0.22745098,41.56133030717621,-40.163264280520224,23.100411654463215,41.645141173189245,-40.07115184385649,23.05669296626717,31.92431318693129,38.622819447016035,0.36301236495203776,0.47613677156401485,0.16671676464623014,150.09409276659494,46.33267547069316
panel_01_up_left,panel_01_up_left__corner_1,panel_01_up_left,corner_1,panel_landmarks,panel_01_up_left__corner_1::gamut_016_c,16,gamut_016_c,c,1.0,0.0,0.0,0.0,0.0,#3ac8dc,0.22745098039215686,0.7843137254901961,0.8627450980392157,74.42655654335444,-30.326087604312878,-20.705156122725967,"[[0.1, 0.057735026918962574], [0.05, 0.08660254037844387], [0.0, 0.0], [0.10000000000000002, 0.0]]",6,2,2,simple,63,537,237,63,63,63,1.0,0.65,0.65,3,98.0,,0,0.0,#08732d,0.03137255,0.4509804,0.1764706,42.002607265232385,-43.42510516907178,30.57535054727476,42.031012008742486,-43.378366691449976,30.54732040981266,42.43547619143146,62.06921227375197,0.35193045614161805,0.6881595580921054,0.2867398692725714,144.85085840836132,53.109244205069224
panel_01_up_left,panel_01_up_left__corner_1,panel_01_up_left,corner_1,panel_landmarks,panel_01_up_left__corner_1::gamut_017_ccmcc,17,gamut_017_ccmcc,ccmcc,0.8,0.2,0.0,0.2,0.0,#55a5ce,0.3333333333333333,0.6470588235294118,0.807843137254902,64.39915620027084,-12.522958683054753,-28.313954637547667,"[[0.22499999999999998, 0.12990381056766578], [0.22499999999999992, 0.12990381056766576], [0.1, 0.05773502691896257], [0.10000000000000002, 0.0], [0.22499999999999998, 0.0]]",6,2,2,simple,56,1094,495,56,56,56,1.0,0.65,0.65,6,98.0,,0,0.0,#168023,0.08627451,0.5019608,0.13725491,46.62494059502802,-47.817860763488454,40.80777344737944,46.744565199792035,-47.81603025193702,40.6879789761988,46.62828418667741,79.62076454478229,0.32631322484898634,0.40329539019135385,0.19702997928846802,139.52255061167347,62.863520277892604
panel_01_up_left,panel_01_up_left__corner_1,panel_01_up_left,corner_1,panel_landmarks,panel_01_up_left__corner_1::gamut_018_ccmc,18,gamut_018_ccmc,ccmc,0.75,0.25,0.0,0.25,0.0,#5c9cca,0.3607843137254902,0.611764705882353,0.792156862745098,61.92440441812144,-7.364048329696504,-29.88546306665585,"[[0.29166666666666663, 0.16839382851364085], [0.29166666666666674, 0.16839382851364088], [0.22499999999999992, 0.12990381056766573], [0.22499999999999995, 0.12990381056766576], [0.22499999999999998, 0.0], [0.29166666666666674, 0.0]]",6,2,2,simple,55,962,407,55,55,55,1.0,0.65,0.65,5,98.0,,0,0.0,#178520,0.09019608,0.52156866,0.1254902,48.36014707758483,-49.230081243819974,43.40328889697525,48.358206047703426,-49.252322112867716,43.165363414470036,47.77658880657718,85.48681157671874,0.3660028392610193,0.45737757002212703,0.15229682851764886,138.5992574265793,65.63113884694833
panel_01_up_left,panel_01_up_left__corner_1,panel_01_up_left,corner_1,panel_landmarks,panel_01_up_left__corner_1::gamut_019_ccm,19,gamut_019_ccm,ccm,0.6666666666666666,0.3333333333333333,0.0,0.3333333333333333,0.0,#678dc4,0.403921568627451,0.5529411764705883,0.7686274509803922,57.95834963869487,1.909786468417607,-32.625876079859225,"[[0.3666666666666667, 0.2116950987028628], [0.36666666666666675, 0.2116950987028628], [0.29166666666666674, 0.16839382851364085], [0.2916666666666667, 0.16839382851364082], [0.2916666666666667, 0.0], [0.3666666666666667, 0.0]]",6,2,2,simple,67,1341,575,67,67,67,1.0,0.65,0.65,6,98.0,,0,0.0,#208d1e,0.1254902,0.5529412,0.11764706,51.20885370761573,-50.89567377737406,47.05617510103542,51.20715994042576,-50.91108376207233,47.07372970322595,49.26559876724359,95.82902278270531,0.059607562869284564,0.3565631580087481,0.14583883839335415,137.2447203203223,69.3156059224197
panel_01_up_left,panel_01_up_left__corner_1,panel_01_up_left,corner_1,panel_landmarks,panel_01_up_left__corner_1::gamut_020_ccmcm,20,gamut_020_ccmcm,ccmcm,0.6,0.4,0.0,0.4,0.0,#7082c0,0.4392156862745098,0.5098039215686274,0.7529411764705882,55.29267420281303,9.505154374171154,-34.4733226879592,"[[0.44999999999999996, 0.25980762113533157], [0.4500000000000001, 0.2598076211353316], [0.3666666666666665, 0.21169509870286266], [0.36666666666666675, 0.21169509870286288], [0.3666666666666667, 0.0], [0.44999999999999996, 0.0]]",6,2,2,simple,92,1827,826,92,92,92,1.0,0.65,0.65,7,98.0,,0,0.0,#25961d,0.14509805,0.5882353,0.11372549,54.30579057790891,-52.85988535703643,50.17127579161024,54.243041868434965,-52.92991891968694,50.26232810153967,50.22539284594703,105.14314134422527,0.38312563189775684,0.7168329597793099,0.22233889835653858,136.49480047883196,72.87883365228103
panel_01_up_left,panel_01_up_left__corner_1,panel_01_up_left,corner_1,panel_landmarks,panel_01_up_left__corner_1::gamut_021_cm,21,gamut_021_cm,cm,0.5,0.5,0.0,0.5,0.0,#7e70b9,0.49411764705882355,0.4392156862745098,0.7254901960784313,51.29732537689088,22.192773865570615,-36.6472398512226,"[[0.55, 0.2598076211353316], [0.5, 0.2886751345948129], [0.4500000000000002, 0.25980762113533173], [0.44999999999999996, 0.25980762113533157], [0.44999999999999996, 0.0], [0.55, 0.0]]",6,2,2,simple,137,2534,1072,140,137,140,1.0,0.65,0.65,8,98.0,1.725855291877586,3,0.02142857142857143,#33a21c,0.2,0.63529414,0.10980392,58.607807452005886,-54.405978543976495,54.57359176578747,58.58426894536438,-54.43397112858915,54.647517503384556,52.180235215570704,119.34006929681489,0.31079461451119883,0.6480988017382581,0.2705736465337344,134.9118777712132,77.06028432043614
panel_01_up_left,panel_01_up_left__corner_1,panel_01_up_left,corner_1,panel_landmarks,panel_01_up_left__corner_1::gamut_022_cmcmm,22,gamut_022_cmcmm,cmcmm,0.4,0.6,0.0,0.6,0.0,#8c5fb2,0.5490196078431373,0.37254901960784315,0.6980392156862745,48.227853537804535,34.47023920646486,-37.32564454758596,"[[0.6333333333333334, 0.2116950987028627], [0.6333333333333331, 0.211695098702863], [0.5500000000000002, 0.25980762113533157], [0.55, 0.2598076211353316], [0.55, 0.0], [0.6333333333333334, 0.0]]",6,2,2,simple,78,1833,808,78,78,78,1.0,0.65,0.65,7,98.0,,0,0.0,#49ae17,0.28627452,0.68235296,0.09019608,63.16919793094597,-53.68815743820565,60.40968204103989,63.16234523307998,-53.79966520032132,60.30307712601451,77.65085621448746,132.46637586428818,0.3713694993185265,0.8460212145059068,0.2394199305660791,131.6285915975194,80.81922997287894
panel_01_up_left,panel_01_up_left__corner_1,panel_01_up_left,corner_1,panel_landmarks,panel_01_up_left__corner_1::gamut_023_cmm,23,gamut_023_cmm,cmm,0.3333333333333333,0.6666666666666666,0.0,0.6666666666666666,0.0,#9553ad,0.5843137254901961,0.3254901960784314,0.6784313725490196,46.43717552780805,42.58465688514468,-37.152504170448154,"[[0.7083333333333331, 0.168393828513641], [0.7083333333333331, 0.168393828513641], [0.6333333333333333, 0.2116950987028628], [0.6333333333333334, 0.0], [0.7083333333333333, 0.0]]",6,2,2,simple,74,1347,596,74,74,74,1.0,0.65,0.65,6,98.0,,0,0.0,#58b815,0.34509805,0.72156864,0.08235294,66.79250694038737,-53.30759318807687,64.08239984644058,66.75769600489117,-53.318402510752705,64.04653039653113,82.22303029548853,140.91901551007894,0.25544297131889704,0.33827436473016353,0.11665279167252009,129.75572008508698,83.35618430317325
panel_01_up_left,panel_01_up_left__corner_1,panel_01_up_left,corner_1,panel_landmarks,panel_01_up_left__corner_1::gamut_024_mcmm,24,gamut_024_mcmm,mcmm,0.25,0.75,0.0,0.75,0.0,#a044a7,0.6274509803921569,0.26666666666666666,0.6549019607843137,44.800029665938034,51.92297921655648,-36.09631750039897,"[[0.7750000000000006, 0.12990381056766542], [0.7750000000000004, 0.12990381056766562], [0.7083333333333331, 0.16839382851364093], [0.7083333333333331, 0.0], [0.7750000000000006, 0.0]]",6,2,2,simple,54,942,404,54,54,54,1.0,0.65,0.65,5,98.0,,0,0.0,#73c210,0.4509804,0.7607843,0.0627451,71.05188290767204,-49.04715105631146,69.11908410311631,71.02348439321239,-49.02744006004388,69.02212264626493,85.89856033300778,148.17019855738357,0.5556769221916146,1.3956182115872844,0.43600777861140233,125.35964900873358,84.7529988495646
panel_01_up_left,panel_01_up_left__corner_1,panel_01_up_left,corner_1,panel_landmarks,panel_01_up_left__corner_1::gamut_025_mmcmm,25,gamut_025_mmcmm,mmcmm,0.2,0.8,0.0,0.8,0.0,#a73ca4,0.6549019607843137,0.23529411764705882,0.6431372549019608,44.4176754796398,56.71421828170675,-34.84717030635769,"[[0.7750000000000006, 0.12990381056766537], [0.7750000000000006, 0.0], [0.8999999999999999, 0.0], [0.8999999999999999, 0.05773502691896263]]",6,2,2,simple,43,1094,470,43,43,43,1.0,0.65,0.65,6,98.0,,0,0.0,#85c90c,0.52156866,0.7882353,0.047058824,74.0001958902483,-45.361463300268966,72.44612461297943,73.99705387241825,-45.37911459495272,72.24138266838403,87.09845079297257,151.01795065129448,1.45714452151629,2.238656057864534,0.6843248914711292,122.05235541698352,85.47574699399236
panel_01_up_left,panel_01_up_left__corner_1,panel_01_up_left,corner_1,panel_landmarks,panel_01_up_left__corner_1::gamut_026_m,26,gamut_026_m,m,0.0,1.0,0.0,1.0,0.0,#c31996,0.7647058823529411,0.09803921568627451,0.5882352941176471,44.94517938493525,71.41561872915153,-25.286338363609783,"[[0.8999999999999999, 0.05773502691896262], [0.8999999999999999, 0.0], [1.0, 0.0], [0.95, 0.08660254037844395]]",6,2,2,simple,69,546,244,69,69,69,1.0,0.65,0.65,3,98.0,,0,0.0,#f2e211,0.9490196,0.8862745,0.06666667,88.5969017779276,-12.789278902652246,86.31269482539292,88.51791272393294,-13.031378045372293,86.26964544116467,82.27517350827908,146.45914741584954,0.22217024019266254,0.4781737257638817,0.22190223002416715,98.42840649389933,87.25506829331599
panel_01_up_left,panel_01_up_left__corner_1,panel_01_up_left,corner_1,panel_landmarks,panel_01_up_left__corner_1::gamut_027_mmymm,27,gamut_027_mmymm,mmymm,0.0,0.8,0.2,0.9,0.17320508075688773,#cf4078,0.8117647058823529,0.25098039215686274,0.47058823529411764,49.84848124885772,60.188269024954224,0.4786347756794429,"[[0.7750000000000004, 0.12990381056766553], [0.7750000000000004, 0.1299038105676656], [0.8999999999999999, 0.05773502691896262], [0.95, 0.08660254037844393], [0.8875000000000002, 0.19485571585149836]]",6,2,2,simple,43,1114,459,43,43,43,1.0,0.65,0.65,5,98.0,,0,0.0,#8abe31,0.5411765,0.74509805,0.19215687,71.22282969561071,-37.59202725942229,61.495374685515245,70.96268905637044,-37.61718303895134,61.608129755040736,73.84086661332265,117.22154947878916,2.401493822019492,3.126908017206291,1.0461195036089883,121.43738010369015,72.07524971295665
panel_01_up_left,panel_01_up_left__corner_1,panel_01_up_left,corner_1,panel_landmarks,panel_01_up_left__corner_1::gamut_028_mmym,28,gamut_028_mmym,mmym,0.0,0.75,0.25,0.875,0.21650635094610965,#d24a70,0.8235294117647058,0.2901960784313726,0.4392156862745098,51.57960032045129,56.37809473471766,7.85956369537153,"[[0.7083333333333333, 0.16839382851364088], [0.708333333333333, 0.1683938285136411], [0.7750000000000006, 0.12990381056766553], [0.7750000000000005, 0.12990381056766556], [0.8875000000000002, 0.19485571585149838], [0.8541666666666666, 0.2525907427704614]]",6,2,2,simple,40,921,389,40,40,40,1.0,0.65,0.65,4,98.0,,0,0.0,#7ab73c,0.4764706,0.7156863,0.23333333,68.10036793544168,-39.28149698349348,53.989742130797836,67.92721657923137,-39.461384286116655,53.78484505529875,69.79395496157795,107.4787728473285,1.0419290526803662,1.9246213922680142,0.6016343301148693,126.03863708014893,66.76771870158703
panel_01_up_left,panel_01_up_left__corner_1,panel_01_up_left,corner_1,panel_landmarks,panel_01_up_left__corner_1::gamut_029_mmy,29,gamut_029_mmy,mmy,0.0,0.6666666666666666,0.3333333333333333,0.8333333333333333,0.28867513459481287,#d75b64,0.8431372549019608,0.3568627450980392,0.39215686274509803,54.92109472478978,49.47976671792647,19.744343642877826,"[[0.6333333333333329, 0.21169509870286304], [0.6333333333333332, 0.2116950987028628], [0.708333333333333, 0.16839382851364093], [0.7083333333333333, 0.16839382851364088], [0.8541666666666666, 0.25259074277046145], [0.8166666666666667, 0.3175426480542943]]",6,2,2,simple,104,1283,569,107,104,107,1.0,0.65,0.65,4,98.0,1.7998670619354962,3,0.028037383177570093,#64ac45,0.39215687,0.6745098,0.27058825,63.91244625599518,-41.43680629338451,45.418920938732,63.99123509966903,-41.48369040691716,45.248013264365085,63.40808723666029,94.8991652745141,0.54426481398402,0.966583458026172,0.3299576679779072,132.3749721622802,61.48078801572291
panel_01_up_left,panel_01_up_left__corner_1,panel_01_up_left,corner_1,panel_landmarks,panel_01_up_left__corner_1::gamut_030_mmymy,30,gamut_030_mmymy,mmymy,0.0,0.6,0.4,0.8,0.34641016151377546,#db685a,0.8588235294117647,0.40784313725490196,0.35294117647058826,57.754183854481255,43.898425701771274,29.352331819167688,"[[0.5500000000000003, 0.2598076211353315], [0.5500000000000003, 0.2598076211353315], [0.6333333333333333, 0.21169509870286285], [0.6333333333333329, 0.21169509870286302], [0.8166666666666665, 0.3175426480542942], [0.775, 0.38971143170299727]]",6,2,2,simple,99,1790,780,101,99,101,1.0,0.65,0.65,5,98.0,3.0563600712168952,2,0.019801980198019802,#56a44a,0.3372549,0.6431373,0.2901961,60.79639994641086,-42.1589049416678,38.99568369415779,61.10155755268103,-42.00427583811234,38.95195048641171,58.12804436516936,86.64937086678165,0.9378709467000194,2.2601458265856564,0.7455415590852582,137.23212920445565,57.42853482943288
panel_01_up_left,panel_01_up_left__corner_2,panel_01_up_left,corner_2,panel_landmarks,panel_01_up_left__corner_2::gamut_001_my,1,gamut_001_my,my,0.0,0.5,0.5,0.75,0.4330127018922193,#e17c4b,0.8823529411764706,0.48627450980392156,0.29411764705882354,62.45289702748056,35.06929839281481,43.41945673452145,"[[0.5, 0.34641016151377513], [0.5, 0.34641016151377513], [0.5, 0.28867513459481287], [0.55, 0.2598076211353315], [0.5500000000000003, 0.25980762113533146], [0.7750000000000001, 0.38971143170299727], [0.7250000000000001, 0.47631397208144116]]",6,2,2,simple,82,2800,1195,82,82,0,0.0,0.65,0.65,7,98.0,,0,0.0,#5f5451,0.37254903,0.32941177,0.31764707,36.71136960100618,3.722094680174232,3.245565652968213,36.752900410329346,3.6052491537824025,3.4731736667736,33.70536836798726,57.089534412904634,0.9719874587260787,1.7926967922591175,0.6398800607530332,41.08754579894406,4.9383889291861465
panel_01_up_left,panel_01_up_left__corner_2,panel_01_up_left,corner_2,panel_landmarks,panel_01_up_left__corner_2::gamut_002_mymyy,2,gamut_002_mymyy,mymyy,0.0,0.4,0.6,0.7,0.5196152422706631,#e78f3c,0.9058823529411765,0.5607843137254902,0.23529411764705882,67.25038043422728,26.766151588117626,56.050858524577286,"[[0.49999999999999994, 0.44263520637871284], [0.49999999999999994, 0.44263520637871284], [0.49999999999999994, 0.3464101615137752], [0.7250000000000001, 0.47631397208144116], [0.6833333333333335, 0.5484827557301443]]",6,2,2,simple,50,1972,870,50,50,50,1.0,0.65,0.65,6,98.0,,0,0.0,#6e515a,0.42941177,0.31764707,0.3529412,37.762750037277115,13.432365379311806,-0.6887008902068725,37.806328928495,13.460109558960937,-0.7570917673892912,40.62393765369321,65.31988827051912,0.6645357125457968,1.5638002839421232,0.5132961485609318,357.06491518078735,13.450009241614154
panel_01_up_left,panel_01_up_left__corner_2,panel_01_up_left,corner_2,panel_landmarks,panel_01_up_left__corner_2::gamut_003_myy,3,gamut_003_myy,myy,0.0,0.3333333333333333,0.6666666666666666,0.6666666666666666,0.5773502691896257,#eb9d32,0.9215686274509803,0.615686274509804,0.19607843137254902,70.87834005274337,20.623964460334378,63.79337035503971,"[[0.5, 0.5292377467571571], [0.4999999999999999, 0.5292377467571567], [0.49999999999999994, 0.4426352063787129], [0.6833333333333335, 0.5484827557301444], [0.6458333333333334, 0.6134346610139774]]",6,2,2,simple,52,1504,621,52,52,52,1.0,0.65,0.65,5,98.0,,0,0.0,#774d60,0.46666667,0.3019608,0.3764706,38.00963340581353,20.182343451240286,-3.6840868012837866,38.063357696138084,20.22286285350153,-3.6823560953625267,47.542223886676496,75.0583381779871,0.5714941400249945,0.9757558531978162,0.29797264906300047,349.6551198945836,20.515834926788017
panel_01_up_left,panel_01_up_left__corner_2,panel_01_up_left,corner_2,panel_landmarks,panel_01_up_left__corner_2::gamut_004_ymyy,4,gamut_004_ymyy,ymyy,0.0,0.25,0.75,0.625,0.649519052838329,#f0ad25,0.9411764705882353,0.6784313725490196,0.1450980392156863,75.17069205620427,13.897348872566884,71.97054159381838,"[[0.5, 0.6062177826491071], [0.5, 0.6062177826491071], [0.5, 0.529237746757157], [0.6458333333333334, 0.6134346610139774], [0.6125, 0.6711696879329399]]",6,2,2,simple,82,1043,468,82,82,82,1.0,0.65,0.65,4,98.0,,0,0.0,#864b6b,0.5254902,0.29411766,0.41960785,39.749393152580154,29.499778477340143,-7.6138328634903445,39.82316145546205,29.572275463437872,-7.572600604541786,55.17938422484543,88.49732698422547,0.6405911898453513,1.2729786668866243,0.3870378247277157,345.527908969982,30.46649604213301
panel_01_up_left,panel_01_up_left__corner_2,panel_01_up_left,corner_2,panel_landmarks,panel_01_up_left__corner_2::gamut_005_yymyy,5,gamut_005_yymyy,yymyy,0.0,0.2,0.8,0.6000000000000001,0.6928203230275509,#f3b71e,0.9529411764705882,0.7176470588235294,0.11764705882352941,77.88658998186094,9.774007373456461,76.02676705068747,"[[0.5, 0.7505553499465134], [0.5, 0.6062177826491071], [0.6125, 0.6711696879329399], [0.55, 0.7794228634059948]]",6,2,2,simple,44,1222,528,44,44,44,1.0,0.65,0.65,6,98.0,,0,0.0,#914973,0.5686275,0.28627452,0.4509804,41.23316425873705,36.20309216961616,-10.377540977282258,41.27826912931388,36.21506134401802,-10.332315420006045,59.85972532229023,97.50730529655424,1.1831927686592785,1.850265499805167,0.544781933158169,344.00516036419725,37.6610838847861
panel_01_up_left,panel_01_up_left__corner_2,panel_01_up_left,corner_2,panel_landmarks,panel_01_up_left__corner_2::gamut_006_y,6,gamut_006_y,y,0.0,0.0,1.0,0.5,0.8660254037844386,#ffdf00,1.0,0.8745098039215686,0.0,88.94096720886532,-5.949434572648293,88.5567575521992,"[[0.45, 0.7794228634059948], [0.5, 0.7505553499465135], [0.5499999999999999, 0.7794228634059948], [0.5, 0.8660254037844386]]",6,2,2,simple,65,595,276,65,65,65,1.0,0.65,0.65,3,98.0,,0,0.0,#c6408d,0.7764706,0.2509804,0.5529412,49.00589978936175,59.9742278607559,-13.594388567494953,48.994936735451915,60.05944558382974,-13.543799721642804,73.26341497414698,127.96716583561904,0.34330286545917216,0.9061887703367609,0.3659152172713665,347.22854821521236,61.495653570133776
panel_01_up_left,panel_01_up_left__corner_2,panel_01_up_left,corner_2,panel_landmarks,panel_01_up_left__corner_2::gamut_007_yycyy,7,gamut_007_yycyy,yycyy,0.2,0.0,0.8,0.4,0.6928203230275509,#d7da2c,0.8431372549019608,0.8549019607843137,0.17254901960784313,84.3667653359768,-19.647053313897157,76.98686095704784,"[[0.45, 0.7794228634059948], [0.38750000000000007, 0.6711696879329401], [0.5, 0.6062177826491071], [0.49999999999999994, 0.606217782649107], [0.5, 0.7505553499465134]]",6,2,2,simple,47,1205,529,47,47,47,1.0,0.65,0.65,6,98.0,,0,0.0,#cc5477,0.8,0.32941177,0.46666667,52.61288350166974,50.45067289907662,4.7301307534519,52.6670982179193,50.548838312063744,4.7377812713459555,65.1022278415599,105.56057640753681,1.7149030882922123,2.5641316637738947,0.8734246677437412,5.356253031145968,50.67193042419418
panel_01_up_left,panel_01_up_left__corner_2,panel_01_up_left,corner_2,panel_landmarks,panel_01_up_left__corner_2::gamut_008_ycyy,8,gamut_008_ycyy,ycyy,0.25,0.0,0.75,0.375,0.649519052838329,#cdd937,0.803921568627451,0.8509803921568627,0.21568627450980393,83.38010598564017,-22.911475895264044,72.6579380339764,"[[0.49999999999999994, 0.6062177826491072], [0.38750000000000007, 0.6711696879329401], [0.3541666666666665, 0.6134346610139771], [0.4999999999999999, 0.5292377467571566], [0.5, 0.529237746757157], [0.5, 0.606217782649107]]",6,2,2,simple,69,1047,455,69,69,69,1.0,0.65,0.65,4,98.0,,0,0.0,#d05b71,0.8156863,0.35686275,0.44313726,54.14264937036479,47.858645388097145,10.811426744337659,54.400913785143395,47.81496192025938,10.82736589530674,61.93902382571352,98.42880622303196,1.2139239423619927,1.9348414906539702,0.6232289559362302,12.729636301620417,49.06461949951117
panel_01_up_left,panel_01_up_left__corner_2,panel_01_up_left,corner_2,panel_landmarks,panel_01_up_left__corner_2::gamut_009_cyy,9,gamut_009_cyy,cyy,0.3333333333333333,0.0,0.6666666666666666,0.3333333333333333,0.5773502691896257,#bdd749,0.7411764705882353,0.8431372549019608,0.28627450980392155,81.78436408497542,-27.531586792779173,64.35620557265086,"[[0.5000000000000001, 0.5292377467571565], [0.3541666666666665, 0.6134346610139771], [0.31666666666666654, 0.5484827557301443], [0.4999999999999999, 0.44263520637871295], [0.49999999999999994, 0.4426352063787134], [0.49999999999999994, 0.529237746757157]]",6,2,2,simple,43,1476,617,43,43,43,1.0,0.65,0.65,5,98.0,,0,0.0,#d3636a,0.827451,0.3882353,0.41568628,55.883251032713446,44.717110739132316,17.603313425056164,55.92020961427357,44.836391777598905,17.57599439000832,58.55771936802832,89.86976619847361,0.5434023189720701,0.8939929426637657,0.28437877543537426,21.487548385130026,48.057222520622076
panel_01_up_left,panel_01_up_left__corner_2,panel_01_up_left,corner_2,panel_landmarks,panel_01_up_left__corner_2::gamut_010_cycyy,10,gamut_010_cycyy,cycyy,0.4,0.0,0.6,0.3,0.5196152422706631,#b0d558,0.6901960784313725,0.8352941176470589,0.34509803921568627,80.47282173371678,-30.62907611862564,56.47710040787457,"[[0.49999999999999994, 0.44263520637871295], [0.3166666666666666, 0.5484827557301443], [0.27500000000000013, 0.47631397208144144], [0.5, 0.3464101615137757], [0.5, 0.34641016151377535], [0.5, 0.4426352063787127]]",6,2,2,simple,127,1997,865,130,127,130,1.0,0.65,0.65,5,98.0,2.9589994675958238,3,0.023076923076923078,#d16963,0.81960785,0.4117647,0.3882353,56.81001649835859,40.40701859774087,22.549213224560894,56.82529508916214,40.39715471673179,22.744617494786628,55.260761764210336,82.201925968208,0.9687344442998864,2.0850790965435975,0.6730261403085804,29.163784470845826,46.27303933182787
panel_01_up_left,panel_01_up_left__corner_2,panel_01_up_left,corner_2,panel_landmarks,panel_01_up_left__corner_2::gamut_011_cy,11,gamut_011_cy,cy,0.5,0.0,0.5,0.25,0.4330127018922193,#9cd36e,0.611764705882353,0.8274509803921568,0.43137254901960786,78.9150462873468,-34.99013382693389,44.14872186254153,"[[0.4999999999999999, 0.3464101615137758], [0.2750000000000002, 0.47631397208144144], [0.22500000000000003, 0.3897114317029974], [0.45, 0.25980762113533157], [0.45, 0.25980762113533157], [0.5, 0.28867513459481287], [0.5, 0.34641016151377524]]",6,2,2,simple,54,2817,1191,54,54,54,1.0,0.65,0.65,7,98.0,,0,0.0,#d4725b,0.83137256,0.44705883,0.35686275,58.7641824060006,36.180315198479974,30.335326553559526,58.92652319532249,36.024901920857275,30.181389266389253,51.95275431626347,75.24692697782271,0.660186408282099,1.2467333092819943,0.36820978802146304,39.978096151288014,47.214904902715354
panel_01_up_left,panel_01_up_left__corner_2,panel_01_up_left,corner_2,panel_landmarks,panel_01_up_left__corner_2::gamut_012_ccycy,12,gamut_012_ccycy,ccycy,0.6,0.0,0.4,0.2,0.34641016151377546,#88d184,0.5333333333333333,0.8196078431372549,0.5176470588235295,77.57843488375325,-37.888046728189686,31.195962138943845,"[[0.36666666666666653, 0.21169509870286277], [0.36666666666666714, 0.21169509870286302], [0.45, 0.25980762113533157], [0.225, 0.3897114317029973], [0.18333333333333335, 0.3175426480542941]]",6,2,2,simple,105,2001,843,108,105,108,1.0,0.65,0.65,5,98.0,3.327853032893019,3,0.027777777777777776,#da7e5a,0.85490197,0.49411765,0.3529412,62.14225043032455,32.24013424089445,34.8509125349559,62.138376995842776,32.248734359420304,34.80659221659832,49.32780338971922,71.89990416481928,1.6077696113031743,2.6603083858794254,0.7636944252726435,47.228481251617325,47.47644005599031
panel_01_up_left,panel_01_up_left__corner_2,panel_01_up_left,corner_2,panel_landmarks,panel_01_up_left__corner_2::gamut_013_ccy,13,gamut_013_ccy,ccy,0.6666666666666666,0.0,0.3333333333333333,0.16666666666666666,0.28867513459481287,#7bcf92,0.4823529411764706,0.8117647058823529,0.5725490196078431,76.6242576233587,-38.596781108295175,22.516384217852845,"[[0.29166666666666674, 0.16839382851364088], [0.29166666666666674, 0.16839382851364088], [0.3666666666666666, 0.21169509870286274], [0.18333333333333332, 0.3175426480542941], [0.14583333333333337, 0.2525907427704613]]",6,2,2,simple,48,1439,632,48,48,48,1.0,0.65,0.65,5,98.0,,0,0.0,#dd8954,0.8666667,0.5392157,0.32941177,65.00790231312376,26.715084862246222,42.064199639939964,65.1165702145357,26.750841066084632,41.88257168569176,44.893018925344215,69.15704327849458,0.7074814083499347,1.3063634126645798,0.42849261870509114,57.58026131662473,49.83063967626487
panel_01_up_left,panel_01_up_left__corner_2,panel_01_up_left,corner_2,panel_landmarks,panel_01_up_left__corner_2::gamut_014_ccyc,14,gamut_014_ccyc,ccyc,0.75,0.0,0.25,0.125,0.21650635094610965,#6bcda5,0.4196078431372549,0.803921568627451,0.6470588235294118,75.7627364620849,-38.23104893684348,11.116976934990475,"[[0.22499999999999984, 0.12990381056766567], [0.2916666666666667, 0.16839382851364085], [0.14583333333333337, 0.2525907427704613], [0.11250000000000002, 0.1948557158514987], [0.22500000000000003, 0.12990381056766576]]",6,2,2,simple,52,1018,431,52,52,52,1.0,0.65,0.65,4,98.0,,0,0.0,#e19849,0.8803922,0.59607846,0.28627452,68.78234026073861,19.532707269604046,51.4626661179057,68.98270930819598,19.636554905424177,51.59044814111398,40.60020815251048,70.80361641787853,1.767942508598606,2.803839952333833,0.8186046368861055,69.21569121169125,55.044824073141356
panel_01_up_left,panel_01_up_left__corner_2,panel_01_up_left,corner_2,panel_landmarks,panel_01_up_left__corner_2::gamut_015_ccycc,15,gamut_015_ccycc,ccycc,0.8,0.0,0.2,0.1,0.17320508075688773,#61ccb0,0.3803921568627451,0.8,0.6901960784313725,75.36328019947463,-37.63795429928929,4.586277188762633,"[[0.22499999999999995, 0.12990381056766578], [0.11249999999999999, 0.19485571585149866], [0.04999999999999999, 0.08660254037844385], [0.1, 0.05773502691896256]]",6,2,2,simple,60,1228,506,60,60,60,1.0,0.65,0.65,5,98.0,,0,0.0,#e4a345,0.89411765,0.64117646,0.27058825,71.76222487252664,14.851922795172388,56.835722279337446,71.40510511855008,14.981156774428376,56.79287757797321,39.120466298111104,74.14957389717371,2.9660727244389467,4.560058377765981,1.3692086590288433,75.35533134402141,58.74418216068495
panel_01_up_left,panel_01_up_left__corner_2,panel_01_up_left,corner_2,panel_landmarks,panel_01_up_left__corner_2::gamut_016_c,16,gamut_016_c,c,1.0,0.0,0.0,0.0,0.0,#3ac8dc,0.22745098039215686,0.7843137254901961,0.8627450980392157,74.42655654335444,-30.326087604312878,-20.705156122725967,"[[0.1, 0.057735026918962574], [0.05, 0.08660254037844387], [0.0, 0.0], [0.10000000000000002, 0.0]]",6,2,2,simple,41,604,268,41,41,41,1.0,0.65,0.65,4,98.0,,0,0.0,#f3e310,0.9529412,0.8901961,0.0627451,88.93675367632886,-12.45141241170733,86.62693125271073,88.83524981453125,-12.514899168191786,86.61068790784832,46.34254015120438,109.77352510713732,0.16709213332179929,0.29757297041787084,0.09726383001970793,98.17944645613642,87.51721481690497
panel_01_up_left,panel_01_up_left__corner_2,panel_01_up_left,corner_2,panel_landmarks,panel_01_up_left__corner_2::gamut_017_ccmcc,17,gamut_017_ccmcc,ccmcc,0.8,0.2,0.0,0.2,0.0,#55a5ce,0.3333333333333333,0.6470588235294118,0.807843137254902,64.39915620027084,-12.522958683054753,-28.313954637547667,"[[0.22499999999999998, 0.12990381056766578], [0.22499999999999992, 0.12990381056766576], [0.1, 0.05773502691896257], [0.10000000000000002, 0.0], [0.22499999999999998, 0.0]]",6,2,2,simple,68,1231,540,68,68,68,1.0,0.65,0.65,6,98.0,,0,0.0,#89cd0c,0.5352942,0.80588233,0.047058824,75.57973024180683,-45.93636388610811,73.66884814556423,75.37159302853644,-45.91932040315733,73.37500330650856,52.842664307556774,107.89788203046804,1.6711882251978873,2.549376860818619,0.7616540215988674,121.94568818632195,86.81732957290923
panel_01_up_left,panel_01_up_left__corner_2,panel_01_up_left,corner_2,panel_landmarks,panel_01_up_left__corner_2::gamut_018_ccmc,18,gamut_018_ccmc,ccmc,0.75,0.25,0.0,0.25,0.0,#5c9cca,0.3607843137254902,0.611764705882353,0.792156862745098,61.92440441812144,-7.364048329696504,-29.88546306665585,"[[0.29166666666666663, 0.16839382851364085], [0.29166666666666674, 0.16839382851364088], [0.22499999999999992, 0.12990381056766573], [0.22499999999999995, 0.12990381056766576], [0.22499999999999998, 0.0], [0.29166666666666674, 0.0]]",6,2,2,simple,40,1034,472,40,40,40,1.0,0.65,0.65,6,98.0,,0,0.0,#75c912,0.45882353,0.7882353,0.068627454,73.28350321774506,-50.853397494177166,70.92369203504657,73.51846109910362,-50.871212182471446,70.83705690625679,54.28874396479885,110.37589577715245,1.0626930907416978,1.629703126083668,0.5997179052517682,125.64111560514698,87.27106123213417
panel_01_up_left,panel_01_up_left__corner_2,panel_01_up_left,corner_2,panel_landmarks,panel_01_up_left__corner_2::gamut_019_ccm,19,gamut_019_ccm,ccm,0.6666666666666666,0.3333333333333333,0.0,0.3333333333333333,0.0,#678dc4,0.403921568627451,0.5529411764705883,0.7686274509803922,57.95834963869487,1.909786468417607,-32.625876079859225,"[[0.3666666666666667, 0.2116950987028628], [0.36666666666666675, 0.2116950987028628], [0.29166666666666674, 0.16839382851364085], [0.2916666666666667, 0.16839382851364082], [0.2916666666666667, 0.0], [0.3666666666666667, 0.0]]",6,2,2,simple,42,1487,645,42,42,42,1.0,0.65,0.65,7,98.0,,0,0.0,#5bc417,0.35686275,0.76862746,0.09019608,70.74192747904553,-56.80022118101119,67.20791005873403,70.77284991196574,-56.82324473281879,67.19590103458312,55.119162460189386,116.5206836375528,0.23457719229994445,0.35435427428351574,0.17856256831405434,130.2025531461219,87.99527430876431
panel_01_up_left,panel_01_up_left__corner_2,panel_01_up_left,corner_2,panel_landmarks,panel_01_up_left__corner_2::gamut_020_ccmcm,20,gamut_020_ccmcm,ccmcm,0.6,0.4,0.0,0.4,0.0,#7082c0,0.4392156862745098,0.5098039215686274,0.7529411764705882,55.29267420281303,9.505154374171154,-34.4733226879592,"[[0.44999999999999996, 0.25980762113533157], [0.4500000000000001, 0.2598076211353316], [0.3666666666666665, 0.21169509870286266], [0.36666666666666675, 0.21169509870286288], [0.3666666666666667, 0.0], [0.44999999999999996, 0.0]]",6,2,2,simple,57,2078,899,57,57,57,1.0,0.65,0.65,8,98.0,,0,0.0,#4dbe1c,0.3019608,0.74509805,0.10980392,68.46753323275631,-57.99930194944619,63.814193831754636,68.57557094638182,-58.083629858686386,63.804250312085514,54.62919150575198,119.9619291176124,0.7420359788911807,1.3497702744472142,0.4487071207713461,132.26700198941023,86.23323234704695
panel_01_up_left,panel_01_up_left__corner_2,panel_01_up_left,corner_2,panel_landmarks,panel_01_up_left__corner_2::gamut_021_cm,21,gamut_021_cm,cm,0.5,0.5,0.0,0.5,0.0,#7e70b9,0.49411764705882355,0.4392156862745098,0.7254901960784313,51.29732537689088,22.192773865570615,-36.6472398512226,"[[0.55, 0.2598076211353316], [0.5, 0.2886751345948129], [0.4500000000000002, 0.25980762113533173], [0.44999999999999996, 0.25980762113533157], [0.44999999999999996, 0.0], [0.55, 0.0]]",6,2,2,simple,178,2809,1194,182,178,182,1.0,0.65,0.65,8,98.0,0.9073601718159132,4,0.02197802197802198,#39b822,0.22352941,0.72156864,0.13333334,65.93589884794737,-60.31499592824202,59.8391007782018,65.94634314872887,-60.241818185655276,59.9444396921998,54.22177637106123,127.79449846403253,0.32635634314258466,0.6704583189706333,0.24013408863438188,135.22693059793198,84.96244297198406
panel_01_up_left,panel_01_up_left__corner_2,panel_01_up_left,corner_2,panel_landmarks,panel_01_up_left__corner_2::gamut_022_cmcmm,22,gamut_022_cmcmm,cmcmm,0.4,0.6,0.0,0.6,0.0,#8c5fb2,0.5490196078431373,0.37254901960784315,0.6980392156862745,48.227853537804535,34.47023920646486,-37.32564454758596,"[[0.6333333333333334, 0.2116950987028627], [0.6333333333333331, 0.211695098702863], [0.5500000000000002, 0.25980762113533157], [0.55, 0.2598076211353316], [0.55, 0.0], [0.6333333333333334, 0.0]]",6,2,2,simple,64,2050,912,64,64,64,1.0,0.65,0.65,8,98.0,,0,0.0,#2db128,0.17450981,0.69411767,0.15490197,63.46947282553418,-59.898339385656385,55.933416632651664,63.39610488191397,-59.946549773979946,55.863420641845615,54.3233823843959,133.54769962911664,0.614357797933405,1.1919574613633332,0.42181954488840157,136.96046994449193,81.9533901517263
panel_01_up_left,panel_01_up_left__corner_2,panel_01_up_left,corner_2,panel_landmarks,panel_01_up_left__corner_2::gamut_023_cmm,23,gamut_023_cmm,cmm,0.3333333333333333,0.6666666666666666,0.0,0.6666666666666666,0.0,#9553ad,0.5843137254901961,0.3254901960784314,0.6784313725490196,46.43717552780805,42.58465688514468,-37.152504170448154,"[[0.7083333333333331, 0.168393828513641], [0.7083333333333331, 0.168393828513641], [0.6333333333333333, 0.2116950987028628], [0.6333333333333334, 0.0], [0.7083333333333333, 0.0]]",6,2,2,simple,83,1501,625,83,83,83,1.0,0.65,0.65,6,98.0,,0,0.0,#24ab2b,0.14117648,0.67058825,0.16862746,61.35599079846739,-58.90572228922769,52.58041330780283,61.22292490568745,-58.91933968385527,52.40792350463182,81.48692182106453,136.2896349441018,0.31937351443652884,0.6143223410600566,0.2256283792287317,138.24726824330628,78.9593818493723
panel_01_up_left,panel_01_up_left__corner_2,panel_01_up_left,corner_2,panel_landmarks,panel_01_up_left__corner_2::gamut_024_mcmm,24,gamut_024_mcmm,mcmm,0.25,0.75,0.0,0.75,0.0,#a044a7,0.6274509803921569,0.26666666666666666,0.6549019607843137,44.800029665938034,51.92297921655648,-36.09631750039897,"[[0.7750000000000006, 0.12990381056766542], [0.7750000000000004, 0.12990381056766562], [0.7083333333333331, 0.16839382851364093], [0.7083333333333331, 0.0], [0.7750000000000006, 0.0]]",6,2,2,simple,74,1031,456,74,74,74,1.0,0.65,0.65,5,98.0,,0,0.0,#19a22f,0.09803922,0.63529414,0.18431373,58.28818629166079,-57.15927226772352,47.88560052336757,58.372649462064835,-57.178111415943086,47.85975563704532,83.64550988539567,138.32508996198186,0.6550617848415146,1.308076975455295,0.4396212135786805,140.04516071122066,74.56683675508361
panel_01_up_left,panel_01_up_left__corner_2,panel_01_up_left,corner_2,panel_landmarks,panel_01_up_left__corner_2::gamut_025_mmcmm,25,gamut_025_mmcmm,mmcmm,0.2,0.8,0.0,0.8,0.0,#a73ca4,0.6549019607843137,0.23529411764705882,0.6431372549019608,44.4176754796398,56.71421828170675,-34.84717030635769,"[[0.7750000000000006, 0.12990381056766537], [0.7750000000000006, 0.0], [0.8999999999999999, 0.0], [0.8999999999999999, 0.05773502691896263]]",6,2,2,simple,58,1217,527,58,58,58,1.0,0.65,0.65,6,98.0,,0,0.0,#149a33,0.07647059,0.6039216,0.19803922,55.580993382758265,-54.881019601924265,43.64939639090048,55.696126895298875,-54.89584066791645,43.619520516699744,83.52892170827293,136.8934905982289,1.0227779990697257,1.7960282816027522,0.5907059084649635,141.50315745225322,70.12272183705329
panel_01_up_left,panel_01_up_left__corner_2,panel_01_up_left,corner_2,panel_landmarks,panel_01_up_left__corner_2::gamut_026_m,26,gamut_026_m,m,0.0,1.0,0.0,1.0,0.0,#c31996,0.7647058823529411,0.09803921568627451,0.5882352941176471,44.94517938493525,71.41561872915153,-25.286338363609783,"[[0.8999999999999999, 0.05773502691896262], [0.8999999999999999, 0.0], [1.0, 0.0], [0.95, 0.08660254037844395]]",6,2,2,simple,74,599,265,74,74,74,1.0,0.65,0.65,3,98.0,,0,0.0,#07863a,0.02745098,0.5254902,0.22745098,48.76604296156992,-47.92355201037432,31.656872959207085,48.72202208407628,-48.02578376637013,31.95403983419925,81.93706044914362,132.28365729380155,0.38760498879166977,1.0839702832313198,0.46145240972517143,146.55243552670095,57.43539364230413
panel_01_up_left,panel_01_up_left__corner_2,panel_01_up_left,corner_2,panel_landmarks,panel_01_up_left__corner_2::gamut_027_mmymm,27,gamut_027_mmymm,mmymm,0.0,0.8,0.2,0.9,0.17320508075688773,#cf4078,0.8117647058823529,0.25098039215686274,0.47058823529411764,49.84848124885772,60.188269024954224,0.4786347756794429,"[[0.7750000000000004, 0.12990381056766553], [0.7750000000000004, 0.1299038105676656], [0.8999999999999999, 0.05773502691896262], [0.95, 0.08660254037844393], [0.8875000000000002, 0.19485571585149836]]",6,2,2,simple,63,1204,519,63,63,63,1.0,0.65,0.65,5,98.0,,0,0.0,#33603b,0.2,0.3764706,0.23137255,36.83377468181716,-24.49320564942084,16.447337816613395,36.83291588393502,-24.499772061245867,16.375859602207484,60.15168821647334,87.15121466085557,0.6099259587714976,1.2711918668557407,0.3914999684570537,146.1183972257224,29.50308533422601
panel_01_up_left,panel_01_up_left__corner_2,panel_01_up_left,corner_2,panel_landmarks,panel_01_up_left__corner_2::gamut_028_mmym,28,gamut_028_mmym,mmym,0.0,0.75,0.25,0.875,0.21650635094610965,#d24a70,0.8235294117647058,0.2901960784313726,0.4392156862745098,51.57960032045129,56.37809473471766,7.85956369537153,"[[0.7083333333333333, 0.16839382851364088], [0.708333333333333, 0.1683938285136411], [0.7750000000000006, 0.12990381056766553], [0.7750000000000005, 0.12990381056766556], [0.8875000000000002, 0.19485571585149838], [0.8541666666666666, 0.2525907427704614]]",6,2,2,simple,66,1034,447,66,66,66,1.0,0.65,0.65,4,98.0,,0,0.0,#3f5d43,0.24705882,0.3647059,0.2627451,36.47592738300606,-17.10103976384694,11.515214998897472,36.36326333291859,-17.14061062002893,11.557882562594715,52.01195838735507,75.10438022720402,0.5334838675443194,1.037906950524794,0.33053646447230445,146.04511650090444,20.616637394965927
panel_01_up_left,panel_01_up_left__corner_2,panel_01_up_left,corner_2,panel_landmarks,panel_01_up_left__corner_2::gamut_029_mmy,29,gamut_029_mmy,mmy,0.0,0.6666666666666666,0.3333333333333333,0.8333333333333333,0.28867513459481287,#d75b64,0.8431372549019608,0.3568627450980392,0.39215686274509803,54.92109472478978,49.47976671792647,19.744343642877826,"[[0.6333333333333329, 0.21169509870286304], [0.6333333333333332, 0.2116950987028628], [0.708333333333333, 0.16839382851364093], [0.7083333333333333, 0.16839382851364088], [0.8541666666666666, 0.25259074277046145], [0.8166666666666667, 0.3175426480542943]]",6,2,2,simple,57,1444,633,57,57,57,1.0,0.65,0.65,5,98.0,,0,0.0,#4b5948,0.29411766,0.34901962,0.28235295,36.19210549130827,-9.148001209893536,8.074399106839913,36.06350552839445,-9.063233772758773,8.168760116124329,42.53252849918496,62.64325833942858,0.4031680365909648,1.0148430815530733,0.4107520538601247,138.56706234195974,12.20171492343395
panel_01_up_left,panel_01_up_left__corner_2,panel_01_up_left,corner_2,panel_landmarks,panel_01_up_left__corner_2::gamut_030_mmymy,30,gamut_030_mmymy,mmymy,0.0,0.6,0.4,0.8,0.34641016151377546,#db685a,0.8588235294117647,0.40784313725490196,0.35294117647058826,57.754183854481255,43.898425701771274,29.352331819167688,"[[0.5500000000000003, 0.2598076211353315], [0.5500000000000003, 0.2598076211353315], [0.6333333333333333, 0.21169509870286285], [0.6333333333333329, 0.21169509870286302], [0.8166666666666665, 0.3175426480542942], [0.775, 0.38971143170299727]]",6,2,2,simple,52,2040,873,52,52,34,0.6538461538461539,0.65,0.65,6,98.0,,0,0.0,#53574c,0.3254902,0.34117648,0.29803923,36.31010928746886,-3.470770456620448,5.987487583511353,36.22691364340313,-3.5657639307710616,5.910470763924665,36.23468657853623,57.00530698877311,0.26805524154560667,1.3266034596733787,0.5031232229961172,120.09960823717051,6.9207120388910806
panel_01_up_left,panel_01_up_left__corner_3,panel_01_up_left,corner_3,panel_landmarks,panel_01_up_left__corner_3::gamut_001_my,1,gamut_001_my,my,0.0,0.5,0.5,0.75,0.4330127018922193,#e17c4b,0.8823529411764706,0.48627450980392156,0.29411764705882354,62.45289702748056,35.06929839281481,43.41945673452145,"[[0.5, 0.34641016151377513], [0.5, 0.34641016151377513], [0.5, 0.28867513459481287], [0.55, 0.2598076211353315], [0.5500000000000003, 0.25980762113533146], [0.7750000000000001, 0.38971143170299727], [0.7250000000000001, 0.47631397208144116]]",6,2,2,simple,108,2522,1044,111,108,109,0.9819819819819819,0.65,0.65,6,98.0,0.7679919337627678,3,0.02702702702702703,#59494a,0.34901962,0.28627452,0.2901961,32.66466764966088,6.760167711446746,2.527396593263598,32.83860685515126,6.767275379700811,2.469462382318792,36.399422399556556,57.973322071420256,0.31858525052673053,0.6455715140894682,0.22199690642299733,20.499059004895287,7.2171740332714425
panel_01_up_left,panel_01_up_left__corner_3,panel_01_up_left,corner_3,panel_landmarks,panel_01_up_left__corner_3::gamut_002_mymyy,2,gamut_002_mymyy,mymyy,0.0,0.4,0.6,0.7,0.5196152422706631,#e78f3c,0.9058823529411765,0.5607843137254902,0.23529411764705882,67.25038043422728,26.766151588117626,56.050858524577286,"[[0.49999999999999994, 0.44263520637871284], [0.49999999999999994, 0.44263520637871284], [0.49999999999999994, 0.3464101615137752], [0.7250000000000001, 0.47631397208144116], [0.6833333333333335, 0.5484827557301443]]",6,2,2,simple,113,1853,801,116,113,55,0.47413793103448276,0.65,0.65,5,98.0,1.7411051251774108,3,0.02586206896551724,#494b40,0.28627452,0.29411766,0.2509804,31.364666113720055,-2.679252686188738,6.270805980896377,31.250932424668836,-2.6411214857303786,6.2734475444777775,43.925519627425174,68.06518902068832,0.8119405494785709,1.2705984145993385,0.3177181302196221,113.13498884253829,6.819193691815428
panel_01_up_left,panel_01_up_left__corner_3,panel_01_up_left,corner_3,panel_landmarks,panel_01_up_left__corner_3::gamut_003_myy,3,gamut_003_myy,myy,0.0,0.3333333333333333,0.6666666666666666,0.6666666666666666,0.5773502691896257,#eb9d32,0.9215686274509803,0.615686274509804,0.19607843137254902,70.87834005274337,20.623964460334378,63.79337035503971,"[[0.5, 0.5292377467571571], [0.4999999999999999, 0.5292377467571567], [0.49999999999999994, 0.4426352063787129], [0.6833333333333335, 0.5484827557301444], [0.6458333333333334, 0.6134346610139774]]",6,2,2,simple,100,1309,553,103,100,103,1.0,0.65,0.65,4,98.0,0.7342909442116962,3,0.02912621359223301,#3d4838,0.23921569,0.28235295,0.21960784,29.190080415938404,-7.995036411514834,8.152853141796756,29.337179648846536,-7.971684765869348,8.164631581089791,50.37704763575928,75.18527354612573,0.33451347482267274,0.5080059408583372,0.22219630054571998,134.44005409024032,11.41882750430854
panel_01_up_left,panel_01_up_left__corner_3,panel_01_up_left,corner_3,panel_landmarks,panel_01_up_left__corner_3::gamut_004_ymyy,4,gamut_004_ymyy,ymyy,0.0,0.25,0.75,0.625,0.649519052838329,#f0ad25,0.9411764705882353,0.6784313725490196,0.1450980392156863,75.17069205620427,13.897348872566884,71.97054159381838,"[[0.5, 0.6062177826491071], [0.5, 0.6062177826491071], [0.5, 0.529237746757157], [0.6458333333333334, 0.6134346610139774], [0.6125, 0.6711696879329399]]",6,2,2,simple,47,941,400,47,47,47,1.0,0.65,0.65,4,98.0,,0,0.0,#314b31,0.19215687,0.29411766,0.19215687,29.197555262457357,-16.053966189182756,12.400113874493135,29.155001849212635,-16.244616636954824,12.414372282733185,54.417444030650245,80.98917482755402,0.4912242103566884,1.0261450683559221,0.32925635209181714,142.31743427758,20.285281721085862
panel_01_up_left,panel_01_up_left__corner_3,panel_01_up_left,corner_3,panel_landmarks,panel_01_up_left__corner_3::gamut_005_yymyy,5,gamut_005_yymyy,yymyy,0.0,0.2,0.8,0.6000000000000001,0.6928203230275509,#f3b71e,0.9529411764705882,0.7176470588235294,0.11764705882352941,77.88658998186094,9.774007373456461,76.02676705068747,"[[0.5, 0.7505553499465134], [0.5, 0.6062177826491071], [0.6125, 0.6711696879329399], [0.55, 0.7794228634059948]]",6,2,2,simple,76,1103,493,76,76,76,1.0,0.65,0.65,5,98.0,,0,0.0,#284b2d,0.15686275,0.29411766,0.1764706,28.570664524557664,-20.18227658625066,14.030759718522635,28.406156429962465,-20.000332443110757,13.99190999600354,56.82510617160161,84.69323690540311,0.44306946231081473,0.7806376967511021,0.2976926415959338,145.192894795626,24.58020558259916
panel_01_up_left,panel_01_up_left__corner_3,panel_01_up_left,corner_3,panel_landmarks,panel_01_up_left__corner_3::gamut_006_y,6,gamut_006_y,y,0.0,0.0,1.0,0.5,0.8660254037844386,#ffdf00,1.0,0.8745098039215686,0.0,88.94096720886532,-5.949434572648293,88.5567575521992,"[[0.45, 0.7794228634059948], [0.5, 0.7505553499465135], [0.5499999999999999, 0.7794228634059948], [0.5, 0.8660254037844386]]",6,2,2,simple,49,544,241,49,49,49,1.0,0.65,0.65,3,98.0,,0,0.0,#046f2b,0.015686275,0.43529412,0.16862746,40.49927695094152,-42.678390987136105,29.97908244724251,40.38151318365077,-42.64333201338958,29.903765006946436,49.28773267522937,84.4213101950203,0.317021419630687,0.7099734454597,0.21074423328056102,144.91419461425556,52.15544498544159
panel_01_up_left,panel_01_up_left__corner_3,panel_01_up_left,corner_3,panel_landmarks,panel_01_up_left__corner_3::gamut_007_yycyy,7,gamut_007_yycyy,yycyy,0.2,0.0,0.8,0.4,0.6928203230275509,#d7da2c,0.8431372549019608,0.8549019607843137,0.17254901960784313,84.3667653359768,-19.647053313897157,76.98686095704784,"[[0.45, 0.7794228634059948], [0.38750000000000007, 0.6711696879329401], [0.5, 0.6062177826491071], [0.49999999999999994, 0.606217782649107], [0.5, 0.7505553499465134]]",6,2,2,simple,68,1111,475,68,68,68,1.0,0.65,0.65,5,98.0,,0,0.0,#096c3c,0.033333335,0.42352942,0.23529412,39.75556891920316,-37.902980356552426,19.191767448873275,39.63141168876048,-37.89845531728514,19.2005832244363,45.32141096889028,75.2576278628376,0.31168103109984957,0.49059916960200434,0.18823553827914763,153.14511544778907,42.48481914426412
panel_01_up_left,panel_01_up_left__corner_3,panel_01_up_left,corner_3,panel_landmarks,panel_01_up_left__corner_3::gamut_008_ycyy,8,gamut_008_ycyy,ycyy,0.25,0.0,0.75,0.375,0.649519052838329,#cdd937,0.803921568627451,0.8509803921568627,0.21568627450980393,83.38010598564017,-22.911475895264044,72.6579380339764,"[[0.49999999999999994, 0.6062177826491072], [0.38750000000000007, 0.6711696879329401], [0.3541666666666665, 0.6134346610139771], [0.4999999999999999, 0.5292377467571566], [0.5, 0.529237746757157], [0.5, 0.606217782649107]]",6,2,2,simple,45,911,392,45,45,45,1.0,0.65,0.65,4,98.0,,0,0.0,#097043,0.03529412,0.4392157,0.2627451,41.28646607747246,-38.112815980754,17.574911986037066,41.09073841504415,-38.00244716524076,17.476917584544292,42.76479836567701,70.9724948110969,0.3588644756448823,0.7577731207588179,0.3057405288600236,155.24421877069517,41.96980192114047
panel_01_up_left,panel_01_up_left__corner_3,panel_01_up_left,corner_3,panel_landmarks,panel_01_up_left__corner_3::gamut_009_cyy,9,gamut_009_cyy,cyy,0.3333333333333333,0.0,0.6666666666666666,0.3333333333333333,0.5773502691896257,#bdd749,0.7411764705882353,0.8431372549019608,0.28627450980392155,81.78436408497542,-27.531586792779173,64.35620557265086,"[[0.5000000000000001, 0.5292377467571565], [0.3541666666666665, 0.6134346610139771], [0.31666666666666654, 0.5484827557301443], [0.4999999999999999, 0.44263520637871295], [0.49999999999999994, 0.4426352063787134], [0.49999999999999994, 0.529237746757157]]",6,2,2,simple,108,1341,566,111,108,111,1.0,0.65,0.65,4,98.0,1.7252025290555368,3,0.02702702702702703,#0b734c,0.043137256,0.4509804,0.29803923,42.56862550956086,-37.31146620001276,14.028293774080364,42.74671131403906,-37.24186735448519,13.871017910643989,39.77252840289746,64.54780321002397,0.7631486539129514,1.3695661562968642,0.4158332891605975,159.39483928203947,39.861491896397915
panel_01_up_left,panel_01_up_left__corner_3,panel_01_up_left,corner_3,panel_landmarks,panel_01_up_left__corner_3::gamut_010_cycyy,10,gamut_010_cycyy,cycyy,0.4,0.0,0.6,0.3,0.5196152422706631,#b0d558,0.6901960784313725,0.8352941176470589,0.34509803921568627,80.47282173371678,-30.62907611862564,56.47710040787457,"[[0.49999999999999994, 0.44263520637871295], [0.3166666666666666, 0.5484827557301443], [0.27500000000000013, 0.47631397208144144], [0.5, 0.3464101615137757], [0.5, 0.34641016151377535], [0.5, 0.4426352063787127]]",6,2,2,simple,107,1809,790,110,107,110,1.0,0.65,0.65,5,98.0,1.7103535698044041,3,0.02727272727272727,#0c795a,0.047058824,0.4745098,0.3529412,44.92753588433807,-36.39682673699185,9.818589170071812,44.95947856061133,-36.52720236050615,9.819780986440513,36.44507006937706,58.93853547754536,0.7374274440709554,1.4219441796459857,0.44778152766961676,164.90297642519283,37.69792686359896
panel_01_up_left,panel_01_up_left__corner_3,panel_01_up_left,corner_3,panel_landmarks,panel_01_up_left__corner_3::gamut_011_cy,11,gamut_011_cy,cy,0.5,0.0,0.5,0.25,0.4330127018922193,#9cd36e,0.611764705882353,0.8274509803921568,0.43137254901960786,78.9150462873468,-34.99013382693389,44.14872186254153,"[[0.4999999999999999, 0.3464101615137758], [0.2750000000000002, 0.47631397208144144], [0.22500000000000003, 0.3897114317029974], [0.45, 0.25980762113533157], [0.45, 0.25980762113533157], [0.5, 0.28867513459481287], [0.5, 0.34641016151377524]]",6,2,2,simple,130,2484,1064,131,130,131,1.0,0.65,0.65,6,98.0,1.070597861640142,1,0.007633587786259542,#0c7961,0.047058824,0.4745098,0.38039216,45.112329140833914,-34.17728193790556,5.3321994372525605,45.23453527483523,-34.3997891415703,5.424204978217289,34.10141072830976,51.478217023063394,0.36404821474244176,0.7655667309860251,0.29498108678868834,171.1324345393931,34.590735052925986
panel_01_up_left,panel_01_up_left__corner_3,panel_01_up_left,corner_3,panel_landmarks,panel_01_up_left__corner_3::gamut_012_ccycy,12,gamut_012_ccycy,ccycy,0.6,0.0,0.4,0.2,0.34641016151377546,#88d184,0.5333333333333333,0.8196078431372549,0.5176470588235295,77.57843488375325,-37.888046728189686,31.195962138943845,"[[0.36666666666666653, 0.21169509870286277], [0.36666666666666714, 0.21169509870286302], [0.45, 0.25980762113533157], [0.225, 0.3897114317029973], [0.18333333333333335, 0.3175426480542941]]",6,2,2,simple,99,1822,777,99,99,99,1.0,0.65,0.65,5,98.0,,0,0.0,#0f736b,0.05882353,0.4509804,0.41960785,43.407102618427295,-28.4990557274232,-2.8123816571247406,43.45828051747773,-28.4599409224367,-2.9191673116688617,35.03513113949145,49.11619436144638,0.7107457283715385,1.0998583110477997,0.2558576904463582,185.63589060717004,28.63748710938348
panel_01_up_left,panel_01_up_left__corner_3,panel_01_up_left,corner_3,panel_landmarks,panel_01_up_left__corner_3::gamut_013_ccy,13,gamut_013_ccy,ccy,0.6666666666666666,0.0,0.3333333333333333,0.16666666666666666,0.28867513459481287,#7bcf92,0.4823529411764706,0.8117647058823529,0.5725490196078431,76.6242576233587,-38.596781108295175,22.516384217852845,"[[0.29166666666666674, 0.16839382851364088], [0.29166666666666674, 0.16839382851364088], [0.3666666666666666, 0.21169509870286274], [0.18333333333333332, 0.3175426480542941], [0.14583333333333337, 0.2525907427704613]]",6,2,2,simple,109,1330,576,112,109,112,1.0,0.65,0.65,4,98.0,0.9955052991930918,3,0.026785714285714284,#117070,0.06666667,0.4392157,0.4392157,42.576152693852414,-25.43650128968167,-6.988553052375868,42.6946384654696,-25.330972370219467,-7.104363908158744,35.230225620157576,46.936209236739685,0.421719705472127,0.6577776256025618,0.2238111024664056,195.36267032201047,26.379072607388025
panel_01_up_left,panel_01_up_left__corner_3,panel_01_up_left,corner_3,panel_landmarks,panel_01_up_left__corner_3::gamut_014_ccyc,14,gamut_014_ccyc,ccyc,0.75,0.0,0.25,0.125,0.21650635094610965,#6bcda5,0.4196078431372549,0.803921568627451,0.6470588235294118,75.7627364620849,-38.23104893684348,11.116976934990475,"[[0.22499999999999984, 0.12990381056766567], [0.2916666666666667, 0.16839382851364085], [0.14583333333333337, 0.2525907427704613], [0.11250000000000002, 0.1948557158514987], [0.22500000000000003, 0.12990381056766576]]",6,2,2,simple,99,920,385,99,99,99,1.0,0.65,0.65,3,98.0,,0,0.0,#106e7d,0.0627451,0.43137255,0.49019608,42.38485417724824,-19.45327617264092,-15.565263669927788,42.358874729097586,-19.467005342911932,-15.802270309726358,36.247087152778555,46.67579393543498,0.6012488193834263,1.0196840176418203,0.340728792936067,218.6645540640671,24.913999818644392
panel_01_up_left,panel_01_up_left__corner_3,panel_01_up_left,corner_3,panel_landmarks,panel_01_up_left__corner_3::gamut_015_ccycc,15,gamut_015_ccycc,ccycc,0.8,0.0,0.2,0.1,0.17320508075688773,#61ccb0,0.3803921568627451,0.8,0.6901960784313725,75.36328019947463,-37.63795429928929,4.586277188762633,"[[0.22499999999999995, 0.12990381056766578], [0.11249999999999999, 0.19485571585149866], [0.04999999999999999, 0.08660254037844385], [0.1, 0.05773502691896256]]",6,2,2,simple,47,1073,463,47,47,47,1.0,0.65,0.65,5,98.0,,0,0.0,#106e89,0.0627451,0.43137255,0.5372549,42.863769499837645,-15.440588960542401,-22.007056961665448,42.9106280694336,-15.424720618932563,-21.880009166133636,36.32572569723236,47.49891203947671,0.45857694107523683,1.1479936554289305,0.3809510922312952,234.94573655170757,26.883495746692088
panel_01_up_left,panel_01_up_left__corner_3,panel_01_up_left,corner_3,panel_landmarks,panel_01_up_left__corner_3::gamut_016_c,16,gamut_016_c,c,1.0,0.0,0.0,0.0,0.0,#3ac8dc,0.22745098039215686,0.7843137254901961,0.8627450980392157,74.42655654335444,-30.326087604312878,-20.705156122725967,"[[0.1, 0.057735026918962574], [0.05, 0.08660254037844387], [0.0, 0.0], [0.10000000000000002, 0.0]]",6,2,2,simple,69,553,244,69,69,69,1.0,0.65,0.65,3,98.0,,0,0.0,#1769bf,0.09019608,0.4117647,0.7490196,44.297372303638426,9.12508450538957,-51.57479242796641,44.1880527825328,9.152995989642266,-51.515168066479866,35.52488319183433,58.45594212223369,0.18321034227605654,0.3942488080552799,0.23137509799833664,280.0334582987874,52.37581866871698
panel_01_up_left,panel_01_up_left__corner_3,panel_01_up_left,corner_3,panel_landmarks,panel_01_up_left__corner_3::gamut_017_ccmcc,17,gamut_017_ccmcc,ccmcc,0.8,0.2,0.0,0.2,0.0,#55a5ce,0.3333333333333333,0.6470588235294118,0.807843137254902,64.39915620027084,-12.522958683054753,-28.313954637547667,"[[0.22499999999999998, 0.12990381056766578], [0.22499999999999992, 0.12990381056766576], [0.1, 0.05773502691896257], [0.10000000000000002, 0.0], [0.22499999999999998, 0.0]]",6,2,2,simple,47,1087,490,47,47,47,1.0,0.65,0.65,6,98.0,,0,0.0,#3a55a9,0.22745098,0.33333334,0.6627451,38.30507014968848,17.934093270088518,-48.134024762436056,38.27151227274917,17.869325785341104,-48.133602639152066,30.074339575095532,44.73665745501287,1.0427390865783857,1.6622603557896474,0.47921386203441635,290.4347200969507,51.366487530792305
panel_01_up_left,panel_01_up_left__corner_3,panel_01_up_left,corner_3,panel_landmarks,panel_01_up_left__corner_3::gamut_018_ccmc,18,gamut_018_ccmc,ccmc,0.75,0.25,0.0,0.25,0.0,#5c9cca,0.3607843137254902,0.611764705882353,0.792156862745098,61.92440441812144,-7.364048329696504,-29.88546306665585,"[[0.29166666666666663, 0.16839382851364085], [0.29166666666666674, 0.16839382851364088], [0.22499999999999992, 0.12990381056766573], [0.22499999999999995, 0.12990381056766576], [0.22499999999999998, 0.0], [0.29166666666666674, 0.0]]",6,2,2,simple,42,968,385,42,42,42,1.0,0.65,0.65,5,98.0,,0,0.0,#4452a6,0.26666668,0.32156864,0.6509804,37.80511115818653,20.159081031871334,-46.778677456151115,37.92830466890449,20.325007838416536,-46.707142089013544,27.50162052511532,40.30686851669067,0.583954681821331,1.3637622292158043,0.4238650858525218,293.3134298849451,50.937542270865166
panel_01_up_left,panel_01_up_left__corner_3,panel_01_up_left,corner_3,panel_landmarks,panel_01_up_left__corner_3::gamut_019_ccm,19,gamut_019_ccm,ccm,0.6666666666666666,0.3333333333333333,0.0,0.3333333333333333,0.0,#678dc4,0.403921568627451,0.5529411764705883,0.7686274509803922,57.95834963869487,1.909786468417607,-32.625876079859225,"[[0.3666666666666667, 0.2116950987028628], [0.36666666666666675, 0.2116950987028628], [0.29166666666666674, 0.16839382851364085], [0.2916666666666667, 0.16839382851364082], [0.2916666666666667, 0.0], [0.3666666666666667, 0.0]]",6,2,2,simple,56,1379,564,56,56,56,1.0,0.65,0.65,6,98.0,,0,0.0,#524d9d,0.31960785,0.3019608,0.6156863,36.99520762753929,23.553210806241108,-43.11841840817084,36.96459517956041,23.449856156607407,-43.01356361316345,23.208849711997612,31.905870691118547,0.6664821018392713,1.2723429037820477,0.3882384036446187,298.6453429913585,49.13198291648037
panel_01_up_left,panel_01_up_left__corner_3,panel_01_up_left,corner_3,panel_landmarks,panel_01_up_left__corner_3::gamut_020_ccmcm,20,gamut_020_ccmcm,ccmcm,0.6,0.4,0.0,0.4,0.0,#7082c0,0.4392156862745098,0.5098039215686274,0.7529411764705882,55.29267420281303,9.505154374171154,-34.4733226879592,"[[0.44999999999999996, 0.25980762113533157], [0.4500000000000001, 0.2598076211353316], [0.3666666666666665, 0.21169509870286266], [0.36666666666666675, 0.21169509870286288], [0.3666666666666667, 0.0], [0.44999999999999996, 0.0]]",6,2,2,simple,76,1799,801,76,76,76,1.0,0.65,0.65,7,98.0,,0,0.0,#5a4d9a,0.3529412,0.3019608,0.6039216,37.427052655727394,25.166742941714737,-40.602796265200354,37.454333721236644,25.299501272802846,-40.72149046527998,19.056937919511874,24.536426717368606,0.8644544714861135,1.466898086746626,0.40468916666283367,301.7917865603672,47.76978139836644
panel_01_up_left,panel_01_up_left__corner_3,panel_01_up_left,corner_3,panel_landmarks,panel_01_up_left__corner_3::gamut_021_cm,21,gamut_021_cm,cm,0.5,0.5,0.0,0.5,0.0,#7e70b9,0.49411764705882355,0.4392156862745098,0.7254901960784313,51.29732537689088,22.192773865570615,-36.6472398512226,"[[0.55, 0.2598076211353316], [0.5, 0.2886751345948129], [0.4500000000000002, 0.25980762113533173], [0.44999999999999996, 0.25980762113533157], [0.44999999999999996, 0.0], [0.55, 0.0]]",6,2,2,simple,138,2578,1107,140,138,140,1.0,0.65,0.65,8,98.0,1.3614530624562244,2,0.014285714285714285,#654995,0.39607844,0.28431374,0.58431375,37.08970422869168,29.27566040600313,-37.829189508791174,37.21472510764632,29.475690640815557,-37.85161005938256,13.798583520561026,15.919195501922317,0.7718023687881881,1.1357012143289922,0.3539771772944653,307.73595693121854,47.83421234952715
panel_01_up_left,panel_01_up_left__corner_3,panel_01_up_left,corner_3,panel_landmarks,panel_01_up_left__corner_3::gamut_022_cmcmm,22,gamut_022_cmcmm,cmcmm,0.4,0.6,0.0,0.6,0.0,#8c5fb2,0.5490196078431373,0.37254901960784315,0.6980392156862745,48.227853537804535,34.47023920646486,-37.32564454758596,"[[0.6333333333333334, 0.2116950987028627], [0.6333333333333331, 0.211695098702863], [0.5500000000000002, 0.25980762113533157], [0.55, 0.2598076211353316], [0.55, 0.0], [0.6333333333333334, 0.0]]",6,2,2,simple,79,1828,811,79,79,79,1.0,0.65,0.65,7,98.0,,0,0.0,#774a97,0.46666667,0.2901961,0.5921569,39.60794064344722,33.988044324626074,-35.153077834717486,39.61124515427686,34.12670439641568,-35.078895581796765,8.088105189145569,8.902553360258118,0.342897505364054,1.2772544177803535,0.5920494768735317,314.0346528284124,48.89709641958766
panel_01_up_left,panel_01_up_left__corner_3,panel_01_up_left,corner_3,panel_landmarks,panel_01_up_left__corner_3::gamut_023_cmm,23,gamut_023_cmm,cmm,0.3333333333333333,0.6666666666666666,0.0,0.6666666666666666,0.0,#9553ad,0.5843137254901961,0.3254901960784314,0.6784313725490196,46.43717552780805,42.58465688514468,-37.152504170448154,"[[0.7083333333333331, 0.168393828513641], [0.7083333333333331, 0.168393828513641], [0.6333333333333333, 0.2116950987028628], [0.6333333333333334, 0.0], [0.7083333333333333, 0.0]]",6,2,2,simple,70,1348,593,70,70,70,1.0,0.65,0.65,6,98.0,,0,0.0,#804a96,0.5019608,0.2901961,0.5882353,40.717902305163584,36.478375363900696,-32.66487261460311,40.70894249659967,36.5838062793772,-32.78125436302952,5.758913126717213,9.493976890268904,0.2622441241353425,0.498099487651196,0.17532368348457628,318.15687317869504,48.96596544660266
panel_01_up_left,panel_01_up_left__corner_3,panel_01_up_left,corner_3,panel_landmarks,panel_01_up_left__corner_3::gamut_024_mcmm,24,gamut_024_mcmm,mcmm,0.25,0.75,0.0,0.75,0.0,#a044a7,0.6274509803921569,0.26666666666666666,0.6549019607843137,44.800029665938034,51.92297921655648,-36.09631750039897,"[[0.7750000000000006, 0.12990381056766542], [0.7750000000000004, 0.12990381056766562], [0.7083333333333331, 0.16839382851364093], [0.7083333333333331, 0.0], [0.7750000000000006, 0.0]]",6,2,2,simple,56,956,420,56,56,56,1.0,0.65,0.65,5,98.0,,0,0.0,#8e4793,0.5568628,0.2784314,0.5764706,41.79011058943412,41.57956521631867,-29.042977843015617,41.76431856531051,41.625523065311825,-28.97490067345902,4.477975862618495,12.876157281962438,0.2288889185138324,0.36374389997772605,0.1711233012498888,325.0660234910729,50.71838725322399
panel_01_up_left,panel_01_up_left__corner_3,panel_01_up_left,corner_3,panel_landmarks,panel_01_up_left__corner_3::gamut_025_mmcmm,25,gamut_025_mmcmm,mmcmm,0.2,0.8,0.0,0.8,0.0,#a73ca4,0.6549019607843137,0.23529411764705882,0.6431372549019608,44.4176754796398,56.71421828170675,-34.84717030635769,"[[0.7750000000000006, 0.12990381056766537], [0.7750000000000006, 0.0], [0.8999999999999999, 0.0], [0.8999999999999999, 0.05773502691896263]]",6,2,2,simple,43,1085,477,43,43,43,1.0,0.65,0.65,6,98.0,,0,0.0,#974692,0.5921569,0.27450982,0.57254905,42.86407638274452,44.3336428291608,-26.505193457788124,42.93710619090016,44.30619227613849,-26.511274475819686,4.338600024099313,15.009360293900862,0.2317183533942844,0.5020193781620572,0.13830767419664738,329.1265977633619,51.6526588544905
panel_01_up_left,panel_01_up_left__corner_3,panel_01_up_left,corner_3,panel_landmarks,panel_01_up_left__corner_3::gamut_026_m,26,gamut_026_m,m,0.0,1.0,0.0,1.0,0.0,#c31996,0.7647058823529411,0.09803921568627451,0.5882352941176471,44.94517938493525,71.41561872915153,-25.286338363609783,"[[0.8999999999999999, 0.05773502691896262], [0.8999999999999999, 0.0], [1.0, 0.0], [0.95, 0.08660254037844395]]",6,2,2,simple,63,551,237,63,63,63,1.0,0.65,0.65,3,98.0,,0,0.0,#c83f8d,0.78431374,0.24705882,0.5529412,49.17340328771286,60.88623538764226,-13.261407691059123,49.087580985788996,60.77470267969035,-13.29465143727885,6.305815973612982,16.5331409176878,0.23325273169707605,0.4279689973141057,0.16069401742994743,347.7125218884091,62.313711120650346
panel_01_up_left,panel_01_up_left__corner_3,panel_01_up_left,corner_3,panel_landmarks,panel_01_up_left__corner_3::gamut_027_mmymm,27,gamut_027_mmymm,mmymm,0.0,0.8,0.2,0.9,0.17320508075688773,#cf4078,0.8117647058823529,0.25098039215686274,0.47058823529411764,49.84848124885772,60.188269024954224,0.4786347756794429,"[[0.7750000000000004, 0.12990381056766553], [0.7750000000000004, 0.1299038105676656], [0.8999999999999999, 0.05773502691896262], [0.95, 0.08660254037844393], [0.8875000000000002, 0.19485571585149836]]",6,2,2,simple,48,1077,471,48,48,48,1.0,0.65,0.65,5,98.0,,0,0.0,#8f4a70,0.56078434,0.2901961,0.4372549,41.034637741250926,34.41551879040109,-8.510888382907089,41.036316284258255,34.270052686754376,-8.466578916986657,12.854352259013487,28.68327071043337,0.5191674211357102,0.8053034898625488,0.2256142352440886,346.10955636355266,35.45226586099615
panel_01_up_left,panel_01_up_left__corner_3,panel_01_up_left,corner_3,panel_landmarks,panel_01_up_left__corner_3::gamut_028_mmym,28,gamut_028_mmym,mmym,0.0,0.75,0.25,0.875,0.21650635094610965,#d24a70,0.8235294117647058,0.2901960784313726,0.4392156862745098,51.57960032045129,56.37809473471766,7.85956369537153,"[[0.7083333333333333, 0.16839382851364088], [0.708333333333333, 0.1683938285136411], [0.7750000000000006, 0.12990381056766553], [0.7750000000000005, 0.12990381056766556], [0.8875000000000002, 0.19485571585149838], [0.8541666666666666, 0.2525907427704614]]",6,2,2,simple,42,957,391,42,42,42,1.0,0.65,0.65,4,98.0,,0,0.0,#864a68,0.5254902,0.2901961,0.40588236,39.655889697616395,29.523906665646596,-5.671425159659343,39.62275305647081,29.491337299994647,-5.762038994087323,16.26184902270318,32.34826040548571,0.5601744197912731,0.7190872756821092,0.16266669581595988,349.12616844798123,30.0637011717358
panel_01_up_left,panel_01_up_left__corner_3,panel_01_up_left,corner_3,panel_landmarks,panel_01_up_left__corner_3::gamut_029_mmy,29,gamut_029_mmy,mmy,0.0,0.6666666666666666,0.3333333333333333,0.8333333333333333,0.28867513459481287,#d75b64,0.8431372549019608,0.3568627450980392,0.39215686274509803,54.92109472478978,49.47976671792647,19.744343642877826,"[[0.6333333333333329, 0.21169509870286304], [0.6333333333333332, 0.2116950987028628], [0.708333333333333, 0.16839382851364093], [0.7083333333333333, 0.16839382851364088], [0.8541666666666666, 0.25259074277046145], [0.8166666666666667, 0.3175426480542943]]",6,2,2,simple,40,1298,585,40,40,40,1.0,0.65,0.65,5,98.0,,0,0.0,#774c5d,0.46666667,0.29803923,0.3647059,37.57583883150091,21.26867643332367,-2.4825654392535257,37.56088729360352,21.252451973895457,-2.6405450222544498,22.81258045263046,39.88432028247462,0.34592521854949776,0.8990574764330689,0.2535729665986662,353.34233292959436,21.4130737724782
panel_01_up_left,panel_01_up_left__corner_3,panel_01_up_left,corner_3,panel_landmarks,panel_01_up_left__corner_3::gamut_030_mmymy,30,gamut_030_mmymy,mmymy,0.0,0.6,0.4,0.8,0.34641016151377546,#db685a,0.8588235294117647,0.40784313725490196,0.35294117647058826,57.754183854481255,43.898425701771274,29.352331819167688,"[[0.5500000000000003, 0.2598076211353315], [0.5500000000000003, 0.2598076211353315], [0.6333333333333333, 0.21169509870286285], [0.6333333333333329, 0.21169509870286302], [0.8166666666666665, 0.3175426480542942], [0.775, 0.38971143170299727]]",6,2,2,simple,88,1778,766,88,88,88,1.0,0.65,0.65,5,98.0,,0,0.0,#6d4c57,0.4254902,0.29803923,0.34117648,36.072053836922336,15.79013772151036,-0.8874259130759787,36.03795132660568,15.716681708758035,-0.8707881398352729,28.274911451940856,46.6329664827834,0.4536947234918957,1.0159927788529877,0.3541906021342348,356.78328789501234,15.815055295997645
panel_01_up_left,panel_01_up_left__center,panel_01_up_left,center,panel_landmarks,panel_01_up_left__center::gamut_001_my,1,gamut_001_my,my,0.0,0.5,0.5,0.75,0.4330127018922193,#e17c4b,0.8823529411764706,0.48627450980392156,0.29411764705882354,62.45289702748056,35.06929839281481,43.41945673452145,"[[0.5, 0.34641016151377513], [0.5, 0.34641016151377513], [0.5, 0.28867513459481287], [0.55, 0.2598076211353315], [0.5500000000000003, 0.25980762113533146], [0.7750000000000001, 0.38971143170299727], [0.7250000000000001, 0.47631397208144116]]",6,2,2,simple,152,2609,1124,156,152,156,1.0,0.65,0.65,8,98.0,1.1965873666381526,4,0.02564102564102564,#6f4e9d,0.43529412,0.30588236,0.6156863,39.85535580880499,31.3098330217316,-38.35185789917473,39.903489696636086,31.331857977215332,-38.38107902472808,45.911675260426655,84.91955220047413,0.5341474866142909,1.0132259501540297,0.2825216449575243,309.22764093502906,49.50929860306249
panel_01_up_left,panel_01_up_left__center,panel_01_up_left,center,panel_landmarks,panel_01_up_left__center::gamut_002_mymyy,2,gamut_002_mymyy,mymyy,0.0,0.4,0.6,0.7,0.5196152422706631,#e78f3c,0.9058823529411765,0.5607843137254902,0.23529411764705882,67.25038043422728,26.766151588117626,56.050858524577286,"[[0.49999999999999994, 0.44263520637871284], [0.49999999999999994, 0.44263520637871284], [0.49999999999999994, 0.3464101615137752], [0.7250000000000001, 0.47631397208144116], [0.6833333333333335, 0.5484827557301443]]",6,2,2,simple,78,1803,808,78,78,78,1.0,0.65,0.65,7,98.0,,0,0.0,#6250a1,0.38431373,0.3137255,0.6313726,39.32925014673546,27.595513192474275,-41.68174575838564,39.31519615900446,27.476921413862403,-41.66030986015524,54.56958944199532,101.64614747806283,0.3406039039158399,0.5729094840667632,0.18098524632517352,303.5066593842161,49.9888015241686
panel_01_up_left,panel_01_up_left__center,panel_01_up_left,center,panel_landmarks,panel_01_up_left__center::gamut_003_myy,3,gamut_003_myy,myy,0.0,0.3333333333333333,0.6666666666666666,0.6666666666666666,0.5773502691896257,#eb9d32,0.9215686274509803,0.615686274509804,0.19607843137254902,70.87834005274337,20.623964460334378,63.79337035503971,"[[0.5, 0.5292377467571571], [0.4999999999999999, 0.5292377467571567], [0.49999999999999994, 0.4426352063787129], [0.6833333333333335, 0.5484827557301444], [0.6458333333333334, 0.6134346610139774]]",6,2,2,simple,79,1373,602,79,79,79,1.0,0.65,0.65,6,98.0,,0,0.0,#574e9d,0.34117648,0.30588236,0.6156863,37.61681186516218,24.581532584933424,-42.079183712958304,37.638379824591745,24.7058952696217,-42.373325557324236,60.200552222286696,111.04498776493814,0.48005393015693576,0.8375593492849011,0.2332535443646074,300.29232885291816,48.73304265252724
panel_01_up_left,panel_01_up_left__center,panel_01_up_left,center,panel_landmarks,panel_01_up_left__center::gamut_004_ymyy,4,gamut_004_ymyy,ymyy,0.0,0.25,0.75,0.625,0.649519052838329,#f0ad25,0.9411764705882353,0.6784313725490196,0.1450980392156863,75.17069205620427,13.897348872566884,71.97054159381838,"[[0.5, 0.6062177826491071], [0.5, 0.6062177826491071], [0.5, 0.529237746757157], [0.6458333333333334, 0.6134346610139774], [0.6125, 0.6711696879329399]]",6,2,2,simple,59,972,411,59,59,59,1.0,0.65,0.65,5,98.0,,0,0.0,#4a50a1,0.2901961,0.3137255,0.6313726,37.346492551668824,21.75150074934662,-44.77975114879591,37.36407619693644,21.67035484904891,-44.94353217335802,65.28007925296642,122.97556108978954,0.35444576937620337,0.5730948660745945,0.13883325351749673,295.90789099850645,49.78306838471204
panel_01_up_left,panel_01_up_left__center,panel_01_up_left,center,panel_landmarks,panel_01_up_left__center::gamut_005_yymyy,5,gamut_005_yymyy,yymyy,0.0,0.2,0.8,0.6000000000000001,0.6928203230275509,#f3b71e,0.9529411764705882,0.7176470588235294,0.11764705882352941,77.88658998186094,9.774007373456461,76.02676705068747,"[[0.5, 0.7505553499465134], [0.5, 0.6062177826491071], [0.6125, 0.6711696879329399], [0.55, 0.7794228634059948]]",6,2,2,simple,82,1095,465,82,82,82,1.0,0.65,0.65,5,98.0,,0,0.0,#414fa2,0.25490198,0.30980393,0.63529414,36.66691852464321,20.346017066430356,-46.900372192418494,36.68552901656319,20.33236611260542,-46.87724208716841,68.42483059601716,130.08424296002673,0.23370887840035073,0.4511288958807422,0.13397233491490235,293.45185345478654,51.123432222952886
panel_01_up_left,panel_01_up_left__center,panel_01_up_left,center,panel_landmarks,panel_01_up_left__center::gamut_006_y,6,gamut_006_y,y,0.0,0.0,1.0,0.5,0.8660254037844386,#ffdf00,1.0,0.8745098039215686,0.0,88.94096720886532,-5.949434572648293,88.5567575521992,"[[0.45, 0.7794228634059948], [0.5, 0.7505553499465135], [0.5499999999999999, 0.7794228634059948], [0.5, 0.8660254037844386]]",6,2,2,simple,69,559,244,69,69,69,1.0,0.65,0.65,3,98.0,,0,0.0,#1666bd,0.08627451,0.4,0.7411765,43.343852945290394,10.193720170851906,-52.05155726709738,43.418399396496525,10.154299354865305,-52.080205757454905,71.39509799395272,148.6956504762682,0.21802770272122757,0.3547858368029834,0.13353590591155026,281.0805068700527,53.040329418769176
panel_01_up_left,panel_01_up_left__center,panel_01_up_left,center,panel_landmarks,panel_01_up_left__center::gamut_007_yycyy,7,gamut_007_yycyy,yycyy,0.2,0.0,0.8,0.4,0.6928203230275509,#d7da2c,0.8431372549019608,0.8549019607843137,0.17254901960784313,84.3667653359768,-19.647053313897157,76.98686095704784,"[[0.45, 0.7794228634059948], [0.38750000000000007, 0.6711696879329401], [0.5, 0.6062177826491071], [0.49999999999999994, 0.606217782649107], [0.5, 0.7505553499465134]]",6,2,2,simple,47,1114,464,47,47,47,1.0,0.65,0.65,5,98.0,,0,0.0,#247b7b,0.14117648,0.48235294,0.48235294,46.92600669728312,-24.914232515832772,-7.462201300386617,46.939064429814444,-24.82876571446154,-7.44885741116768,46.654559265090015,92.52674046104866,0.5685720537647289,0.9098378165459831,0.22400096210717885,196.6737783855803,26.007757113993332
panel_01_up_left,panel_01_up_left__center,panel_01_up_left,center,panel_landmarks,panel_01_up_left__center::gamut_008_ycyy,8,gamut_008_ycyy,ycyy,0.25,0.0,0.75,0.375,0.649519052838329,#cdd937,0.803921568627451,0.8509803921568627,0.21568627450980393,83.38010598564017,-22.911475895264044,72.6579380339764,"[[0.49999999999999994, 0.6062177826491072], [0.38750000000000007, 0.6711696879329401], [0.3541666666666665, 0.6134346610139771], [0.4999999999999999, 0.5292377467571566], [0.5, 0.529237746757157], [0.5, 0.606217782649107]]",6,2,2,simple,49,928,415,49,49,49,1.0,0.65,0.65,4,98.0,,0,0.0,#25857b,0.14509805,0.52156866,0.48235294,50.21228716746475,-30.001474322667754,-2.068955063860245,50.291799773560406,-30.042658248652973,-1.9035440462463884,41.07994712934445,82.06388264584734,0.5369276262472389,1.1988030959821663,0.29821733723988664,183.94497309913848,30.072729117756598
panel_01_up_left,panel_01_up_left__center,panel_01_up_left,center,panel_landmarks,panel_01_up_left__center::gamut_009_cyy,9,gamut_009_cyy,cyy,0.3333333333333333,0.0,0.6666666666666666,0.3333333333333333,0.5773502691896257,#bdd749,0.7411764705882353,0.8431372549019608,0.28627450980392155,81.78436408497542,-27.531586792779173,64.35620557265086,"[[0.5000000000000001, 0.5292377467571565], [0.3541666666666665, 0.6134346610139771], [0.31666666666666654, 0.5484827557301443], [0.4999999999999999, 0.44263520637871295], [0.49999999999999994, 0.4426352063787134], [0.49999999999999994, 0.529237746757157]]",6,2,2,simple,104,1350,576,107,104,107,1.0,0.65,0.65,4,98.0,1.3971420666457157,3,0.028037383177570093,#2d906a,0.1764706,0.5647059,0.41568628,53.527340130310705,-38.03779990133388,11.967833004206074,53.595116661085584,-37.92660947001247,12.035243067705952,31.828444248117798,60.44320885779511,0.4764095558236152,1.0596852648105484,0.32543031247862264,162.53486049647358,39.87609870775324
panel_01_up_left,panel_01_up_left__center,panel_01_up_left,center,panel_landmarks,panel_01_up_left__center::gamut_010_cycyy,10,gamut_010_cycyy,cycyy,0.4,0.0,0.6,0.3,0.5196152422706631,#b0d558,0.6901960784313725,0.8352941176470589,0.34509803921568627,80.47282173371678,-30.62907611862564,56.47710040787457,"[[0.49999999999999994, 0.44263520637871295], [0.3166666666666666, 0.5484827557301443], [0.27500000000000013, 0.47631397208144144], [0.5, 0.3464101615137757], [0.5, 0.34641016151377535], [0.5, 0.4426352063787127]]",6,2,2,simple,90,1820,778,90,90,90,1.0,0.65,0.65,5,98.0,,0,0.0,#359963,0.20784314,0.6,0.3882353,56.52430944610607,-41.55257791218514,19.768390063204254,56.55196491154811,-41.51117851222737,19.668431077817083,25.223164396505606,45.170604903993095,0.3879996001974787,0.7065789137140707,0.2088325727832906,154.55751075882813,46.01527981919929
panel_01_up_left,panel_01_up_left__center,panel_01_up_left,center,panel_landmarks,panel_01_up_left__center::gamut_011_cy,11,gamut_011_cy,cy,0.5,0.0,0.5,0.25,0.4330127018922193,#9cd36e,0.611764705882353,0.8274509803921568,0.43137254901960786,78.9150462873468,-34.99013382693389,44.14872186254153,"[[0.4999999999999999, 0.3464101615137758], [0.2750000000000002, 0.47631397208144144], [0.22500000000000003, 0.3897114317029974], [0.45, 0.25980762113533157], [0.45, 0.25980762113533157], [0.5, 0.28867513459481287], [0.5, 0.34641016151377524]]",6,2,2,simple,129,2545,1090,132,129,132,1.0,0.65,0.65,6,98.0,1.4503456549156557,3,0.022727272727272728,#40a659,0.2509804,0.6509804,0.34901962,60.85392732295611,-46.37033990668693,30.823773441826607,60.895790193988546,-46.40367118323761,31.007463396000905,16.205835759296118,25.164803974564038,0.4931040236380379,0.9724618520970691,0.31363063856742796,146.38680666588357,55.68045826189596
panel_01_up_left,panel_01_up_left__center,panel_01_up_left,center,panel_landmarks,panel_01_up_left__center::gamut_012_ccycy,12,gamut_012_ccycy,ccycy,0.6,0.0,0.4,0.2,0.34641016151377546,#88d184,0.5333333333333333,0.8196078431372549,0.5176470588235295,77.57843488375325,-37.888046728189686,31.195962138943845,"[[0.36666666666666653, 0.21169509870286277], [0.36666666666666714, 0.21169509870286302], [0.45, 0.25980762113533157], [0.225, 0.3897114317029973], [0.18333333333333335, 0.3175426480542941]]",6,2,2,simple,106,1839,795,107,106,107,1.0,0.65,0.65,5,98.0,0.6702422562020749,1,0.009345794392523364,#50ad4e,0.3137255,0.6784314,0.30588236,63.44859782557251,-46.70596811159322,40.128062247336636,63.36374203904038,-46.76793646178728,40.004141098857836,11.451604447104804,18.899482669136038,0.36375557303809236,0.6188754668211641,0.16353441943423627,139.33203202641346,61.5768530940587
panel_01_up_left,panel_01_up_left__center,panel_01_up_left,center,panel_landmarks,panel_01_up_left__center::gamut_013_ccy,13,gamut_013_ccy,ccy,0.6666666666666666,0.0,0.3333333333333333,0.16666666666666666,0.28867513459481287,#7bcf92,0.4823529411764706,0.8117647058823529,0.5725490196078431,76.6242576233587,-38.596781108295175,22.516384217852845,"[[0.29166666666666674, 0.16839382851364088], [0.29166666666666674, 0.16839382851364088], [0.3666666666666666, 0.21169509870286274], [0.18333333333333332, 0.3175426480542941], [0.14583333333333337, 0.2525907427704613]]",6,2,2,simple,99,1357,559,102,99,102,1.0,0.65,0.65,4,98.0,0.664083802603937,3,0.029411764705882353,#60b347,0.3764706,0.7019608,0.2784314,65.8889312152455,-45.602436055638684,46.500735998648594,65.85923512011944,-45.71075639798609,46.77689690391554,12.10986376716589,27.195138622094415,0.28395689602714175,0.5314911310404047,0.16940934657982298,134.4412009659285,65.12987503922166
panel_01_up_left,panel_01_up_left__center,panel_01_up_left,center,panel_landmarks,panel_01_up_left__center::gamut_014_ccyc,14,gamut_014_ccyc,ccyc,0.75,0.0,0.25,0.125,0.21650635094610965,#6bcda5,0.4196078431372549,0.803921568627451,0.6470588235294118,75.7627364620849,-38.23104893684348,11.116976934990475,"[[0.22499999999999984, 0.12990381056766567], [0.2916666666666667, 0.16839382851364085], [0.14583333333333337, 0.2525907427704613], [0.11250000000000002, 0.1948557158514987], [0.22500000000000003, 0.12990381056766576]]",6,2,2,simple,45,938,399,45,45,45,1.0,0.65,0.65,4,98.0,,0,0.0,#7abd36,0.47843137,0.7411765,0.21176471,70.02763247690764,-42.387260263648805,57.872789043243145,69.93270432920083,-42.388376908489114,57.824062574234105,18.8301328132455,47.289232138152634,0.34854437287618684,0.6419163326987741,0.16549423271444605,126.21983966152766,71.73520435812549
panel_01_up_left,panel_01_up_left__center,panel_01_up_left,center,panel_landmarks,panel_01_up_left__center::gamut_015_ccycc,15,gamut_015_ccycc,ccycc,0.8,0.0,0.2,0.1,0.17320508075688773,#61ccb0,0.3803921568627451,0.8,0.6901960784313725,75.36328019947463,-37.63795429928929,4.586277188762633,"[[0.22499999999999995, 0.12990381056766578], [0.11249999999999999, 0.19485571585149866], [0.04999999999999999, 0.08660254037844385], [0.1, 0.05773502691896256]]",6,2,2,simple,79,1120,496,79,79,79,1.0,0.65,0.65,5,98.0,,0,0.0,#88bf29,0.53333336,0.7490196,0.16078432,71.32513674447532,-39.46942496080796,64.32111794296954,71.7947209659789,-39.315629430176415,64.26895914371,24.01921344269495,59.899182692901704,0.3257381052125154,1.5708191609132371,0.53087379791384,121.53456414909567,75.46550019823792
panel_01_up_left,panel_01_up_left__center,panel_01_up_left,center,panel_landmarks,panel_01_up_left__center::gamut_016_c,16,gamut_016_c,c,1.0,0.0,0.0,0.0,0.0,#3ac8dc,0.22745098039215686,0.7843137254901961,0.8627450980392157,74.42655654335444,-30.326087604312878,-20.705156122725967,"[[0.1, 0.057735026918962574], [0.05, 0.08660254037844387], [0.0, 0.0], [0.10000000000000002, 0.0]]",6,2,2,simple,47,561,238,47,47,47,1.0,0.65,0.65,3,98.0,,0,0.0,#f2e210,0.9490196,0.8862745,0.0627451,88.5969017779276,-12.800480546614256,86.42190397032299,88.69094376438888,-12.891956166249752,86.46765239482147,46.2520017094465,109.472154409181,0.022398401220161398,0.2544414968327288,0.13577854179030416,98.42517558305445,87.36473995886429
panel_01_up_left,panel_01_up_left__center,panel_01_up_left,center,panel_landmarks,panel_01_up_left__center::gamut_017_ccmcc,17,gamut_017_ccmcc,ccmcc,0.8,0.2,0.0,0.2,0.0,#55a5ce,0.3333333333333333,0.6470588235294118,0.807843137254902,64.39915620027084,-12.522958683054753,-28.313954637547667,"[[0.22499999999999998, 0.12990381056766578], [0.22499999999999992, 0.12990381056766576], [0.1, 0.05773502691896257], [0.10000000000000002, 0.0], [0.22499999999999998, 0.0]]",6,2,2,simple,72,1129,481,72,72,72,1.0,0.65,0.65,5,98.0,,0,0.0,#e5a53e,0.8980392,0.64705884,0.24313726,72.19125049769494,13.74261675731106,60.351754672155714,72.23968682968132,13.769781477548747,60.21794278038354,48.204181425225926,92.80196762001502,0.6863578062684953,1.2806449091798742,0.43883122598694163,77.17198622735214,61.8966380940548
panel_01_up_left,panel_01_up_left__center,panel_01_up_left,center,panel_landmarks,panel_01_up_left__center::gamut_018_ccmc,18,gamut_018_ccmc,ccmc,0.75,0.25,0.0,0.25,0.0,#5c9cca,0.3607843137254902,0.611764705882353,0.792156862745098,61.92440441812144,-7.364048329696504,-29.88546306665585,"[[0.29166666666666663, 0.16839382851364085], [0.29166666666666674, 0.16839382851364088], [0.22499999999999992, 0.12990381056766573], [0.22499999999999995, 0.12990381056766576], [0.22499999999999998, 0.0], [0.29166666666666674, 0.0]]",6,2,2,simple,54,913,409,54,54,54,1.0,0.65,0.65,4,98.0,,0,0.0,#e79c48,0.90588236,0.6117647,0.28235295,70.33770124044474,20.413328654537683,53.48316200635291,70.25536777462132,20.217627140251874,53.5853179884933,44.413274625514,88.27623622532104,0.5853710703142205,0.9470950891202021,0.29089992110581997,69.10926122503213,57.24642001868729
panel_01_up_left,panel_01_up_left__center,panel_01_up_left,center,panel_landmarks,panel_01_up_left__center::gamut_019_ccm,19,gamut_019_ccm,ccm,0.6666666666666666,0.3333333333333333,0.0,0.3333333333333333,0.0,#678dc4,0.403921568627451,0.5529411764705883,0.7686274509803922,57.95834963869487,1.909786468417607,-32.625876079859225,"[[0.3666666666666667, 0.2116950987028628], [0.36666666666666675, 0.2116950987028628], [0.29166666666666674, 0.16839382851364085], [0.2916666666666667, 0.16839382851364082], [0.2916666666666667, 0.0], [0.3666666666666667, 0.0]]",6,2,2,simple,114,1348,574,116,114,116,1.0,0.65,0.65,4,98.0,0.9723234940341617,2,0.017241379310344827,#e18b54,0.88235295,0.54509807,0.32941177,65.96466785953227,28.080323776059956,42.905173130820806,65.89192881046924,27.898942858202737,43.00888275369094,41.770363783774414,80.33640239200523,0.40254886145119995,0.7800933840810198,0.23979305850193872,56.796292624763055,51.277270449528274
panel_01_up_left,panel_01_up_left__center,panel_01_up_left,center,panel_landmarks,panel_01_up_left__center::gamut_020_ccmcm,20,gamut_020_ccmcm,ccmcm,0.6,0.4,0.0,0.4,0.0,#7082c0,0.4392156862745098,0.5098039215686274,0.7529411764705882,55.29267420281303,9.505154374171154,-34.4733226879592,"[[0.44999999999999996, 0.25980762113533157], [0.4500000000000001, 0.2598076211353316], [0.3666666666666665, 0.21169509870286266], [0.36666666666666675, 0.21169509870286288], [0.3666666666666667, 0.0], [0.44999999999999996, 0.0]]",6,2,2,simple,124,1839,816,127,124,127,1.0,0.65,0.65,5,98.0,1.2470521877788838,3,0.023622047244094488,#df8258,0.8745098,0.50980395,0.34509805,63.63411113782225,31.87823977231097,38.09051796795116,63.60067609219238,31.737748440951652,37.94504810733931,39.761032833762464,76.39139670872329,0.5628505512223041,0.9540434111299408,0.27093760197737327,50.07378497800323,49.670008355624006
panel_01_up_left,panel_01_up_left__center,panel_01_up_left,center,panel_landmarks,panel_01_up_left__center::gamut_021_cm,21,gamut_021_cm,cm,0.5,0.5,0.0,0.5,0.0,#7e70b9,0.49411764705882355,0.4392156862745098,0.7254901960784313,51.29732537689088,22.192773865570615,-36.6472398512226,"[[0.55, 0.2598076211353316], [0.5, 0.2886751345948129], [0.4500000000000002, 0.25980762113533173], [0.44999999999999996, 0.25980762113533157], [0.44999999999999996, 0.0], [0.55, 0.0]]",6,2,2,simple,70,2520,1128,70,70,70,1.0,0.65,0.65,7,98.0,,0,0.0,#db765f,0.85882354,0.4627451,0.37254903,60.78409988708596,36.73064475696292,30.510280477065386,60.736385541274934,36.97708981933661,30.526556861188112,35.883503810721855,69.3648406421185,0.25613620095014566,0.6254122391223408,0.23258935545397286,39.714689986394944,47.74952857412735
panel_01_up_left,panel_01_up_left__center,panel_01_up_left,center,panel_landmarks,panel_01_up_left__center::gamut_022_cmcmm,22,gamut_022_cmcmm,cmcmm,0.4,0.6,0.0,0.6,0.0,#8c5fb2,0.5490196078431373,0.37254901960784315,0.6980392156862745,48.227853537804535,34.47023920646486,-37.32564454758596,"[[0.6333333333333334, 0.2116950987028627], [0.6333333333333331, 0.211695098702863], [0.5500000000000002, 0.25980762113533157], [0.55, 0.2598076211353316], [0.55, 0.0], [0.6333333333333334, 0.0]]",6,2,2,simple,109,1819,797,110,109,110,1.0,0.65,0.65,5,98.0,1.2084027706232943,1,0.00909090909090909,#d67066,0.8392157,0.4392157,0.4,58.796552054975365,39.01183415381981,23.795903159838506,58.71989665642004,39.174555046487306,23.63234688870637,31.852358946563395,62.19459033681027,0.35868489379006596,1.0282172574916417,0.34130285992277853,31.381782755968175,45.69647919957898
panel_01_up_left,panel_01_up_left__center,panel_01_up_left,center,panel_landmarks,panel_01_up_left__center::gamut_023_cmm,23,gamut_023_cmm,cmm,0.3333333333333333,0.6666666666666666,0.0,0.6666666666666666,0.0,#9553ad,0.5843137254901961,0.3254901960784314,0.6784313725490196,46.43717552780805,42.58465688514468,-37.152504170448154,"[[0.7083333333333331, 0.168393828513641], [0.7083333333333331, 0.168393828513641], [0.6333333333333333, 0.2116950987028628], [0.6333333333333334, 0.0], [0.7083333333333333, 0.0]]",6,2,2,simple,41,1332,578,41,41,41,1.0,0.65,0.65,5,98.0,,0,0.0,#d66869,0.8392157,0.40784314,0.4117647,57.28971109360752,43.27613446576317,20.004814758855048,57.40020177790007,43.25019637636534,19.992193411620274,28.954178948189494,58.182598572404125,0.3307123647672398,0.34915675016040765,0.18983634307926392,24.809200244243186,47.67616205017891
panel_01_up_left,panel_01_up_left__center,panel_01_up_left,center,panel_landmarks,panel_01_up_left__center::gamut_024_mcmm,24,gamut_024_mcmm,mcmm,0.25,0.75,0.0,0.75,0.0,#a044a7,0.6274509803921569,0.26666666666666666,0.6549019607843137,44.800029665938034,51.92297921655648,-36.09631750039897,"[[0.7750000000000006, 0.12990381056766542], [0.7750000000000004, 0.12990381056766562], [0.7083333333333331, 0.16839382851364093], [0.7083333333333331, 0.0], [0.7750000000000006, 0.0]]",6,2,2,simple,54,956,411,54,54,54,1.0,0.65,0.65,4,98.0,,0,0.0,#d46172,0.83137256,0.38039216,0.44705883,55.86341838488591,47.06588022353109,12.672078393820364,55.9143810388805,47.12732949348138,12.496004555740088,24.306013348661782,50.24287430740702,0.3962704334433054,0.6854960398353952,0.20880891081767033,15.069050312272225,48.741959870679224
panel_01_up_left,panel_01_up_left__center,panel_01_up_left,center,panel_landmarks,panel_01_up_left__center::gamut_025_mmcmm,25,gamut_025_mmcmm,mmcmm,0.2,0.8,0.0,0.8,0.0,#a73ca4,0.6549019607843137,0.23529411764705882,0.6431372549019608,44.4176754796398,56.71421828170675,-34.84717030635769,"[[0.7750000000000006, 0.12990381056766537], [0.7750000000000006, 0.0], [0.8999999999999999, 0.0], [0.8999999999999999, 0.05773502691896263]]",6,2,2,simple,45,1100,471,45,45,45,1.0,0.65,0.65,5,98.0,,0,0.0,#cf5b77,0.8117647,0.35686275,0.46666667,54.06467993191548,48.4760468739483,7.228835054082361,54.06016946395321,48.46848996326453,7.3311618585662375,20.470057294698453,43.946813196608645,0.3889711939600043,0.7045198297620026,0.2233223637734419,8.481548989827502,49.01207174527886
panel_01_up_left,panel_01_up_left__center,panel_01_up_left,center,panel_landmarks,panel_01_up_left__center::gamut_026_m,26,gamut_026_m,m,0.0,1.0,0.0,1.0,0.0,#c31996,0.7647058823529411,0.09803921568627451,0.5882352941176471,44.94517938493525,71.41561872915153,-25.286338363609783,"[[0.8999999999999999, 0.05773502691896262], [0.8999999999999999, 0.0], [1.0, 0.0], [0.95, 0.08660254037844395]]",6,2,2,simple,69,566,244,69,69,69,1.0,0.65,0.65,3,98.0,,0,0.0,#c94891,0.7882353,0.28235295,0.5686275,50.816427656627624,58.54014769032767,-13.462658985975562,50.80734938209981,58.51412712766478,-13.465098978248491,7.632543607589131,18.440409560650636,0.18518454128754128,0.5254860836078689,0.15151976440775197,347.04869955062,60.06822852871595
panel_01_up_left,panel_01_up_left__center,panel_01_up_left,center,panel_landmarks,panel_01_up_left__center::gamut_027_mmymm,27,gamut_027_mmymm,mmymm,0.0,0.8,0.2,0.9,0.17320508075688773,#cf4078,0.8117647058823529,0.25098039215686274,0.47058823529411764,49.84848124885772,60.188269024954224,0.4786347756794429,"[[0.7750000000000004, 0.12990381056766553], [0.7750000000000004, 0.1299038105676656], [0.8999999999999999, 0.05773502691896262], [0.95, 0.08660254037844393], [0.8875000000000002, 0.19485571585149836]]",6,2,2,simple,46,1105,483,46,46,46,1.0,0.65,0.65,6,98.0,,0,0.0,#974b94,0.5921569,0.29411766,0.5803922,43.9385853754184,42.25610434173904,-25.77068917914376,43.96680252868067,42.48156182085524,-26.030753831548562,15.15303587282195,32.33444614565248,0.2529857667293015,0.604867049186815,0.17817880019081161,328.6222784569486,49.49451257369825
panel_01_up_left,panel_01_up_left__center,panel_01_up_left,center,panel_landmarks,panel_01_up_left__center::gamut_028_mmym,28,gamut_028_mmym,mmym,0.0,0.75,0.25,0.875,0.21650635094610965,#d24a70,0.8235294117647058,0.2901960784313726,0.4392156862745098,51.57960032045129,56.37809473471766,7.85956369537153,"[[0.7083333333333333, 0.16839382851364088], [0.708333333333333, 0.1683938285136411], [0.7750000000000006, 0.12990381056766553], [0.7750000000000005, 0.12990381056766556], [0.8875000000000002, 0.19485571585149838], [0.8541666666666666, 0.2525907427704614]]",6,2,2,simple,53,957,414,53,53,53,1.0,0.65,0.65,5,98.0,,0,0.0,#904c95,0.5647059,0.29803923,0.58431375,43.23886012989908,39.725733356341884,-27.856553004959082,43.3091727146703,39.99771709763159,-27.970579947708316,19.890838242920733,40.28039322739972,0.29183107200084446,0.6543392101780555,0.19073866893566457,324.96102156202596,48.51928931896333
panel_01_up_left,panel_01_up_left__center,panel_01_up_left,center,panel_landmarks,panel_01_up_left__center::gamut_029_mmy,29,gamut_029_mmy,mmy,0.0,0.6666666666666666,0.3333333333333333,0.8333333333333333,0.28867513459481287,#d75b64,0.8431372549019608,0.3568627450980392,0.39215686274509803,54.92109472478978,49.47976671792647,19.744343642877826,"[[0.6333333333333329, 0.21169509870286304], [0.6333333333333332, 0.2116950987028628], [0.708333333333333, 0.16839382851364093], [0.7083333333333333, 0.16839382851364088], [0.8541666666666666, 0.25259074277046145], [0.8166666666666667, 0.3175426480542943]]",6,2,2,simple,69,1347,593,69,69,69,1.0,0.65,0.65,6,98.0,,0,0.0,#844d98,0.5176471,0.3019608,0.59607846,41.97033515076101,36.64806520601585,-31.887149228615954,41.915196902184256,36.52612249523312,-31.89608868647101,28.421468842712326,54.75569188106548,0.3439488505353631,0.556956739593096,0.16617067327719628,318.9737656312265,48.57850316006466
panel_01_up_left,panel_01_up_left__center,panel_01_up_left,center,panel_landmarks,panel_01_up_left__center::gamut_030_mmymy,30,gamut_030_mmymy,mmymy,0.0,0.6,0.4,0.8,0.34641016151377546,#db685a,0.8588235294117647,0.40784313725490196,0.35294117647058826,57.754183854481255,43.898425701771274,29.352331819167688,"[[0.5500000000000003, 0.2598076211353315], [0.5500000000000003, 0.2598076211353315], [0.6333333333333333, 0.21169509870286285], [0.6333333333333329, 0.21169509870286302], [0.8166666666666665, 0.3175426480542942], [0.775, 0.38971143170299727]]",6,2,2,simple,92,1875,834,92,92,92,1.0,0.65,0.65,7,98.0,,0,0.0,#7d4d9b,0.49019608,0.3019608,0.60784316,41.27107059542089,34.95602171413653,-34.82159302774268,41.331792516187456,34.7140561758759,-34.73341432930473,35.34886302729444,66.85770144153908,0.3545245094838746,0.6392588533168545,0.23877686047293994,315.1103819165419,49.34031612250698
panel_02_down,panel_02_down__corner_1,panel_02_down,corner_1,panel_landmarks,panel_02_down__corner_1::gamut_001_my,1,gamut_001_my,my,0.0,0.5,0.5,0.75,0.4330127018922193,#e17c4b,0.8823529411764706,0.48627450980392156,0.29411764705882354,62.45289702748056,35.06929839281481,43.41945673452145,"[[0.5, 0.34641016151377513], [0.5, 0.34641016151377513], [0.5, 0.28867513459481287], [0.55, 0.2598076211353315], [0.5500000000000003, 0.25980762113533146], [0.7750000000000001, 0.38971143170299727], [0.7250000000000001, 0.47631397208144116]]",6,2,2,simple,63,2816,1203,63,63,63,1.0,0.65,0.65,7,98.0,,0,0.0,#368d50,0.21176471,0.5529412,0.3137255,52.26930330180765,-40.392590709581015,24.93477542146283,52.238754321965864,-40.18244002833342,25.04744120141691,50.668374896330285,78.35742294969371,0.586993960027734,1.1545198417027955,0.3501674778903225,148.31252566843182,47.468983658284884
panel_02_down,panel_02_down__corner_1,panel_02_down,corner_1,panel_landmarks,panel_02_down__corner_1::gamut_002_mymyy,2,gamut_002_mymyy,mymyy,0.0,0.4,0.6,0.7,0.5196152422706631,#e78f3c,0.9058823529411765,0.5607843137254902,0.23529411764705882,67.25038043422728,26.766151588117626,56.050858524577286,"[[0.49999999999999994, 0.44263520637871284], [0.49999999999999994, 0.44263520637871284], [0.49999999999999994, 0.3464101615137752], [0.7250000000000001, 0.47631397208144116], [0.6833333333333335, 0.5484827557301443]]",6,2,2,simple,139,2056,880,142,139,142,1.0,0.65,0.65,5,98.0,1.645476463673632,3,0.02112676056338028,#319067,0.19215687,0.5647059,0.40392157,53.5973239060025,-37.82107393876238,13.780751054023765,53.64066460943041,-37.769782889298966,13.755894567761015,45.31672008128098,78.38799422995275,0.6240103796377959,1.1792841556394176,0.35761007178871757,159.97992907353864,40.25348101089281
panel_02_down,panel_02_down__corner_1,panel_02_down,corner_1,panel_landmarks,panel_02_down__corner_1::gamut_003_myy,3,gamut_003_myy,myy,0.0,0.3333333333333333,0.6666666666666666,0.6666666666666666,0.5773502691896257,#eb9d32,0.9215686274509803,0.615686274509804,0.19607843137254902,70.87834005274337,20.623964460334378,63.79337035503971,"[[0.5, 0.5292377467571571], [0.4999999999999999, 0.5292377467571567], [0.49999999999999994, 0.4426352063787129], [0.6833333333333335, 0.5484827557301444], [0.6458333333333334, 0.6134346610139774]]",6,2,2,simple,63,1462,639,63,63,63,1.0,0.65,0.65,5,98.0,,0,0.0,#2f9075,0.18431373,0.5647059,0.45882353,53.875252516087215,-35.007263120267915,6.591945317429659,54.04997493736488,-35.180475861067684,6.545287328350759,43.2952570013772,81.58395365656949,0.46681294792913086,0.8885761275570537,0.25596012556844916,169.33594846895494,35.6224959013213
panel_02_down,panel_02_down__corner_1,panel_02_down,corner_1,panel_landmarks,panel_02_down__corner_1::gamut_004_ymyy,4,gamut_004_ymyy,ymyy,0.0,0.25,0.75,0.625,0.649519052838329,#f0ad25,0.9411764705882353,0.6784313725490196,0.1450980392156863,75.17069205620427,13.897348872566884,71.97054159381838,"[[0.5, 0.6062177826491071], [0.5, 0.6062177826491071], [0.5, 0.529237746757157], [0.6458333333333334, 0.6134346610139774], [0.6125, 0.6711696879329399]]",6,2,2,simple,48,1032,428,48,48,48,1.0,0.65,0.65,4,98.0,,0,0.0,#2a8d88,0.16470589,0.55098045,0.53333336,53.16107618857504,-28.91206851639977,-5.595045710952251,53.21817312078878,-28.792657056189668,-5.849573299836816,44.158685900696916,91.28794959772813,0.4446705975981472,1.1759545166329963,0.39492484145952433,190.95246092394015,29.448467573112186
panel_02_down,panel_02_down__corner_1,panel_02_down,corner_1,panel_landmarks,panel_02_down__corner_1::gamut_005_yymyy,5,gamut_005_yymyy,yymyy,0.0,0.2,0.8,0.6000000000000001,0.6928203230275509,#f3b71e,0.9529411764705882,0.7176470588235294,0.11764705882352941,77.88658998186094,9.774007373456461,76.02676705068747,"[[0.5, 0.7505553499465134], [0.5, 0.6062177826491071], [0.6125, 0.6711696879329399], [0.55, 0.7794228634059948]]",6,2,2,simple,48,1240,530,48,48,48,1.0,0.65,0.65,6,98.0,,0,0.0,#258996,0.14313726,0.5392157,0.5882353,52.52994179634475,-23.404982241141738,-15.057587537073225,52.58503164310478,-23.60911953926117,-14.802204619050789,47.555087202033796,100.20062180305358,0.8493863132111449,2.1325560410999653,0.6885780717850235,212.75518943652824,27.83027373463623
panel_02_down,panel_02_down__corner_1,panel_02_down,corner_1,panel_landmarks,panel_02_down__corner_1::gamut_006_y,6,gamut_006_y,y,0.0,0.0,1.0,0.5,0.8660254037844386,#ffdf00,1.0,0.8745098039215686,0.0,88.94096720886532,-5.949434572648293,88.5567575521992,"[[0.45, 0.7794228634059948], [0.5, 0.7505553499465135], [0.5499999999999999, 0.7794228634059948], [0.5, 0.8660254037844386]]",6,2,2,simple,60,630,265,60,60,60,1.0,0.65,0.65,3,98.0,,0,0.0,#1b76ce,0.105882354,0.4627451,0.80784315,49.061170872566606,7.050404630276564,-52.5502065045447,49.00228658232331,7.080331939278588,-52.520737441592686,67.87224526280241,147.2092703617465,0.1223411236280357,0.38449275534014365,0.2011648304874934,277.6414635291602,53.021056280697735
panel_02_down,panel_02_down__corner_1,panel_02_down,corner_1,panel_landmarks,panel_02_down__corner_1::gamut_007_yycyy,7,gamut_007_yycyy,yycyy,0.2,0.0,0.8,0.4,0.6928203230275509,#d7da2c,0.8431372549019608,0.8549019607843137,0.17254901960784313,84.3667653359768,-19.647053313897157,76.98686095704784,"[[0.45, 0.7794228634059948], [0.38750000000000007, 0.6711696879329401], [0.5, 0.6062177826491071], [0.49999999999999994, 0.606217782649107], [0.5, 0.7505553499465134]]",6,2,2,simple,41,1238,514,41,41,41,1.0,0.65,0.65,6,98.0,,0,0.0,#2882d3,0.15686275,0.50980395,0.827451,53.08954862997979,2.804565855441976,-49.149805370643485,52.98112106858021,2.9739140784790132,-49.30587066869206,70.17448208056918,131.8817579518194,1.1517454118872616,2.1908918172325937,0.6250145375927462,273.26584657454123,49.229756830697895
panel_02_down,panel_02_down__corner_1,panel_02_down,corner_1,panel_landmarks,panel_02_down__corner_1::gamut_008_ycyy,8,gamut_008_ycyy,ycyy,0.25,0.0,0.75,0.375,0.649519052838329,#cdd937,0.803921568627451,0.8509803921568627,0.21568627450980393,83.38010598564017,-22.911475895264044,72.6579380339764,"[[0.49999999999999994, 0.6062177826491072], [0.38750000000000007, 0.6711696879329401], [0.3541666666666665, 0.6134346610139771], [0.4999999999999999, 0.5292377467571566], [0.5, 0.529237746757157], [0.5, 0.606217782649107]]",6,2,2,simple,74,1019,453,74,74,74,1.0,0.65,0.65,4,98.0,,0,0.0,#2b86d6,0.16862746,0.5254902,0.8392157,54.46582539152644,1.5841708700051194,-48.44191344084554,54.461836609818896,1.5681242794181678,-48.378908786197165,68.31488827643963,126.89068665567191,0.7043134433356425,1.097849471570301,0.4256335208438112,271.873046757083,48.4678096797838
panel_02_down,panel_02_down__corner_1,panel_02_down,corner_1,panel_landmarks,panel_02_down__corner_1::gamut_009_cyy,9,gamut_009_cyy,cyy,0.3333333333333333,0.0,0.6666666666666666,0.3333333333333333,0.5773502691896257,#bdd749,0.7411764705882353,0.8431372549019608,0.28627450980392155,81.78436408497542,-27.531586792779173,64.35620557265086,"[[0.5000000000000001, 0.5292377467571565], [0.3541666666666665, 0.6134346610139771], [0.31666666666666654, 0.5484827557301443], [0.4999999999999999, 0.44263520637871295], [0.49999999999999994, 0.4426352063787134], [0.49999999999999994, 0.529237746757157]]",6,2,2,simple,61,1478,620,61,61,61,1.0,0.65,0.65,5,98.0,,0,0.0,#2f89d6,0.18431373,0.5372549,0.8392157,55.481241879477324,0.6391938028262878,-47.36663252011961,55.470334624012345,0.43684106326038913,-47.145815367523205,65.21109883487769,118.18392305481534,0.35959902667172616,0.6506736727415969,0.22549763384128807,270.773136750763,47.370945156431326
panel_02_down,panel_02_down__corner_1,panel_02_down,corner_1,panel_landmarks,panel_02_down__corner_1::gamut_010_cycyy,10,gamut_010_cycyy,cycyy,0.4,0.0,0.6,0.3,0.5196152422706631,#b0d558,0.6901960784313725,0.8352941176470589,0.34509803921568627,80.47282173371678,-30.62907611862564,56.47710040787457,"[[0.49999999999999994, 0.44263520637871295], [0.3166666666666666, 0.5484827557301443], [0.27500000000000013, 0.47631397208144144], [0.5, 0.3464101615137757], [0.5, 0.34641016151377535], [0.5, 0.4426352063787127]]",6,2,2,simple,63,2043,894,63,63,63,1.0,0.65,0.65,6,98.0,,0,0.0,#328bd4,0.19607843,0.54509807,0.83137256,56.05823320330785,-1.1572088801905522,-45.300394969919445,56.085332332457114,-1.2592810944491504,-44.95108263715548,61.65134941358144,108.73509855150729,0.6394270373000892,0.9236199005058093,0.24470404222000508,268.5366845410582,45.31517314126798
panel_02_down,panel_02_down__corner_1,panel_02_down,corner_1,panel_landmarks,panel_02_down__corner_1::gamut_011_cy,11,gamut_011_cy,cy,0.5,0.0,0.5,0.25,0.4330127018922193,#9cd36e,0.611764705882353,0.8274509803921568,0.43137254901960786,78.9150462873468,-34.99013382693389,44.14872186254153,"[[0.4999999999999999, 0.3464101615137758], [0.2750000000000002, 0.47631397208144144], [0.22500000000000003, 0.3897114317029974], [0.45, 0.25980762113533157], [0.45, 0.25980762113533157], [0.5, 0.28867513459481287], [0.5, 0.34641016151377524]]",6,2,2,simple,78,2797,1193,78,78,78,1.0,0.65,0.65,7,98.0,,0,0.0,#398ed4,0.22352941,0.5568628,0.83137256,57.071894066162145,-2.5256436226319123,-42.78132164544668,57.25138287032998,-2.5347721657931155,-42.83915291807106,55.63415952246372,95.33047197766194,0.6323745134107053,1.187831935351263,0.3258387549863667,266.6214004336491,42.85580891127486
panel_02_down,panel_02_down__corner_1,panel_02_down,corner_1,panel_landmarks,panel_02_down__corner_1::gamut_012_ccycy,12,gamut_012_ccycy,ccycy,0.6,0.0,0.4,0.2,0.34641016151377546,#88d184,0.5333333333333333,0.8196078431372549,0.5176470588235295,77.57843488375325,-37.888046728189686,31.195962138943845,"[[0.36666666666666653, 0.21169509870286277], [0.36666666666666714, 0.21169509870286302], [0.45, 0.25980762113533157], [0.225, 0.3897114317029973], [0.18333333333333335, 0.3175426480542941]]",6,2,2,simple,45,2012,867,45,45,45,1.0,0.65,0.65,6,98.0,,0,0.0,#4693d1,0.27450982,0.5764706,0.81960785,58.904142033195555,-4.366592474038478,-38.39224927494869,59.05378688085804,-4.363258861417182,-38.44533495923783,47.541277644689075,79.46657332845142,1.154105455323692,2.3520993184609136,0.7524487861929793,263.5112732994786,38.63977140491553
panel_02_down,panel_02_down__corner_1,panel_02_down,corner_1,panel_landmarks,panel_02_down__corner_1::gamut_013_ccy,13,gamut_013_ccy,ccy,0.6666666666666666,0.0,0.3333333333333333,0.16666666666666666,0.28867513459481287,#7bcf92,0.4823529411764706,0.8117647058823529,0.5725490196078431,76.6242576233587,-38.596781108295175,22.516384217852845,"[[0.29166666666666674, 0.16839382851364088], [0.29166666666666674, 0.16839382851364088], [0.3666666666666666, 0.21169509870286274], [0.18333333333333332, 0.3175426480542941], [0.14583333333333337, 0.2525907427704613]]",6,2,2,simple,66,1469,643,66,66,66,1.0,0.65,0.65,5,98.0,,0,0.0,#5198d1,0.31764707,0.59607846,0.81960785,60.718634410353715,-4.921844778228435,-36.40620518528546,60.6353387070809,-5.024947286663657,-36.150947826682334,41.83699602146355,69.70553585332343,0.5224428619910846,0.8090616642955989,0.22530254631838206,262.3007222080221,36.7373969139633
panel_02_down,panel_02_down__corner_1,panel_02_down,corner_1,panel_landmarks,panel_02_down__corner_1::gamut_014_ccyc,14,gamut_014_ccyc,ccyc,0.75,0.0,0.25,0.125,0.21650635094610965,#6bcda5,0.4196078431372549,0.803921568627451,0.6470588235294118,75.7627364620849,-38.23104893684348,11.116976934990475,"[[0.22499999999999984, 0.12990381056766567], [0.2916666666666667, 0.16839382851364085], [0.14583333333333337, 0.2525907427704613], [0.11250000000000002, 0.1948557158514987], [0.22500000000000003, 0.12990381056766576]]",6,2,2,simple,66,1034,447,66,66,66,1.0,0.65,0.65,4,98.0,,0,0.0,#63a1d1,0.3882353,0.6313726,0.8176471,63.91243880731568,-6.86382398132629,-30.208736101955303,64.20245197287177,-6.936207001796451,-30.26592162979776,32.541246982200036,53.21791910558547,0.9623862345967342,1.634951606131994,0.5705653961045013,257.1989764282448,30.97869940013957
panel_02_down,panel_02_down__corner_1,panel_02_down,corner_1,panel_landmarks,panel_02_down__corner_1::gamut_015_ccycc,15,gamut_015_ccycc,ccycc,0.8,0.0,0.2,0.1,0.17320508075688773,#61ccb0,0.3803921568627451,0.8,0.6901960784313725,75.36328019947463,-37.63795429928929,4.586277188762633,"[[0.22499999999999995, 0.12990381056766578], [0.11249999999999999, 0.19485571585149866], [0.04999999999999999, 0.08660254037844385], [0.1, 0.05773502691896256]]",6,2,2,simple,63,1247,519,63,63,63,1.0,0.65,0.65,5,98.0,,0,0.0,#6ba4cc,0.41960785,0.6431373,0.8,64.96350548410669,-7.749854395265765,-26.013735041221775,64.9488775365419,-7.808984979311518,-25.951710338326976,27.20708193386114,44.020615380506584,1.9018816005815053,2.8589913397256668,0.8489451033476466,253.4104720419127,27.143593239339367
panel_02_down,panel_02_down__corner_1,panel_02_down,corner_1,panel_landmarks,panel_02_down__corner_1::gamut_016_c,16,gamut_016_c,c,1.0,0.0,0.0,0.0,0.0,#3ac8dc,0.22745098039215686,0.7843137254901961,0.8627450980392157,74.42655654335444,-30.326087604312878,-20.705156122725967,"[[0.1, 0.057735026918962574], [0.05, 0.08660254037844387], [0.0, 0.0], [0.10000000000000002, 0.0]]",6,2,2,simple,40,604,263,40,40,0,0.0,0.65,0.65,4,98.0,,0,0.0,#d5d5cd,0.8352941,0.8352941,0.8039216,85.0690809265723,-1.4226788177794103,3.9481016013952708,85.14843690896221,-1.712447288947685,4.581692163732202,24.63529813815656,39.45191352952085,0.2341049788231416,1.9877967383689454,0.8512852810143738,109.81637546194452,4.196608305941612
panel_02_down,panel_02_down__corner_1,panel_02_down,corner_1,panel_landmarks,panel_02_down__corner_1::gamut_017_ccmcc,17,gamut_017_ccmcc,ccmcc,0.8,0.2,0.0,0.2,0.0,#55a5ce,0.3333333333333333,0.6470588235294118,0.807843137254902,64.39915620027084,-12.522958683054753,-28.313954637547667,"[[0.22499999999999998, 0.12990381056766578], [0.22499999999999992, 0.12990381056766576], [0.1, 0.05773502691896257], [0.10000000000000002, 0.0], [0.22499999999999998, 0.0]]",6,2,2,simple,58,1211,522,58,58,58,1.0,0.65,0.65,6,98.0,,0,0.0,#d8d36a,0.84705883,0.827451,0.41568628,83.04646803605657,-12.335502557060451,51.73501112242527,83.0614386748296,-12.406719425926406,51.751657676130975,49.061507225012114,82.19242238638259,0.2648104416918057,0.44381658026274895,0.12844766222954015,103.41098720610165,53.185298712827695
panel_02_down,panel_02_down__corner_1,panel_02_down,corner_1,panel_landmarks,panel_02_down__corner_1::gamut_018_ccmc,18,gamut_018_ccmc,ccmc,0.75,0.25,0.0,0.25,0.0,#5c9cca,0.3607843137254902,0.611764705882353,0.792156862745098,61.92440441812144,-7.364048329696504,-29.88546306665585,"[[0.29166666666666663, 0.16839382851364085], [0.29166666666666674, 0.16839382851364088], [0.22499999999999992, 0.12990381056766573], [0.22499999999999995, 0.12990381056766576], [0.22499999999999998, 0.0], [0.29166666666666674, 0.0]]",6,2,2,simple,76,1057,459,76,76,76,1.0,0.65,0.65,5,98.0,,0,0.0,#d9d35a,0.8509804,0.827451,0.3529412,82.96511564985404,-13.131167694586832,59.5498998808398,82.99961278092533,-13.117577531292506,59.38288824179157,53.629727120068694,92.05789124489182,0.36772341557735205,0.6769864695630486,0.18462996206811527,102.43512156860822,60.98047343897393
panel_02_down,panel_02_down__corner_1,panel_02_down,corner_1,panel_landmarks,panel_02_down__corner_1::gamut_019_ccm,19,gamut_019_ccm,ccm,0.6666666666666666,0.3333333333333333,0.0,0.3333333333333333,0.0,#678dc4,0.403921568627451,0.5529411764705883,0.7686274509803922,57.95834963869487,1.909786468417607,-32.625876079859225,"[[0.3666666666666667, 0.2116950987028628], [0.36666666666666675, 0.2116950987028628], [0.29166666666666674, 0.16839382851364085], [0.2916666666666667, 0.16839382851364082], [0.2916666666666667, 0.0], [0.3666666666666667, 0.0]]",6,2,2,simple,45,1514,647,45,45,45,1.0,0.65,0.65,7,98.0,,0,0.0,#d7d043,0.84313726,0.8156863,0.2627451,81.90216622316566,-13.811702833147644,67.66639573254108,81.98019720471991,-13.847723080749832,67.48715305295772,59.2612791780388,104.30249931704606,0.2869112732874595,0.4489102125195724,0.12801266005619752,101.53643687969736,69.0615974806841
panel_02_down,panel_02_down__corner_1,panel_02_down,corner_1,panel_landmarks,panel_02_down__corner_1::gamut_020_ccmcm,20,gamut_020_ccmcm,ccmcm,0.6,0.4,0.0,0.4,0.0,#7082c0,0.4392156862745098,0.5098039215686274,0.7529411764705882,55.29267420281303,9.505154374171154,-34.4733226879592,"[[0.44999999999999996, 0.25980762113533157], [0.4500000000000001, 0.2598076211353316], [0.3666666666666665, 0.21169509870286266], [0.36666666666666675, 0.21169509870286288], [0.3666666666666667, 0.0], [0.44999999999999996, 0.0]]",6,2,2,simple,58,2039,902,58,58,58,1.0,0.65,0.65,8,98.0,,0,0.0,#d7ce3b,0.84313726,0.80784315,0.23137255,81.31851282703465,-13.089694727700579,69.87756180979454,81.1545542593267,-13.048609414208022,69.86066126908209,58.65625600784819,109.89530734974046,0.3482001284891557,0.8013078559038463,0.25355864071713596,100.60987404720026,71.09299369520213
panel_02_down,panel_02_down__corner_1,panel_02_down,corner_1,panel_landmarks,panel_02_down__corner_1::gamut_021_cm,21,gamut_021_cm,cm,0.5,0.5,0.0,0.5,0.0,#7e70b9,0.49411764705882355,0.4392156862745098,0.7254901960784313,51.29732537689088,22.192773865570615,-36.6472398512226,"[[0.55, 0.2598076211353316], [0.5, 0.2886751345948129], [0.4500000000000002, 0.25980762113533173], [0.44999999999999996, 0.25980762113533157], [0.44999999999999996, 0.0], [0.55, 0.0]]",6,2,2,simple,174,2876,1190,174,174,174,1.0,0.65,0.65,8,98.0,1.2600285600837764,0,0.0,#d9cd29,0.8509804,0.8039216,0.16078432,81.05827268413704,-12.446277325577238,75.04964822304366,80.96930110664272,-12.395450011301513,74.96512919122341,65.94005999879839,120.67217018651321,0.5110835252471744,1.0458785684687226,0.3504436866262667,99.4162640929012,76.07469696073576
panel_02_down,panel_02_down__corner_1,panel_02_down,corner_1,panel_landmarks,panel_02_down__corner_1::gamut_022_cmcmm,22,gamut_022_cmcmm,cmcmm,0.4,0.6,0.0,0.6,0.0,#8c5fb2,0.5490196078431373,0.37254901960784315,0.6980392156862745,48.227853537804535,34.47023920646486,-37.32564454758596,"[[0.6333333333333334, 0.2116950987028627], [0.6333333333333331, 0.211695098702863], [0.5500000000000002, 0.25980762113533157], [0.55, 0.2598076211353316], [0.55, 0.0], [0.6333333333333334, 0.0]]",6,2,2,simple,69,2026,914,69,69,69,1.0,0.65,0.65,8,98.0,,0,0.0,#d7c920,0.84313726,0.7882353,0.1254902,79.7934573067847,-11.512144432044625,75.89513837953845,79.80784332503191,-11.491619735158237,76.01245805294329,70.74464531126957,126.21296539187387,0.32646578168923446,0.7433858731247361,0.23807898603700267,98.6251540441333,76.76328223228568
panel_02_down,panel_02_down__corner_1,panel_02_down,corner_1,panel_landmarks,panel_02_down__corner_1::gamut_023_cmm,23,gamut_023_cmm,cmm,0.3333333333333333,0.6666666666666666,0.0,0.6666666666666666,0.0,#9553ad,0.5843137254901961,0.3254901960784314,0.6784313725490196,46.43717552780805,42.58465688514468,-37.152504170448154,"[[0.7083333333333331, 0.168393828513641], [0.7083333333333331, 0.168393828513641], [0.6333333333333333, 0.2116950987028628], [0.6333333333333334, 0.0], [0.7083333333333333, 0.0]]",6,2,2,simple,91,1505,649,91,91,91,1.0,0.65,0.65,6,98.0,,0,0.0,#d6c617,0.8392157,0.7764706,0.09019608,78.8938230193134,-10.634185110082184,76.96107218102165,78.81964614950218,-10.691593953986068,76.92154229678613,73.2713033596184,130.0291791000139,0.386080872396039,0.7548807734488856,0.22167844553143704,97.86709506245359,77.6922938534313
panel_02_down,panel_02_down__corner_1,panel_02_down,corner_1,panel_landmarks,panel_02_down__corner_1::gamut_024_mcmm,24,gamut_024_mcmm,mcmm,0.25,0.75,0.0,0.75,0.0,#a044a7,0.6274509803921569,0.26666666666666666,0.6549019607843137,44.800029665938034,51.92297921655648,-36.09631750039897,"[[0.7750000000000006, 0.12990381056766542], [0.7750000000000004, 0.12990381056766562], [0.7083333333333331, 0.16839382851364093], [0.7083333333333331, 0.0], [0.7750000000000006, 0.0]]",6,2,2,simple,83,1051,463,83,83,83,1.0,0.65,0.65,5,98.0,,0,0.0,#d3c114,0.827451,0.75686276,0.078431375,77.30782038833351,-9.421779233943939,75.97799906880411,77.47909454553435,-9.694069845880025,76.22696996376222,74.91416233071665,131.8354591202809,0.25673369167477955,0.7865951998662891,0.28704263291425014,97.06897192029993,76.5599521057346
panel_02_down,panel_02_down__corner_1,panel_02_down,corner_1,panel_landmarks,panel_02_down__corner_1::gamut_025_mmcmm,25,gamut_025_mmcmm,mmcmm,0.2,0.8,0.0,0.8,0.0,#a73ca4,0.6549019607843137,0.23529411764705882,0.6431372549019608,44.4176754796398,56.71421828170675,-34.84717030635769,"[[0.7750000000000006, 0.12990381056766537], [0.7750000000000006, 0.0], [0.8999999999999999, 0.0], [0.8999999999999999, 0.05773502691896263]]",6,2,2,simple,61,1192,515,61,61,61,1.0,0.65,0.65,6,98.0,,0,0.0,#d3c115,0.827451,0.75686276,0.08235294,77.30782038833351,-9.421779233943939,75.97799906880411,77.35795867064694,-9.472296380909055,76.04491721118606,75.83234384186348,133.18389529721048,0.25566843898483,0.5403314539611643,0.17925879411186998,97.06897192029993,76.5599521057346
panel_02_down,panel_02_down__corner_1,panel_02_down,corner_1,panel_landmarks,panel_02_down__corner_1::gamut_026_m,26,gamut_026_m,m,0.0,1.0,0.0,1.0,0.0,#c31996,0.7647058823529411,0.09803921568627451,0.5882352941176471,44.94517938493525,71.41561872915153,-25.286338363609783,"[[0.8999999999999999, 0.05773502691896262], [0.8999999999999999, 0.0], [1.0, 0.0], [0.95, 0.08660254037844395]]",6,2,2,simple,49,620,284,49,49,49,1.0,0.65,0.65,4,98.0,,0,0.0,#d4c314,0.83137256,0.7647059,0.078431375,77.92217527050029,-10.024624599376919,76.65166667345031,78.02389768281456,-10.000306775499636,76.65482103166592,76.95082284675416,134.5784245783186,0.2534179315994994,0.33126202491916584,0.14216665025332162,97.45094364405196,77.30440545128178
panel_02_down,panel_02_down__corner_1,panel_02_down,corner_1,panel_landmarks,panel_02_down__corner_1::gamut_027_mmymm,27,gamut_027_mmymm,mmymm,0.0,0.8,0.2,0.9,0.17320508075688773,#cf4078,0.8117647058823529,0.25098039215686274,0.47058823529411764,49.84848124885772,60.188269024954224,0.4786347756794429,"[[0.7750000000000004, 0.12990381056766553], [0.7750000000000004, 0.1299038105676656], [0.8999999999999999, 0.05773502691896262], [0.95, 0.08660254037844393], [0.8875000000000002, 0.19485571585149836]]",6,2,2,simple,69,1206,525,69,69,69,1.0,0.65,0.65,5,98.0,,0,0.0,#629324,0.38431373,0.5764706,0.14117648,55.626113045182706,-34.37393820977702,50.460948056540374,55.737767270484184,-34.36725796524434,50.336761979786026,69.17805376354538,107.11500225077855,1.4590850569360647,2.3839130005658555,0.7017348673722487,124.26264481066056,61.056325690418305
panel_02_down,panel_02_down__corner_1,panel_02_down,corner_1,panel_landmarks,panel_02_down__corner_1::gamut_028_mmym,28,gamut_028_mmym,mmym,0.0,0.75,0.25,0.875,0.21650635094610965,#d24a70,0.8235294117647058,0.2901960784313726,0.4392156862745098,51.57960032045129,56.37809473471766,7.85956369537153,"[[0.7083333333333333, 0.16839382851364088], [0.708333333333333, 0.1683938285136411], [0.7750000000000006, 0.12990381056766553], [0.7750000000000005, 0.12990381056766556], [0.8875000000000002, 0.19485571585149838], [0.8541666666666666, 0.2525907427704614]]",6,2,2,simple,49,1033,429,49,49,49,1.0,0.65,0.65,4,98.0,,0,0.0,#55902b,0.33333334,0.5647059,0.16862746,54.12385593057162,-37.48577569169975,46.066773173809814,54.22498837272993,-37.36234916540444,45.923491459570194,66.96754387245298,101.37401177898687,0.533899418277026,1.2722559035229526,0.4290813323939102,129.13617895394657,59.391337498457396
panel_02_down,panel_02_down__corner_1,panel_02_down,corner_1,panel_landmarks,panel_02_down__corner_1::gamut_029_mmy,29,gamut_029_mmy,mmy,0.0,0.6666666666666666,0.3333333333333333,0.8333333333333333,0.28867513459481287,#d75b64,0.8431372549019608,0.3568627450980392,0.39215686274509803,54.92109472478978,49.47976671792647,19.744343642877826,"[[0.6333333333333329, 0.21169509870286304], [0.6333333333333332, 0.2116950987028628], [0.708333333333333, 0.16839382851364093], [0.7083333333333333, 0.16839382851364088], [0.8541666666666666, 0.25259074277046145], [0.8166666666666667, 0.3175426480542943]]",6,2,2,simple,55,1448,641,55,55,55,1.0,0.65,0.65,5,98.0,,0,0.0,#468c36,0.27450982,0.54901963,0.21176471,52.170571644347206,-39.233145347437436,38.318732949177544,52.17875572733928,-39.14014969431614,38.41404841008135,61.78145268449379,90.67829995337924,0.38014878144340203,0.7619802132278218,0.20834173984033635,135.67554190226485,54.84127085219248
panel_02_down,panel_02_down__corner_1,panel_02_down,corner_1,panel_landmarks,panel_02_down__corner_1::gamut_030_mmymy,30,gamut_030_mmymy,mmymy,0.0,0.6,0.4,0.8,0.34641016151377546,#db685a,0.8588235294117647,0.40784313725490196,0.35294117647058826,57.754183854481255,43.898425701771274,29.352331819167688,"[[0.5500000000000003, 0.2598076211353315], [0.5500000000000003, 0.2598076211353315], [0.6333333333333333, 0.21169509870286285], [0.6333333333333329, 0.21169509870286302], [0.8166666666666665, 0.3175426480542942], [0.775, 0.38971143170299727]]",6,2,2,simple,121,1992,860,124,121,124,1.0,0.65,0.65,5,98.0,1.8403314864502598,3,0.024193548387096774,#418e42,0.25490198,0.5568628,0.25882354,52.849171069481216,-40.15377536370684,33.27432419871119,52.90672284898738,-40.12542291393628,33.27140705307226,57.3831288733328,84.28649760547518,0.7217382004578627,1.2037910474884737,0.3806716994331039,140.35239597008632,52.14888615147948
panel_02_down,panel_02_down__corner_2,panel_02_down,corner_2,panel_landmarks,panel_02_down__corner_2::gamut_001_my,1,gamut_001_my,my,0.0,0.5,0.5,0.75,0.4330127018922193,#e17c4b,0.8823529411764706,0.48627450980392156,0.29411764705882354,62.45289702748056,35.06929839281481,43.41945673452145,"[[0.5, 0.34641016151377513], [0.5, 0.34641016151377513], [0.5, 0.28867513459481287], [0.55, 0.2598076211353315], [0.5500000000000003, 0.25980762113533146], [0.7750000000000001, 0.38971143170299727], [0.7250000000000001, 0.47631397208144116]]",6,2,2,simple,88,2916,1214,88,88,88,1.0,0.65,0.65,7,98.0,,0,0.0,#b44b84,0.7058824,0.29411766,0.5176471,47.535348253864875,48.92922109208314,-11.249606994554018,47.49445644675748,48.961156014774765,-10.94945147149389,34.70019224722461,58.338128592341825,0.36146300270381937,0.7229043889221396,0.25862988319602026,347.0518108367286,50.205799806495186
panel_02_down,panel_02_down__corner_2,panel_02_down,corner_2,panel_landmarks,panel_02_down__corner_2::gamut_002_mymyy,2,gamut_002_mymyy,mymyy,0.0,0.4,0.6,0.7,0.5196152422706631,#e78f3c,0.9058823529411765,0.5607843137254902,0.23529411764705882,67.25038043422728,26.766151588117626,56.050858524577286,"[[0.49999999999999994, 0.44263520637871284], [0.49999999999999994, 0.44263520637871284], [0.49999999999999994, 0.3464101615137752], [0.7250000000000001, 0.47631397208144116], [0.6833333333333335, 0.5484827557301443]]",6,2,2,simple,59,2055,900,59,59,59,1.0,0.65,0.65,6,98.0,,0,0.0,#b2477f,0.69803923,0.2784314,0.49803922,46.31982325662349,49.37962107156191,-9.519098245088099,46.35101011305939,49.398678569705396,-9.556145630094118,44.372137743424965,72.44913013017751,1.0653707503366028,2.1062000636708427,0.6221430060761373,349.08872042160505,50.28876821488751
panel_02_down,panel_02_down__corner_2,panel_02_down,corner_2,panel_landmarks,panel_02_down__corner_2::gamut_003_myy,3,gamut_003_myy,myy,0.0,0.3333333333333333,0.6666666666666666,0.6666666666666666,0.5773502691896257,#eb9d32,0.9215686274509803,0.615686274509804,0.19607843137254902,70.87834005274337,20.623964460334378,63.79337035503971,"[[0.5, 0.5292377467571571], [0.4999999999999999, 0.5292377467571567], [0.49999999999999994, 0.4426352063787129], [0.6833333333333335, 0.5484827557301444], [0.6458333333333334, 0.6134346610139774]]",6,2,2,simple,62,1512,641,62,62,62,1.0,0.65,0.65,5,98.0,,0,0.0,#b1437a,0.69411767,0.2627451,0.47843137,45.47892546015106,50.19288991236959,-8.049806048042353,45.433094030998724,50.14643857430204,-8.10364619478414,50.465322742894294,81.73673353957066,0.3830562210801408,0.8410399857290431,0.25824886345753745,350.8886396734349,50.83429526575884
panel_02_down,panel_02_down__corner_2,panel_02_down,corner_2,panel_landmarks,panel_02_down__corner_2::gamut_004_ymyy,4,gamut_004_ymyy,ymyy,0.0,0.25,0.75,0.625,0.649519052838329,#f0ad25,0.9411764705882353,0.6784313725490196,0.1450980392156863,75.17069205620427,13.897348872566884,71.97054159381838,"[[0.5, 0.6062177826491071], [0.5, 0.6062177826491071], [0.5, 0.529237746757157], [0.6458333333333334, 0.6134346610139774], [0.6125, 0.6711696879329399]]",6,2,2,simple,80,1046,473,80,80,80,1.0,0.65,0.65,4,98.0,,0,0.0,#b14178,0.69411767,0.2529412,0.47058824,44.762415717188695,50.97609340836456,-7.644822693107445,44.70803758932083,50.990243051194525,-7.666220848673193,56.975547570966825,92.94139442035925,1.7061395804834532,2.635873299203202,0.8188189488707226,351.4709836395984,51.54614838363153
panel_02_down,panel_02_down__corner_2,panel_02_down,corner_2,panel_landmarks,panel_02_down__corner_2::gamut_005_yymyy,5,gamut_005_yymyy,yymyy,0.0,0.2,0.8,0.6000000000000001,0.6928203230275509,#f3b71e,0.9529411764705882,0.7176470588235294,0.11764705882352941,77.88658998186094,9.774007373456461,76.02676705068747,"[[0.5, 0.7505553499465134], [0.5, 0.6062177826491071], [0.6125, 0.6711696879329399], [0.55, 0.7794228634059948]]",6,2,2,simple,49,1248,545,49,49,49,1.0,0.65,0.65,6,98.0,,0,0.0,#b23f78,0.69803923,0.24705882,0.47058824,44.77106051951998,52.29766474542835,-7.271147777382292,44.55575773344735,52.2169193066354,-7.266320370531803,60.42675666695102,99.21412370506728,1.8748305690356581,2.952674643357775,0.9345410993017732,352.08468672425,52.80071332686473
panel_02_down,panel_02_down__corner_2,panel_02_down,corner_2,panel_landmarks,panel_02_down__corner_2::gamut_006_y,6,gamut_006_y,y,0.0,0.0,1.0,0.5,0.8660254037844386,#ffdf00,1.0,0.8745098039215686,0.0,88.94096720886532,-5.949434572648293,88.5567575521992,"[[0.45, 0.7794228634059948], [0.5, 0.7505553499465135], [0.5499999999999999, 0.7794228634059948], [0.5, 0.8660254037844386]]",6,2,2,simple,57,629,260,57,57,57,1.0,0.65,0.65,3,98.0,,0,0.0,#b1346e,0.69411767,0.20392157,0.43137255,42.52604770772023,54.96414499651331,-4.571347138040172,42.54066965059257,54.97514075335546,-4.613257819815796,72.35241457983324,120.57218921219994,0.19703920485241666,0.3745316758118075,0.12248899260333138,355.2456737401726,55.15391599745396
panel_02_down,panel_02_down__corner_2,panel_02_down,corner_2,panel_landmarks,panel_02_down__corner_2::gamut_007_yycyy,7,gamut_007_yycyy,yycyy,0.2,0.0,0.8,0.4,0.6928203230275509,#d7da2c,0.8431372549019608,0.8549019607843137,0.17254901960784313,84.3667653359768,-19.647053313897157,76.98686095704784,"[[0.45, 0.7794228634059948], [0.38750000000000007, 0.6711696879329401], [0.5, 0.6062177826491071], [0.49999999999999994, 0.606217782649107], [0.5, 0.7505553499465134]]",6,2,2,simple,52,1263,547,52,52,52,1.0,0.65,0.65,6,98.0,,0,0.0,#b5455d,0.70980394,0.27058825,0.3647059,45.45026253644116,47.25967734430172,10.063015144614539,45.382922254664216,47.19229064916056,10.00533206877972,65.0680675115897,102.32206964209325,1.2082300576867815,2.108336138681576,0.6693156019441648,12.0204839476595,48.31916158718244
panel_02_down,panel_02_down__corner_2,panel_02_down,corner_2,panel_landmarks,panel_02_down__corner_2::gamut_008_ycyy,8,gamut_008_ycyy,ycyy,0.25,0.0,0.75,0.375,0.649519052838329,#cdd937,0.803921568627451,0.8509803921568627,0.21568627450980393,83.38010598564017,-22.911475895264044,72.6579380339764,"[[0.49999999999999994, 0.6062177826491072], [0.38750000000000007, 0.6711696879329401], [0.3541666666666665, 0.6134346610139771], [0.4999999999999999, 0.5292377467571566], [0.5, 0.529237746757157], [0.5, 0.606217782649107]]",6,2,2,simple,69,1048,455,69,69,69,1.0,0.65,0.65,4,98.0,,0,0.0,#b54957,0.70980394,0.28627452,0.34117648,46.037288680512965,44.99580196391967,14.432659554103966,46.04418974631406,44.98658142458542,14.450031926762545,62.86159822428936,96.93331442072527,0.801738050678896,1.645150108835895,0.5326215969260228,17.78393904736322,47.2538237202128
panel_02_down,panel_02_down__corner_2,panel_02_down,corner_2,panel_landmarks,panel_02_down__corner_2::gamut_009_cyy,9,gamut_009_cyy,cyy,0.3333333333333333,0.0,0.6666666666666666,0.3333333333333333,0.5773502691896257,#bdd749,0.7411764705882353,0.8431372549019608,0.28627450980392155,81.78436408497542,-27.531586792779173,64.35620557265086,"[[0.5000000000000001, 0.5292377467571565], [0.3541666666666665, 0.6134346610139771], [0.31666666666666654, 0.5484827557301443], [0.4999999999999999, 0.44263520637871295], [0.49999999999999994, 0.4426352063787134], [0.49999999999999994, 0.529237746757157]]",6,2,2,simple,53,1534,636,53,53,53,1.0,0.65,0.65,5,98.0,,0,0.0,#b44e4f,0.7058824,0.30588236,0.30980393,46.59636057067305,41.470859481072154,20.206800251684776,46.66503226209254,41.64528412248389,20.054135651917587,59.90458676457563,89.15549996098527,0.6831347639668772,1.315190254871561,0.3880803778171497,25.977797414397685,46.1318432594051
panel_02_down,panel_02_down__corner_2,panel_02_down,corner_2,panel_landmarks,panel_02_down__corner_2::gamut_010_cycyy,10,gamut_010_cycyy,cycyy,0.4,0.0,0.6,0.3,0.5196152422706631,#b0d558,0.6901960784313725,0.8352941176470589,0.34509803921568627,80.47282173371678,-30.62907611862564,56.47710040787457,"[[0.49999999999999994, 0.44263520637871295], [0.3166666666666666, 0.5484827557301443], [0.27500000000000013, 0.47631397208144144], [0.5, 0.3464101615137757], [0.5, 0.34641016151377535], [0.5, 0.4426352063787127]]",6,2,2,simple,40,2033,898,40,40,40,1.0,0.65,0.65,6,98.0,,0,0.0,#b2514a,0.69803923,0.31764707,0.2901961,46.76419479262454,39.11591712753656,23.5947715794948,46.70284985636222,39.14135386106001,23.520096275162903,58.25557611232386,84.15392541253578,0.9020985476858256,1.4515835096718785,0.49796734959407774,31.098433921570745,45.68115824513258
panel_02_down,panel_02_down__corner_2,panel_02_down,corner_2,panel_landmarks,panel_02_down__corner_2::gamut_011_cy,11,gamut_011_cy,cy,0.5,0.0,0.5,0.25,0.4330127018922193,#9cd36e,0.611764705882353,0.8274509803921568,0.43137254901960786,78.9150462873468,-34.99013382693389,44.14872186254153,"[[0.4999999999999999, 0.3464101615137758], [0.2750000000000002, 0.47631397208144144], [0.22500000000000003, 0.3897114317029974], [0.45, 0.25980762113533157], [0.45, 0.25980762113533157], [0.5, 0.28867513459481287], [0.5, 0.34641016151377524]]",6,2,2,simple,80,2877,1230,80,80,80,1.0,0.65,0.65,7,98.0,,0,0.0,#b35540,0.7019608,0.33333334,0.2509804,47.69617828376492,36.53600555078496,30.722752218460016,47.557096442058196,36.31739026045697,30.511388114468065,56.14793864372632,79.1887807368552,0.6661688668548477,1.1332849333038901,0.2936322776996958,40.060134992869166,47.736434779776744
panel_02_down,panel_02_down__corner_2,panel_02_down,corner_2,panel_landmarks,panel_02_down__corner_2::gamut_012_ccycy,12,gamut_012_ccycy,ccycy,0.6,0.0,0.4,0.2,0.34641016151377546,#88d184,0.5333333333333333,0.8196078431372549,0.5176470588235295,77.57843488375325,-37.888046728189686,31.195962138943845,"[[0.36666666666666653, 0.21169509870286277], [0.36666666666666714, 0.21169509870286302], [0.45, 0.25980762113533157], [0.225, 0.3897114317029973], [0.18333333333333335, 0.3175426480542941]]",6,2,2,simple,124,2062,872,127,124,127,1.0,0.65,0.65,5,98.0,2.501839971872818,3,0.023622047244094488,#b9603e,0.7254902,0.3764706,0.24313726,50.57799297605413,33.024958068299085,35.088554973949186,50.61588803471809,33.06845551954809,35.075914651858525,53.31222318473775,75.9791444506781,1.2558337186083794,2.061086802525303,0.5712258607643868,46.73532729214412,48.1856259228078
panel_02_down,panel_02_down__corner_2,panel_02_down,corner_2,panel_landmarks,panel_02_down__corner_2::gamut_013_ccy,13,gamut_013_ccy,ccy,0.6666666666666666,0.0,0.3333333333333333,0.16666666666666666,0.28867513459481287,#7bcf92,0.4823529411764706,0.8117647058823529,0.5725490196078431,76.6242576233587,-38.596781108295175,22.516384217852845,"[[0.29166666666666674, 0.16839382851364088], [0.29166666666666674, 0.16839382851364088], [0.3666666666666666, 0.21169509870286274], [0.18333333333333332, 0.3175426480542941], [0.14583333333333337, 0.2525907427704613]]",6,2,2,simple,54,1500,638,54,54,54,1.0,0.65,0.65,5,98.0,,0,0.0,#b9643a,0.7254902,0.39215687,0.22745098,51.54433789555878,30.34300230030604,38.43970407314187,51.56852339353489,30.408360740969457,38.49195140626879,51.25136862127005,75.0682904107425,0.6253338817526329,0.9713618578329645,0.2910555753056618,51.71363159254463,48.97252942035052
panel_02_down,panel_02_down__corner_2,panel_02_down,corner_2,panel_landmarks,panel_02_down__corner_2::gamut_014_ccyc,14,gamut_014_ccyc,ccyc,0.75,0.0,0.25,0.125,0.21650635094610965,#6bcda5,0.4196078431372549,0.803921568627451,0.6470588235294118,75.7627364620849,-38.23104893684348,11.116976934990475,"[[0.22499999999999984, 0.12990381056766567], [0.2916666666666667, 0.16839382851364085], [0.14583333333333337, 0.2525907427704613], [0.11250000000000002, 0.1948557158514987], [0.22500000000000003, 0.12990381056766576]]",6,2,2,simple,62,1078,450,62,62,62,1.0,0.65,0.65,4,98.0,,0,0.0,#bd7232,0.7411765,0.44509804,0.19607843,55.041366137236864,24.42252600501907,46.102259804882415,54.95770048901814,24.593089195347478,46.08542237321293,46.28629868204102,74.69146978485183,1.1347479429221408,2.0322831218662247,0.6392604361700124,62.08773597006996,52.17162193743558
panel_02_down,panel_02_down__corner_2,panel_02_down,corner_2,panel_landmarks,panel_02_down__corner_2::gamut_015_ccycc,15,gamut_015_ccycc,ccycc,0.8,0.0,0.2,0.1,0.17320508075688773,#61ccb0,0.3803921568627451,0.8,0.6901960784313725,75.36328019947463,-37.63795429928929,4.586277188762633,"[[0.22499999999999995, 0.12990381056766578], [0.11249999999999999, 0.19485571585149866], [0.04999999999999999, 0.08660254037844385], [0.1, 0.05773502691896256]]",6,2,2,simple,76,1228,543,76,76,76,1.0,0.65,0.65,5,98.0,,0,0.0,#bf792f,0.74705887,0.4745098,0.18431373,56.82716927393343,20.720546879468337,49.90252094919428,57.023383071784394,20.85265774391898,49.82859238264112,44.146321359968205,76.17653192834315,2.231330131006649,3.3844350411387825,0.9336022827418576,67.45077600755747,54.03334766668654
panel_02_down,panel_02_down__corner_2,panel_02_down,corner_2,panel_landmarks,panel_02_down__corner_2::gamut_016_c,16,gamut_016_c,c,1.0,0.0,0.0,0.0,0.0,#3ac8dc,0.22745098039215686,0.7843137254901961,0.8627450980392157,74.42655654335444,-30.326087604312878,-20.705156122725967,"[[0.1, 0.057735026918962574], [0.05, 0.08660254037844387], [0.0, 0.0], [0.10000000000000002, 0.0]]",6,2,2,simple,45,640,270,45,45,45,1.0,0.65,0.65,4,98.0,,0,0.0,#d8c415,0.84705883,0.76862746,0.08235294,78.53843189424406,-8.787012506219883,77.12417097628284,78.51116030955626,-8.850628120835523,77.0928684635102,44.42492936391852,100.25675296770488,0.25288762553598393,0.33139676853010397,0.126772443486526,96.49987031683287,77.62312372974546
panel_02_down,panel_02_down__corner_2,panel_02_down,corner_2,panel_landmarks,panel_02_down__corner_2::gamut_017_ccmcc,17,gamut_017_ccmcc,ccmcc,0.8,0.2,0.0,0.2,0.0,#55a5ce,0.3333333333333333,0.6470588235294118,0.807843137254902,64.39915620027084,-12.522958683054753,-28.313954637547667,"[[0.22499999999999998, 0.12990381056766578], [0.22499999999999992, 0.12990381056766576], [0.1, 0.05773502691896257], [0.10000000000000002, 0.0], [0.22499999999999998, 0.0]]",6,2,2,simple,68,1273,542,68,68,68,1.0,0.65,0.65,6,98.0,,0,0.0,#dbcb15,0.85882354,0.79607844,0.08235294,80.64125388240235,-11.044400925836307,78.86328556431498,80.5424332701206,-10.986604404642403,78.81001318342011,53.736684479293025,108.4110358194455,0.06427270246422735,0.26048256588989854,0.16696662410370072,97.97213349550418,79.63288643399349
panel_02_down,panel_02_down__corner_2,panel_02_down,corner_2,panel_landmarks,panel_02_down__corner_2::gamut_018_ccmc,18,gamut_018_ccmc,ccmc,0.75,0.25,0.0,0.25,0.0,#5c9cca,0.3607843137254902,0.611764705882353,0.792156862745098,61.92440441812144,-7.364048329696504,-29.88546306665585,"[[0.29166666666666663, 0.16839382851364085], [0.29166666666666674, 0.16839382851364088], [0.22499999999999992, 0.12990381056766573], [0.22499999999999995, 0.12990381056766576], [0.22499999999999998, 0.0], [0.29166666666666674, 0.0]]",6,2,2,simple,41,1056,480,41,41,41,1.0,0.65,0.65,6,98.0,,0,0.0,#dccc15,0.8627451,0.8,0.08235294,80.99266480737805,-11.119280053371039,79.1705779083968,80.90686316454502,-11.105072414529483,79.13480340597614,56.7243390368503,110.77418649091197,0.24263756088307106,0.24460147882681677,0.13111050877052616,97.99473475894547,79.9476003095454
panel_02_down,panel_02_down__corner_2,panel_02_down,corner_2,panel_landmarks,panel_02_down__corner_2::gamut_019_ccm,19,gamut_019_ccm,ccm,0.6666666666666666,0.3333333333333333,0.0,0.3333333333333333,0.0,#678dc4,0.403921568627451,0.5529411764705883,0.7686274509803922,57.95834963869487,1.909786468417607,-32.625876079859225,"[[0.3666666666666667, 0.2116950987028628], [0.36666666666666675, 0.2116950987028628], [0.29166666666666674, 0.16839382851364085], [0.2916666666666667, 0.16839382851364082], [0.2916666666666667, 0.0], [0.3666666666666667, 0.0]]",6,2,2,simple,45,1500,671,45,45,45,1.0,0.65,0.65,7,98.0,,0,0.0,#dbcb15,0.85882354,0.79607844,0.08235294,80.64327881162882,-11.13467048073935,79.01223710284914,80.62583169978522,-11.252419672649113,78.86171881592921,61.000920503425,114.66399689385786,0.2810858888342632,0.6012497433463365,0.18726207831857578,98.02149182473545,79.79294767528957
panel_02_down,panel_02_down__corner_2,panel_02_down,corner_2,panel_landmarks,panel_02_down__corner_2::gamut_020_ccmcm,20,gamut_020_ccmcm,ccmcm,0.6,0.4,0.0,0.4,0.0,#7082c0,0.4392156862745098,0.5098039215686274,0.7529411764705882,55.29267420281303,9.505154374171154,-34.4733226879592,"[[0.44999999999999996, 0.25980762113533157], [0.4500000000000001, 0.2598076211353316], [0.3666666666666665, 0.21169509870286266], [0.36666666666666675, 0.21169509870286288], [0.3666666666666667, 0.0], [0.44999999999999996, 0.0]]",6,2,2,simple,60,2123,928,60,60,60,1.0,0.65,0.65,8,98.0,,0,0.0,#ded01c,0.87058824,0.8156863,0.10784314,82.32408872106993,-12.139335830737537,79.08675300125233,82.35892195496525,-12.242747098518121,79.20822710101221,59.85606029750501,118.72266892901149,0.4892044592549807,0.6902575020342917,0.1763307003471284,98.72644639689355,80.01298628780532
panel_02_down,panel_02_down__corner_2,panel_02_down,corner_2,panel_landmarks,panel_02_down__corner_2::gamut_021_cm,21,gamut_021_cm,cm,0.5,0.5,0.0,0.5,0.0,#7e70b9,0.49411764705882355,0.4392156862745098,0.7254901960784313,51.29732537689088,22.192773865570615,-36.6472398512226,"[[0.55, 0.2598076211353316], [0.5, 0.2886751345948129], [0.4500000000000002, 0.25980762113533173], [0.44999999999999996, 0.25980762113533157], [0.44999999999999996, 0.0], [0.55, 0.0]]",6,2,2,simple,189,2876,1238,193,189,193,1.0,0.65,0.65,8,98.0,1.0033737824825923,4,0.02072538860103627,#ded223,0.87058824,0.8235294,0.13725491,82.77218497504523,-12.995102747600018,78.15274078424757,82.74341789397212,-13.093198857655823,78.04835019701483,66.91620842129889,124.12851808175097,0.49668925517560447,0.742749173184053,0.21443497242436005,99.44066895398419,79.22577602971444
panel_02_down,panel_02_down__corner_2,panel_02_down,corner_2,panel_landmarks,panel_02_down__corner_2::gamut_022_cmcmm,22,gamut_022_cmcmm,cmcmm,0.4,0.6,0.0,0.6,0.0,#8c5fb2,0.5490196078431373,0.37254901960784315,0.6980392156862745,48.227853537804535,34.47023920646486,-37.32564454758596,"[[0.6333333333333334, 0.2116950987028627], [0.6333333333333331, 0.211695098702863], [0.5500000000000002, 0.25980762113533157], [0.55, 0.2598076211353316], [0.55, 0.0], [0.6333333333333334, 0.0]]",6,2,2,simple,47,2121,913,47,47,47,1.0,0.65,0.65,8,98.0,,0,0.0,#e0d938,0.8784314,0.8509804,0.21960784,84.86917526241074,-14.507984902552673,74.29088188193121,84.7313062443814,-14.436615521458728,74.12738196892074,72.716439552457,127.27804943033323,0.40871683467820263,0.8840112784466085,0.2651818490787255,101.05000616873656,75.69423199113491
panel_02_down,panel_02_down__corner_2,panel_02_down,corner_2,panel_landmarks,panel_02_down__corner_2::gamut_023_cmm,23,gamut_023_cmm,cmm,0.3333333333333333,0.6666666666666666,0.0,0.6666666666666666,0.0,#9553ad,0.5843137254901961,0.3254901960784314,0.6784313725490196,46.43717552780805,42.58465688514468,-37.152504170448154,"[[0.7083333333333331, 0.168393828513641], [0.7083333333333331, 0.168393828513641], [0.6333333333333333, 0.2116950987028628], [0.6333333333333334, 0.0], [0.7083333333333333, 0.0]]",6,2,2,simple,48,1531,681,48,48,48,1.0,0.65,0.65,7,98.0,,0,0.0,#e4e047,0.89411765,0.8784314,0.2784314,87.106951961559,-15.630415514070739,71.53897823116571,87.04320474440986,-15.552425113930342,71.48866872492023,76.19958776992128,129.83398521295385,0.4129499795628445,0.64206942721083,0.18925775637201872,102.32476605407135,73.22660237578762
panel_02_down,panel_02_down__corner_2,panel_02_down,corner_2,panel_landmarks,panel_02_down__corner_2::gamut_024_mcmm,24,gamut_024_mcmm,mcmm,0.25,0.75,0.0,0.75,0.0,#a044a7,0.6274509803921569,0.26666666666666666,0.6549019607843137,44.800029665938034,51.92297921655648,-36.09631750039897,"[[0.7750000000000006, 0.12990381056766542], [0.7750000000000004, 0.12990381056766562], [0.7083333333333331, 0.16839382851364093], [0.7083333333333331, 0.0], [0.7750000000000006, 0.0]]",6,2,2,simple,74,1078,458,74,74,74,1.0,0.65,0.65,5,98.0,,0,0.0,#e8e46a,0.9098039,0.89411765,0.41568628,88.76360858758228,-14.297193670942232,59.3868088722874,88.78166254786345,-14.083190518807644,59.05978111690181,76.67346073581588,124.23741381223394,0.3549892062961916,0.6635708902308709,0.20227097689348708,103.53619315878598,61.08357238159884
panel_02_down,panel_02_down__corner_2,panel_02_down,corner_2,panel_landmarks,panel_02_down__corner_2::gamut_025_mmcmm,25,gamut_025_mmcmm,mmcmm,0.2,0.8,0.0,0.8,0.0,#a73ca4,0.6549019607843137,0.23529411764705882,0.6431372549019608,44.4176754796398,56.71421828170675,-34.84717030635769,"[[0.7750000000000006, 0.12990381056766537], [0.7750000000000006, 0.0], [0.8999999999999999, 0.0], [0.8999999999999999, 0.05773502691896263]]",6,2,2,simple,70,1252,555,70,70,70,1.0,0.65,0.65,6,98.0,,0,0.0,#eae97c,0.91764706,0.9137255,0.4862745,90.40874795720251,-13.898419077676444,52.49320706175531,90.3784431683087,-14.019937445667866,52.437233044989554,76.38217465707999,121.36583053433355,0.4140801876046101,0.7546844174238706,0.21197430437274983,104.82970153050792,54.30195982178763
panel_02_down,panel_02_down__corner_2,panel_02_down,corner_2,panel_landmarks,panel_02_down__corner_2::gamut_026_m,26,gamut_026_m,m,0.0,1.0,0.0,1.0,0.0,#c31996,0.7647058823529411,0.09803921568627451,0.5882352941176471,44.94517938493525,71.41561872915153,-25.286338363609783,"[[0.8999999999999999, 0.05773502691896262], [0.8999999999999999, 0.0], [1.0, 0.0], [0.95, 0.08660254037844395]]",6,2,2,simple,45,620,278,45,45,0,0.0,0.65,0.65,4,98.0,,0,0.0,#e8eae4,0.9098039,0.91764706,0.89411765,92.42395831090883,-1.393314767774212,2.7876894684507825,92.38313877198308,-1.507330087204909,2.6412963091592343,50.05771802407218,91.34290494601395,0.47346995931979985,0.5987574709761299,0.27491095547683886,116.55633653356267,3.1164946036547394
panel_02_down,panel_02_down__corner_2,panel_02_down,corner_2,panel_landmarks,panel_02_down__corner_2::gamut_027_mmymm,27,gamut_027_mmymm,mmymm,0.0,0.8,0.2,0.9,0.17320508075688773,#cf4078,0.8117647058823529,0.25098039215686274,0.47058823529411764,49.84848124885772,60.188269024954224,0.4786347756794429,"[[0.7750000000000004, 0.12990381056766553], [0.7750000000000004, 0.1299038105676656], [0.8999999999999999, 0.05773502691896262], [0.95, 0.08660254037844393], [0.8875000000000002, 0.19485571585149836]]",6,2,2,simple,64,1264,529,64,64,64,1.0,0.65,0.65,5,98.0,,0,0.0,#d088b3,0.8156863,0.53333336,0.7019608,65.18051738303002,33.99978234045131,-11.365850682373491,64.73859419719214,34.02684884816023,-11.300342560716912,17.650579934148176,32.576064873001144,1.9827404125769168,3.2078518888907013,0.9691628731813153,341.51563750973565,35.849236546014126
panel_02_down,panel_02_down__corner_2,panel_02_down,corner_2,panel_landmarks,panel_02_down__corner_2::gamut_028_mmym,28,gamut_028_mmym,mmym,0.0,0.75,0.25,0.875,0.21650635094610965,#d24a70,0.8235294117647058,0.2901960784313726,0.4392156862745098,51.57960032045129,56.37809473471766,7.85956369537153,"[[0.7083333333333333, 0.16839382851364088], [0.708333333333333, 0.1683938285136411], [0.7750000000000006, 0.12990381056766553], [0.7750000000000005, 0.12990381056766556], [0.8875000000000002, 0.19485571585149838], [0.8541666666666666, 0.2525907427704614]]",6,2,2,simple,66,1075,447,66,66,66,1.0,0.65,0.65,4,98.0,,0,0.0,#c877a7,0.78431374,0.46470588,0.654902,60.08360556765995,38.8227489612698,-12.029493592145634,60.2875655757254,38.55252431465451,-12.112826322727164,14.045523001214848,27.858263949069148,1.0662494067596482,2.1341204486607284,0.703379843847848,342.7840483998599,40.64375170912804
panel_02_down,panel_02_down__corner_2,panel_02_down,corner_2,panel_landmarks,panel_02_down__corner_2::gamut_029_mmy,29,gamut_029_mmy,mmy,0.0,0.6666666666666666,0.3333333333333333,0.8333333333333333,0.28867513459481287,#d75b64,0.8431372549019608,0.3568627450980392,0.39215686274509803,54.92109472478978,49.47976671792647,19.744343642877826,"[[0.6333333333333329, 0.21169509870286304], [0.6333333333333332, 0.2116950987028628], [0.708333333333333, 0.16839382851364093], [0.7083333333333333, 0.16839382851364088], [0.8541666666666666, 0.25259074277046145], [0.8166666666666667, 0.3175426480542943]]",6,2,2,simple,57,1489,633,57,57,57,1.0,0.65,0.65,5,98.0,,0,0.0,#c0659a,0.7529412,0.39607844,0.6039216,54.78190864135145,42.940932998472235,-12.67810905005784,54.745955673080545,43.14713223123123,-12.670559791059176,16.68416387683385,33.07553715062154,0.44517390604541507,0.7314388764044785,0.18179862297211002,343.55101167184006,44.77340924996041
panel_02_down,panel_02_down__corner_2,panel_02_down,corner_2,panel_landmarks,panel_02_down__corner_2::gamut_030_mmymy,30,gamut_030_mmymy,mmymy,0.0,0.6,0.4,0.8,0.34641016151377546,#db685a,0.8588235294117647,0.40784313725490196,0.35294117647058826,57.754183854481255,43.898425701771274,29.352331819167688,"[[0.5500000000000003, 0.2598076211353315], [0.5500000000000003, 0.2598076211353315], [0.6333333333333333, 0.21169509870286285], [0.6333333333333329, 0.21169509870286302], [0.8166666666666665, 0.3175426480542942], [0.775, 0.38971143170299727]]",6,2,2,simple,52,2041,873,52,52,52,1.0,0.65,0.65,6,98.0,,0,0.0,#bb5b93,0.7352941,0.35686275,0.5764706,52.172953250865376,45.19769590824218,-12.26621321677026,52.11535307795363,45.242092223720945,-12.288120034872495,22.805875032497703,42.011207183661796,1.5461295678988267,2.1993516600881056,0.662144063466387,344.81620866718174,46.83259230592731
panel_02_down,panel_02_down__corner_3,panel_02_down,corner_3,panel_landmarks,panel_02_down__corner_3::gamut_001_my,1,gamut_001_my,my,0.0,0.5,0.5,0.75,0.4330127018922193,#e17c4b,0.8823529411764706,0.48627450980392156,0.29411764705882354,62.45289702748056,35.06929839281481,43.41945673452145,"[[0.5, 0.34641016151377513], [0.5, 0.34641016151377513], [0.5, 0.28867513459481287], [0.55, 0.2598076211353315], [0.5500000000000003, 0.25980762113533146], [0.7750000000000001, 0.38971143170299727], [0.7250000000000001, 0.47631397208144116]]",6,2,2,simple,121,2593,1066,124,121,124,1.0,0.65,0.65,6,98.0,0.9986701461019807,3,0.024193548387096774,#bc4f8a,0.7372549,0.30980393,0.5411765,49.642499543995726,50.23937399255224,-10.992711728324789,49.55405498208109,50.23640268181063,-10.95589669867987,33.87880848094171,57.92168466313616,0.3630451301948741,0.7249527419971762,0.24954168460590914,347.65781233929096,51.42795358854544
panel_02_down,panel_02_down__corner_3,panel_02_down,corner_3,panel_landmarks,panel_02_down__corner_3::gamut_002_mymyy,2,gamut_002_mymyy,mymyy,0.0,0.4,0.6,0.7,0.5196152422706631,#e78f3c,0.9058823529411765,0.5607843137254902,0.23529411764705882,67.25038043422728,26.766151588117626,56.050858524577286,"[[0.49999999999999994, 0.44263520637871284], [0.49999999999999994, 0.44263520637871284], [0.49999999999999994, 0.3464101615137752], [0.7250000000000001, 0.47631397208144116], [0.6833333333333335, 0.5484827557301443]]",6,2,2,simple,108,1817,811,111,108,111,1.0,0.65,0.65,5,98.0,2.2325497918374078,3,0.02702702702702703,#bb568f,0.73333335,0.3372549,0.56078434,50.9273907780929,46.840745798203486,-11.74582335539669,50.851458362299525,46.951718377753394,-11.779617878946508,42.98742142914453,72.56596583763131,0.7994069018449137,1.7071823098369507,0.5997554427894947,345.92273687078546,48.29099122225697
panel_02_down,panel_02_down__corner_3,panel_02_down,corner_3,panel_landmarks,panel_02_down__corner_3::gamut_003_myy,3,gamut_003_myy,myy,0.0,0.3333333333333333,0.6666666666666666,0.6666666666666666,0.5773502691896257,#eb9d32,0.9215686274509803,0.615686274509804,0.19607843137254902,70.87834005274337,20.623964460334378,63.79337035503971,"[[0.5, 0.5292377467571571], [0.4999999999999999, 0.5292377467571567], [0.49999999999999994, 0.4426352063787129], [0.6833333333333335, 0.5484827557301444], [0.6458333333333334, 0.6134346610139774]]",6,2,2,simple,101,1347,567,104,101,104,1.0,0.65,0.65,4,98.0,1.3354749818332334,3,0.028846153846153848,#ba5b91,0.7294118,0.35686275,0.5686275,51.75104528164887,45.11339153985966,-12.180898406000251,51.82669412766752,44.99132945208641,-12.172496205287544,48.521886040647246,82.08334153601727,0.47348302826254907,0.9832755311517369,0.3236954987063921,344.89009024522255,46.72892447088827
panel_02_down,panel_02_down__corner_3,panel_02_down,corner_3,panel_landmarks,panel_02_down__corner_3::gamut_004_ymyy,4,gamut_004_ymyy,ymyy,0.0,0.25,0.75,0.625,0.649519052838329,#f0ad25,0.9411764705882353,0.6784313725490196,0.1450980392156863,75.17069205620427,13.897348872566884,71.97054159381838,"[[0.5, 0.6062177826491071], [0.5, 0.6062177826491071], [0.5, 0.529237746757157], [0.6458333333333334, 0.6134346610139774], [0.6125, 0.6711696879329399]]",6,2,2,simple,52,934,413,52,52,52,1.0,0.65,0.65,4,98.0,,0,0.0,#bb6695,0.73333335,0.4,0.5862745,54.38485639121249,40.372652548691136,-10.57003437529669,54.425554884369184,39.9618982266268,-10.742807765217963,51.91902225953333,89.13999859966512,0.611369742889914,1.2637538408318232,0.4058669465389988,345.3285946651067,41.73340029894869
panel_02_down,panel_02_down__corner_3,panel_02_down,corner_3,panel_landmarks,panel_02_down__corner_3::gamut_005_yymyy,5,gamut_005_yymyy,yymyy,0.0,0.2,0.8,0.6000000000000001,0.6928203230275509,#f3b71e,0.9529411764705882,0.7176470588235294,0.11764705882352941,77.88658998186094,9.774007373456461,76.02676705068747,"[[0.5, 0.7505553499465134], [0.5, 0.6062177826491071], [0.6125, 0.6711696879329399], [0.55, 0.7794228634059948]]",6,2,2,simple,72,1102,471,72,72,72,1.0,0.65,0.65,5,98.0,,0,0.0,#bd749c,0.7411765,0.45490196,0.6117647,57.76261308033645,34.200674495319326,-9.59882457558252,57.948935326678075,34.2304416652602,-9.631349636093931,51.89903606811498,91.28734005525709,1.0387497494562985,2.2374134244972295,0.7730913405901674,344.3225952599187,35.52215603208219
panel_02_down,panel_02_down__corner_3,panel_02_down,corner_3,panel_landmarks,panel_02_down__corner_3::gamut_006_y,6,gamut_006_y,y,0.0,0.0,1.0,0.5,0.8660254037844386,#ffdf00,1.0,0.8745098039215686,0.0,88.94096720886532,-5.949434572648293,88.5567575521992,"[[0.45, 0.7794228634059948], [0.5, 0.7505553499465135], [0.5499999999999999, 0.7794228634059948], [0.5, 0.8660254037844386]]",6,2,2,simple,50,562,243,50,50,0,0.0,0.65,0.65,3,98.0,,0,0.0,#d7d7cf,0.84313726,0.84313726,0.8117647,85.7322839406227,-1.4192804817346194,3.937658926281995,85.55159368349744,-1.1287342102757867,3.645948241259796,27.662161105147923,84.80100115367757,0.2647981313117104,1.7781214204599614,0.7843324790119806,109.82107120151159,4.185631960117985
panel_02_down,panel_02_down__corner_3,panel_02_down,corner_3,panel_landmarks,panel_02_down__corner_3::gamut_007_yycyy,7,gamut_007_yycyy,yycyy,0.2,0.0,0.8,0.4,0.6928203230275509,#d7da2c,0.8431372549019608,0.8549019607843137,0.17254901960784313,84.3667653359768,-19.647053313897157,76.98686095704784,"[[0.45, 0.7794228634059948], [0.38750000000000007, 0.6711696879329401], [0.5, 0.6062177826491071], [0.49999999999999994, 0.606217782649107], [0.5, 0.7505553499465134]]",6,2,2,simple,72,1105,471,72,72,72,1.0,0.65,0.65,5,98.0,,0,0.0,#6c9dc7,0.42352942,0.6156863,0.78039217,62.863660371596055,-5.4462925107145725,-26.58668956341945,62.80243320904745,-5.5141375558090795,-26.56754538623038,55.66279360653069,106.73108965017724,1.0529558591549593,1.634549679262739,0.456659732184546,258.423102841353,27.138794447320286
panel_02_down,panel_02_down__corner_3,panel_02_down,corner_3,panel_landmarks,panel_02_down__corner_3::gamut_008_ycyy,8,gamut_008_ycyy,ycyy,0.25,0.0,0.75,0.375,0.649519052838329,#cdd937,0.803921568627451,0.8509803921568627,0.21568627450980393,83.38010598564017,-22.911475895264044,72.6579380339764,"[[0.49999999999999994, 0.6062177826491072], [0.38750000000000007, 0.6711696879329401], [0.3541666666666665, 0.6134346610139771], [0.4999999999999999, 0.5292377467571566], [0.5, 0.529237746757157], [0.5, 0.606217782649107]]",6,2,2,simple,45,925,392,45,45,45,1.0,0.65,0.65,4,98.0,,0,0.0,#6097c7,0.3764706,0.5921569,0.78039217,60.55279407778947,-4.649531513366389,-30.368730270046917,60.66872682445409,-4.584291530936199,-30.344515217958584,57.818922064047825,107.09378676362633,0.6671548212959575,1.126005222406116,0.349515349535596,261.29545994127517,30.72259626901104
panel_02_down,panel_02_down__corner_3,panel_02_down,corner_3,panel_landmarks,panel_02_down__corner_3::gamut_009_cyy,9,gamut_009_cyy,cyy,0.3333333333333333,0.0,0.6666666666666666,0.3333333333333333,0.5773502691896257,#bdd749,0.7411764705882353,0.8431372549019608,0.28627450980392155,81.78436408497542,-27.531586792779173,64.35620557265086,"[[0.5000000000000001, 0.5292377467571565], [0.3541666666666665, 0.6134346610139771], [0.31666666666666654, 0.5484827557301443], [0.4999999999999999, 0.44263520637871295], [0.49999999999999994, 0.4426352063787134], [0.49999999999999994, 0.529237746757157]]",6,2,2,simple,50,1310,600,50,50,50,1.0,0.65,0.65,5,98.0,,0,0.0,#5692c8,0.33529413,0.57254905,0.78431374,58.74365546652034,-3.5264068411043903,-33.95996844928848,58.6758273416622,-3.5868108700121355,-33.88631059530154,58.38467292008077,103.79399304615417,0.5555583646185831,1.091512593219914,0.32181977616109564,264.07164707683944,34.142568771046754
panel_02_down,panel_02_down__corner_3,panel_02_down,corner_3,panel_landmarks,panel_02_down__corner_3::gamut_010_cycyy,10,gamut_010_cycyy,cycyy,0.4,0.0,0.6,0.3,0.5196152422706631,#b0d558,0.6901960784313725,0.8352941176470589,0.34509803921568627,80.47282173371678,-30.62907611862564,56.47710040787457,"[[0.49999999999999994, 0.44263520637871295], [0.3166666666666666, 0.5484827557301443], [0.27500000000000013, 0.47631397208144144], [0.5, 0.3464101615137757], [0.5, 0.34641016151377535], [0.5, 0.4426352063787127]]",6,2,2,simple,105,1779,786,108,105,108,1.0,0.65,0.65,5,98.0,2.2123650786764,3,0.027777777777777776,#4e8fca,0.30588236,0.56078434,0.7921569,57.63062922857959,-2.819183536177272,-36.6849934842191,57.84184386954467,-2.8252626917128882,-36.61683990359456,57.70342743630133,99.8715756471697,0.8024154682738476,1.5372175717984324,0.5013457703702133,265.6055474233566,36.7931589123284
panel_02_down,panel_02_down__corner_3,panel_02_down,corner_3,panel_landmarks,panel_02_down__corner_3::gamut_011_cy,11,gamut_011_cy,cy,0.5,0.0,0.5,0.25,0.4330127018922193,#9cd36e,0.611764705882353,0.8274509803921568,0.43137254901960786,78.9150462873468,-34.99013382693389,44.14872186254153,"[[0.4999999999999999, 0.3464101615137758], [0.2750000000000002, 0.47631397208144144], [0.22500000000000003, 0.3897114317029974], [0.45, 0.25980762113533157], [0.45, 0.25980762113533157], [0.5, 0.28867513459481287], [0.5, 0.34641016151377524]]",6,2,2,simple,41,2546,1081,41,41,41,1.0,0.65,0.65,7,98.0,,0,0.0,#468ccc,0.27450982,0.54901963,0.8,56.5014992802014,-1.93144710461568,-39.61946881338228,56.576833291489336,-1.855902318591901,-39.677438348212505,54.69132279678376,92.80276734216402,0.3967699605174592,0.7412521353743886,0.26462310337615275,267.20904319815793,39.6665198495217
panel_02_down,panel_02_down__corner_3,panel_02_down,corner_3,panel_landmarks,panel_02_down__corner_3::gamut_012_ccycy,12,gamut_012_ccycy,ccycy,0.6,0.0,0.4,0.2,0.34641016151377546,#88d184,0.5333333333333333,0.8196078431372549,0.5176470588235295,77.57843488375325,-37.888046728189686,31.195962138943845,"[[0.36666666666666653, 0.21169509870286277], [0.36666666666666714, 0.21169509870286302], [0.45, 0.25980762113533157], [0.225, 0.3897114317029973], [0.18333333333333335, 0.3175426480542941]]",6,2,2,simple,105,1807,794,108,105,108,1.0,0.65,0.65,5,98.0,2.1436681656508516,3,0.027777777777777776,#3b86cb,0.23137255,0.5254902,0.79607844,54.249306356624444,-0.002353036246294238,-42.90154425030786,54.25362958154233,-0.005026099980548729,-42.80494477263482,50.568148205859494,86.42924549861726,0.8678751953732142,1.5444896379940036,0.47253461588986223,269.99685747801914,42.90154431483676
panel_02_down,panel_02_down__corner_3,panel_02_down,corner_3,panel_landmarks,panel_02_down__corner_3::gamut_013_ccy,13,gamut_013_ccy,ccy,0.6666666666666666,0.0,0.3333333333333333,0.16666666666666666,0.28867513459481287,#7bcf92,0.4823529411764706,0.8117647058823529,0.5725490196078431,76.6242576233587,-38.596781108295175,22.516384217852845,"[[0.29166666666666674, 0.16839382851364088], [0.29166666666666674, 0.16839382851364088], [0.3666666666666666, 0.21169509870286274], [0.18333333333333332, 0.3175426480542941], [0.14583333333333337, 0.2525907427704613]]",6,2,2,simple,96,1358,555,96,96,96,1.0,0.65,0.65,4,98.0,,0,0.0,#3783cc,0.21568628,0.5137255,0.8,53.386835581427164,1.194639604445602,-44.482610876978534,53.31359176239215,1.2255157127546685,-44.509877904225995,46.855904955789676,81.31543696746897,0.3659814137203013,0.7388970539291643,0.3732417288860496,271.5383844802876,44.498649802181625
panel_02_down,panel_02_down__corner_3,panel_02_down,corner_3,panel_landmarks,panel_02_down__corner_3::gamut_014_ccyc,14,gamut_014_ccyc,ccyc,0.75,0.0,0.25,0.125,0.21650635094610965,#6bcda5,0.4196078431372549,0.803921568627451,0.6470588235294118,75.7627364620849,-38.23104893684348,11.116976934990475,"[[0.22499999999999984, 0.12990381056766567], [0.2916666666666667, 0.16839382851364085], [0.14583333333333337, 0.2525907427704613], [0.11250000000000002, 0.1948557158514987], [0.22500000000000003, 0.12990381056766576]]",6,2,2,simple,57,913,423,57,57,57,1.0,0.65,0.65,4,98.0,,0,0.0,#317fca,0.19215687,0.49803922,0.7921569,51.88975278326215,2.3831466212558827,-46.011100999698854,52.240615024809934,2.3684974600676307,-45.908308978245756,41.94133110215612,74.04761656578025,1.0342219991566242,1.927693447922413,0.5638909225771409,272.9649874264305,46.0727772445171
panel_02_down,panel_02_down__corner_3,panel_02_down,corner_3,panel_landmarks,panel_02_down__corner_3::gamut_015_ccycc,15,gamut_015_ccycc,ccycc,0.8,0.0,0.2,0.1,0.17320508075688773,#61ccb0,0.3803921568627451,0.8,0.6901960784313725,75.36328019947463,-37.63795429928929,4.586277188762633,"[[0.22499999999999995, 0.12990381056766578], [0.11249999999999999, 0.19485571585149866], [0.04999999999999999, 0.08660254037844385], [0.1, 0.05773502691896256]]",6,2,2,simple,45,1072,468,45,45,45,1.0,0.65,0.65,5,98.0,,0,0.0,#2e7fcb,0.18039216,0.49803922,0.79607844,51.99557848773816,2.4105305005680533,-46.560401514215364,52.36587553781312,2.5616541297966493,-46.68844554937156,38.71192222247575,69.03559487973403,1.951057258589817,3.2815202564867025,1.186867752883755,272.96367772401436,46.6227588893999
panel_02_down,panel_02_down__corner_3,panel_02_down,corner_3,panel_landmarks,panel_02_down__corner_3::gamut_016_c,16,gamut_016_c,c,1.0,0.0,0.0,0.0,0.0,#3ac8dc,0.22745098039215686,0.7843137254901961,0.8627450980392157,74.42655654335444,-30.326087604312878,-20.705156122725967,"[[0.1, 0.057735026918962574], [0.05, 0.08660254037844387], [0.0, 0.0], [0.10000000000000002, 0.0]]",6,2,2,simple,65,556,239,65,65,65,1.0,0.65,0.65,3,98.0,,0,0.0,#257bd0,0.14509805,0.48235294,0.8156863,50.73817921693134,5.656483079613084,-50.890554545348834,50.734661991978975,5.627414295851151,-50.92197626366472,29.8494840582254,52.602689012209325,0.28925889903989555,0.6696300629740074,0.54653489845264,276.342390444059,51.2039485075426
panel_02_down,panel_02_down__corner_3,panel_02_down,corner_3,panel_landmarks,panel_02_down__corner_3::gamut_017_ccmcc,17,gamut_017_ccmcc,ccmcc,0.8,0.2,0.0,0.2,0.0,#55a5ce,0.3333333333333333,0.6470588235294118,0.807843137254902,64.39915620027084,-12.522958683054753,-28.313954637547667,"[[0.22499999999999998, 0.12990381056766578], [0.22499999999999992, 0.12990381056766576], [0.1, 0.05773502691896257], [0.10000000000000002, 0.0], [0.22499999999999998, 0.0]]",6,2,2,simple,47,1085,488,47,47,47,1.0,0.65,0.65,6,98.0,,0,0.0,#4859ab,0.28235295,0.34901962,0.67058825,40.34750196326768,18.205501039030818,-45.77302991967751,40.301646242852506,18.242482613115516,-45.8679639104966,28.58990038224919,42.749732375013345,0.6282916463323708,1.0253438901739766,0.331555205056455,291.6894093893635,49.260638811426766
panel_02_down,panel_02_down__corner_3,panel_02_down,corner_3,panel_landmarks,panel_02_down__corner_3::gamut_018_ccmc,18,gamut_018_ccmc,ccmc,0.75,0.25,0.0,0.25,0.0,#5c9cca,0.3607843137254902,0.611764705882353,0.792156862745098,61.92440441812144,-7.364048329696504,-29.88546306665585,"[[0.29166666666666663, 0.16839382851364085], [0.29166666666666674, 0.16839382851364088], [0.22499999999999992, 0.12990381056766573], [0.22499999999999995, 0.12990381056766576], [0.22499999999999998, 0.0], [0.29166666666666674, 0.0]]",6,2,2,simple,66,974,410,66,66,66,1.0,0.65,0.65,5,98.0,,0,0.0,#4e52a1,0.30588236,0.32156864,0.6313726,38.31522816291178,20.77364806780141,-43.25190598438361,38.272599945586585,20.75262699812175,-43.1167962755594,27.906670945706406,39.086889851716236,0.4748696833699434,0.7997222016668871,0.23195178800967217,295.65471333445544,47.98199480353884
panel_02_down,panel_02_down__corner_3,panel_02_down,corner_3,panel_landmarks,panel_02_down__corner_3::gamut_019_ccm,19,gamut_019_ccm,ccm,0.6666666666666666,0.3333333333333333,0.0,0.3333333333333333,0.0,#678dc4,0.403921568627451,0.5529411764705883,0.7686274509803922,57.95834963869487,1.909786468417607,-32.625876079859225,"[[0.3666666666666667, 0.2116950987028628], [0.36666666666666675, 0.2116950987028628], [0.29166666666666674, 0.16839382851364085], [0.2916666666666667, 0.16839382851364082], [0.2916666666666667, 0.0], [0.3666666666666667, 0.0]]",6,2,2,simple,66,1320,577,66,66,66,1.0,0.65,0.65,6,98.0,,0,0.0,#584b95,0.34509805,0.29411766,0.58431375,36.48013230690504,24.046158958414665,-39.21004348412702,36.58651895620393,24.21645538469283,-39.226767620687745,24.531971703484743,31.538612321643416,0.3924325195045333,0.6702687344156524,0.2953316949290679,301.51934453194036,45.996144084917354
panel_02_down,panel_02_down__corner_3,panel_02_down,corner_3,panel_landmarks,panel_02_down__corner_3::gamut_020_ccmcm,20,gamut_020_ccmcm,ccmcm,0.6,0.4,0.0,0.4,0.0,#7082c0,0.4392156862745098,0.5098039215686274,0.7529411764705882,55.29267420281303,9.505154374171154,-34.4733226879592,"[[0.44999999999999996, 0.25980762113533157], [0.4500000000000001, 0.2598076211353316], [0.3666666666666665, 0.21169509870286266], [0.36666666666666675, 0.21169509870286288], [0.3666666666666667, 0.0], [0.44999999999999996, 0.0]]",6,2,2,simple,50,1833,816,50,50,50,1.0,0.65,0.65,8,98.0,,0,0.0,#5d4690,0.3647059,0.27450982,0.5647059,35.4412771858148,27.195204121594706,-37.814329524224966,35.542378373379066,27.16258175463778,-37.82613459932222,21.533579593778175,26.798846062335986,0.2897516000670634,0.4588123869849345,0.2969793568474826,305.72282784102197,46.577920140146595
panel_02_down,panel_02_down__corner_3,panel_02_down,corner_3,panel_landmarks,panel_02_down__corner_3::gamut_021_cm,21,gamut_021_cm,cm,0.5,0.5,0.0,0.5,0.0,#7e70b9,0.49411764705882355,0.4392156862745098,0.7254901960784313,51.29732537689088,22.192773865570615,-36.6472398512226,"[[0.55, 0.2598076211353316], [0.5, 0.2886751345948129], [0.4500000000000002, 0.25980762113533173], [0.44999999999999996, 0.25980762113533157], [0.44999999999999996, 0.0], [0.55, 0.0]]",6,2,2,simple,146,2597,1088,149,146,149,1.0,0.65,0.65,8,98.0,0.9834539995211905,3,0.020134228187919462,#653d84,0.39607844,0.23921569,0.5176471,33.49981306107206,31.765938952054512,-33.30770742956084,33.56230369499779,31.726949336141065,-33.236447806424486,17.53181711335707,20.482905340798872,0.33017853337708053,0.6616869345736828,0.2278750119795222,313.6427638814292,46.02692963601719
panel_02_down,panel_02_down__corner_3,panel_02_down,corner_3,panel_landmarks,panel_02_down__corner_3::gamut_022_cmcmm,22,gamut_022_cmcmm,cmcmm,0.4,0.6,0.0,0.6,0.0,#8c5fb2,0.5490196078431373,0.37254901960784315,0.6980392156862745,48.227853537804535,34.47023920646486,-37.32564454758596,"[[0.6333333333333334, 0.2116950987028627], [0.6333333333333331, 0.211695098702863], [0.5500000000000002, 0.25980762113533157], [0.55, 0.2598076211353316], [0.55, 0.0], [0.6333333333333334, 0.0]]",6,2,2,simple,50,1827,816,50,50,50,1.0,0.65,0.65,8,98.0,,0,0.0,#6d3a7f,0.42745098,0.22745098,0.49803922,33.57038112936342,34.08168676887004,-29.737375217423626,33.60564860795665,34.06740900644504,-29.60026160732084,13.581680656843876,16.509824403307743,0.45590228530116883,0.7683162167086046,0.26104546036957876,318.8942488906829,45.23132606759625
panel_02_down,panel_02_down__corner_3,panel_02_down,corner_3,panel_landmarks,panel_02_down__corner_3::gamut_023_cmm,23,gamut_023_cmm,cmm,0.3333333333333333,0.6666666666666666,0.0,0.6666666666666666,0.0,#9553ad,0.5843137254901961,0.3254901960784314,0.6784313725490196,46.43717552780805,42.58465688514468,-37.152504170448154,"[[0.7083333333333331, 0.168393828513641], [0.7083333333333331, 0.168393828513641], [0.6333333333333333, 0.2116950987028628], [0.6333333333333334, 0.0], [0.7083333333333333, 0.0]]",6,2,2,simple,86,1352,588,86,86,86,1.0,0.65,0.65,6,98.0,,0,0.0,#74397d,0.45490196,0.22352941,0.49019608,34.232574809039434,36.80999614213429,-27.685866834230055,34.22703548171004,36.68858977821764,-27.786500664578877,11.446739768390076,16.489881984323336,0.3251317593829721,0.5788339587664488,0.18348035750595346,323.0521119252051,46.05955968468067
panel_02_down,panel_02_down__corner_3,panel_02_down,corner_3,panel_landmarks,panel_02_down__corner_3::gamut_024_mcmm,24,gamut_024_mcmm,mcmm,0.25,0.75,0.0,0.75,0.0,#a044a7,0.6274509803921569,0.26666666666666666,0.6549019607843137,44.800029665938034,51.92297921655648,-36.09631750039897,"[[0.7750000000000006, 0.12990381056766542], [0.7750000000000004, 0.12990381056766562], [0.7083333333333331, 0.16839382851364093], [0.7083333333333331, 0.0], [0.7750000000000006, 0.0]]",6,2,2,simple,43,930,439,43,43,43,1.0,0.65,0.65,6,98.0,,0,0.0,#7e3779,0.49411765,0.21568628,0.4745098,35.101706298636614,40.382481509814134,-23.463799943949937,35.13332773833065,40.27218059249852,-23.540798067846758,10.02229173357681,19.66776711449632,0.2863296819938336,0.6469312096051025,0.2672397715682537,329.8417381850731,46.70433299705912
panel_02_down,panel_02_down__corner_3,panel_02_down,corner_3,panel_landmarks,panel_02_down__corner_3::gamut_025_mmcmm,25,gamut_025_mmcmm,mmcmm,0.2,0.8,0.0,0.8,0.0,#a73ca4,0.6549019607843137,0.23529411764705882,0.6431372549019608,44.4176754796398,56.71421828170675,-34.84717030635769,"[[0.7750000000000006, 0.12990381056766537], [0.7750000000000006, 0.0], [0.8999999999999999, 0.0], [0.8999999999999999, 0.05773502691896263]]",6,2,2,simple,47,1111,488,47,47,47,1.0,0.65,0.65,6,98.0,,0,0.0,#853576,0.52156866,0.20784314,0.4627451,35.67799040577867,42.64671943753637,-20.87617662010316,35.70966970109399,42.6181123208819,-20.967245657500033,9.721576185117176,21.667147562666617,0.3182674058796488,0.6382574455624492,0.21954028232461778,333.91759346786,47.482180121153704
panel_02_down,panel_02_down__corner_3,panel_02_down,corner_3,panel_landmarks,panel_02_down__corner_3::gamut_026_m,26,gamut_026_m,m,0.0,1.0,0.0,1.0,0.0,#c31996,0.7647058823529411,0.09803921568627451,0.5882352941176471,44.94517938493525,71.41561872915153,-25.286338363609783,"[[0.8999999999999999, 0.05773502691896262], [0.8999999999999999, 0.0], [1.0, 0.0], [0.95, 0.08660254037844395]]",6,2,2,simple,62,543,237,62,62,62,1.0,0.65,0.65,3,98.0,,0,0.0,#b1316e,0.69411767,0.19215687,0.43137255,42.26511489801976,56.139721006588374,-5.1056708122017955,42.342402397933235,56.27618337218296,-5.1007839026946575,8.650190615191628,25.45181996841654,0.28749693342432014,0.838135885618904,0.45041849499563985,354.8034861022223,56.37141251680811
panel_02_down,panel_02_down__corner_3,panel_02_down,corner_3,panel_landmarks,panel_02_down__corner_3::gamut_027_mmymm,27,gamut_027_mmymm,mmymm,0.0,0.8,0.2,0.9,0.17320508075688773,#cf4078,0.8117647058823529,0.25098039215686274,0.47058823529411764,49.84848124885772,60.188269024954224,0.4786347756794429,"[[0.7750000000000004, 0.12990381056766553], [0.7750000000000004, 0.1299038105676656], [0.8999999999999999, 0.05773502691896262], [0.95, 0.08660254037844393], [0.8875000000000002, 0.19485571585149836]]",6,2,2,simple,51,1093,475,51,51,51,1.0,0.65,0.65,5,98.0,,0,0.0,#b43b77,0.7058824,0.23137255,0.46666667,44.504109186974155,54.020957601107646,-7.252585238189391,44.97514158386453,54.02276857050339,-7.3274671944846235,6.603475412479724,11.241432552721923,1.7409776820199574,2.8823354375206574,1.1146920873921156,352.3534760617505,54.505631385920786
panel_02_down,panel_02_down__corner_3,panel_02_down,corner_3,panel_landmarks,panel_02_down__corner_3::gamut_028_mmym,28,gamut_028_mmym,mmym,0.0,0.75,0.25,0.875,0.21650635094610965,#d24a70,0.8235294117647058,0.2901960784313726,0.4392156862745098,51.57960032045129,56.37809473471766,7.85956369537153,"[[0.7083333333333333, 0.16839382851364088], [0.708333333333333, 0.1683938285136411], [0.7750000000000006, 0.12990381056766553], [0.7750000000000005, 0.12990381056766556], [0.8875000000000002, 0.19485571585149838], [0.8541666666666666, 0.2525907427704614]]",6,2,2,simple,42,940,397,42,42,42,1.0,0.65,0.65,4,98.0,,0,0.0,#b83e7d,0.72156864,0.24313726,0.4882353,45.66718560630848,54.28538063806201,-8.883611566840344,45.723539984854355,54.32819959544343,-8.949013521414308,9.873135874611641,17.87931816103448,0.7980011613471581,1.3522611083090126,0.39403210325415106,350.7061267793228,55.007464088883225
panel_02_down,panel_02_down__corner_3,panel_02_down,corner_3,panel_landmarks,panel_02_down__corner_3::gamut_029_mmy,29,gamut_029_mmy,mmy,0.0,0.6666666666666666,0.3333333333333333,0.8333333333333333,0.28867513459481287,#d75b64,0.8431372549019608,0.3568627450980392,0.39215686274509803,54.92109472478978,49.47976671792647,19.744343642877826,"[[0.6333333333333329, 0.21169509870286304], [0.6333333333333332, 0.2116950987028628], [0.708333333333333, 0.16839382851364093], [0.7083333333333333, 0.16839382851364088], [0.8541666666666666, 0.25259074277046145], [0.8166666666666667, 0.3175426480542943]]",6,2,2,simple,112,1357,583,115,112,115,1.0,0.65,0.65,4,98.0,1.1307306072783465,3,0.02608695652173913,#ba4482,0.7294118,0.26666668,0.50980395,47.21991836843545,53.514193484344496,-9.854913089121919,47.135827201889185,53.46920710319575,-9.817777227876894,16.86166146705437,30.849646929780143,0.3478680607284331,0.6938910448966735,0.2539917715944722,349.56559465979666,54.414044292572164
panel_02_down,panel_02_down__corner_3,panel_02_down,corner_3,panel_landmarks,panel_02_down__corner_3::gamut_030_mmymy,30,gamut_030_mmymy,mmymy,0.0,0.6,0.4,0.8,0.34641016151377546,#db685a,0.8588235294117647,0.40784313725490196,0.35294117647058826,57.754183854481255,43.898425701771274,29.352331819167688,"[[0.5500000000000003, 0.2598076211353315], [0.5500000000000003, 0.2598076211353315], [0.6333333333333333, 0.21169509870286285], [0.6333333333333329, 0.21169509870286302], [0.8166666666666665, 0.3175426480542942], [0.775, 0.38971143170299727]]",6,2,2,simple,98,1778,795,100,98,100,1.0,0.65,0.65,5,98.0,1.374201338929337,2,0.02,#ba4784,0.7294118,0.2784314,0.5176471,47.770235828468294,52.475766499994194,-10.236348195458444,47.727335660884314,52.561540054357536,-10.231074325113287,23.561356701557674,41.719462827982895,0.6869425647993037,1.1723492396647386,0.37920985051302253,348.96203199990305,53.46483792307406
panel_02_down,panel_02_down__center,panel_02_down,center,panel_landmarks,panel_02_down__center::gamut_001_my,1,gamut_001_my,my,0.0,0.5,0.5,0.75,0.4330127018922193,#e17c4b,0.8823529411764706,0.48627450980392156,0.29411764705882354,62.45289702748056,35.06929839281481,43.41945673452145,"[[0.5, 0.34641016151377513], [0.5, 0.34641016151377513], [0.5, 0.28867513459481287], [0.55, 0.2598076211353315], [0.5500000000000003, 0.25980762113533146], [0.7750000000000001, 0.38971143170299727], [0.7250000000000001, 0.47631397208144116]]",6,2,2,simple,187,2789,1190,191,187,191,1.0,0.65,0.65,8,98.0,0.680943884890217,4,0.020942408376963352,#5f438a,0.37254903,0.2627451,0.5411765,34.62278376405627,27.72125206092041,-35.538020281279394,34.65162738412439,27.782367891326825,-35.513086746267334,48.06118407349331,84.04041983385976,0.23198512270086707,0.5381668837643052,0.1577161999733345,307.9558308917047,45.07126247774417
panel_02_down,panel_02_down__center,panel_02_down,center,panel_landmarks,panel_02_down__center::gamut_002_mymyy,2,gamut_002_mymyy,mymyy,0.0,0.4,0.6,0.7,0.5196152422706631,#e78f3c,0.9058823529411765,0.5607843137254902,0.23529411764705882,67.25038043422728,26.766151588117626,56.050858524577286,"[[0.49999999999999994, 0.44263520637871284], [0.49999999999999994, 0.44263520637871284], [0.49999999999999994, 0.3464101615137752], [0.7250000000000001, 0.47631397208144116], [0.6833333333333335, 0.5484827557301443]]",6,2,2,simple,56,1966,879,56,56,56,1.0,0.65,0.65,8,98.0,,0,0.0,#584b95,0.34509805,0.29411766,0.58431375,36.60371648630417,24.224655414573874,-39.107569016863685,36.63401997276213,24.273013791854858,-39.035841323813244,55.48816723675296,100.00401764977616,0.4117493402730986,0.5814988753984689,0.2678211410324253,301.7755852440929,46.00256388902253
panel_02_down,panel_02_down__center,panel_02_down,center,panel_landmarks,panel_02_down__center::gamut_003_myy,3,gamut_003_myy,myy,0.0,0.3333333333333333,0.6666666666666666,0.6666666666666666,0.5773502691896257,#eb9d32,0.9215686274509803,0.615686274509804,0.19607843137254902,70.87834005274337,20.623964460334378,63.79337035503971,"[[0.5, 0.5292377467571571], [0.4999999999999999, 0.5292377467571567], [0.49999999999999994, 0.4426352063787129], [0.6833333333333335, 0.5484827557301444], [0.6458333333333334, 0.6134346610139774]]",6,2,2,simple,44,1414,636,44,44,44,1.0,0.65,0.65,7,98.0,,0,0.0,#524e9b,0.32156864,0.30588236,0.60784316,37.16165847552563,22.645901040168503,-41.67158471346808,37.275296822838726,22.63555896055667,-41.62957450193278,60.193289340614406,110.7418601600801,0.3198554983971734,0.3800460588676043,0.18774756380715213,298.52131484572527,47.42739510507457
panel_02_down,panel_02_down__center,panel_02_down,center,panel_landmarks,panel_02_down__center::gamut_004_ymyy,4,gamut_004_ymyy,ymyy,0.0,0.25,0.75,0.625,0.649519052838329,#f0ad25,0.9411764705882353,0.6784313725490196,0.1450980392156863,75.17069205620427,13.897348872566884,71.97054159381838,"[[0.5, 0.6062177826491071], [0.5, 0.6062177826491071], [0.5, 0.529237746757157], [0.6458333333333334, 0.6134346610139774], [0.6125, 0.6711696879329399]]",6,2,2,simple,71,1050,431,71,71,71,1.0,0.65,0.65,5,98.0,,0,0.0,#4b53a6,0.29411766,0.3254902,0.6509804,38.61154928192737,21.396654483213595,-45.91428141416167,38.58343358027719,21.402079096434587,-45.90919141436984,64.63746481997966,123.65129194899107,0.33903652841818227,0.3493051750076524,0.16891089695952072,294.9861336361589,50.655089190059236
panel_02_down,panel_02_down__center,panel_02_down,center,panel_landmarks,panel_02_down__center::gamut_005_yymyy,5,gamut_005_yymyy,yymyy,0.0,0.2,0.8,0.6000000000000001,0.6928203230275509,#f3b71e,0.9529411764705882,0.7176470588235294,0.11764705882352941,77.88658998186094,9.774007373456461,76.02676705068747,"[[0.5, 0.7505553499465134], [0.5, 0.6062177826491071], [0.6125, 0.6711696879329399], [0.55, 0.7794228634059948]]",6,2,2,simple,56,1163,495,56,56,56,1.0,0.65,0.65,6,98.0,,0,0.0,#435baf,0.2627451,0.35686275,0.6862745,40.7908278738609,17.78183086946322,-47.87031232019652,40.822433235252085,17.902494017222462,-47.839158004796325,65.6081657748224,129.57896079283725,0.46368066799696894,0.7696077821362999,0.21587633658081795,290.377938367674,51.066234545963475
panel_02_down,panel_02_down__center,panel_02_down,center,panel_landmarks,panel_02_down__center::gamut_006_y,6,gamut_006_y,y,0.0,0.0,1.0,0.5,0.8660254037844386,#ffdf00,1.0,0.8745098039215686,0.0,88.94096720886532,-5.949434572648293,88.5567575521992,"[[0.45, 0.7794228634059948], [0.5, 0.7505553499465135], [0.5499999999999999, 0.7794228634059948], [0.5, 0.8660254037844386]]",6,2,2,simple,43,597,269,43,43,43,1.0,0.65,0.65,4,98.0,,0,0.0,#2178cf,0.12941177,0.47058824,0.8117647,49.80865803888423,6.7964297028965674,-51.917148626582055,49.69513436914463,6.884030924991079,-52.085392975446,67.33790807066947,146.3786630429129,0.22445630596161553,0.36490206280311926,0.13172323732044144,277.45813081919636,52.36011629304337
panel_02_down,panel_02_down__center,panel_02_down,center,panel_landmarks,panel_02_down__center::gamut_007_yycyy,7,gamut_007_yycyy,yycyy,0.2,0.0,0.8,0.4,0.6928203230275509,#d7da2c,0.8431372549019608,0.8549019607843137,0.17254901960784313,84.3667653359768,-19.647053313897157,76.98686095704784,"[[0.45, 0.7794228634059948], [0.38750000000000007, 0.6711696879329401], [0.5, 0.6062177826491071], [0.49999999999999994, 0.606217782649107], [0.5, 0.7505553499465134]]",6,2,2,simple,54,1157,491,54,54,54,1.0,0.65,0.65,5,98.0,,0,0.0,#2e8985,0.18039216,0.5372549,0.52156866,52.082313050825526,-27.490299515364303,-5.76630930861477,52.171764284910026,-27.351795940177656,-5.871576102812207,42.80445004093665,89.17336799373894,0.4760060717495275,1.1998780203181247,0.3585351265432748,191.84649667033577,28.088554439256146
panel_02_down,panel_02_down__center,panel_02_down,center,panel_landmarks,panel_02_down__center::gamut_008_ycyy,8,gamut_008_ycyy,ycyy,0.25,0.0,0.75,0.375,0.649519052838329,#cdd937,0.803921568627451,0.8509803921568627,0.21568627450980393,83.38010598564017,-22.911475895264044,72.6579380339764,"[[0.49999999999999994, 0.6062177826491072], [0.38750000000000007, 0.6711696879329401], [0.3541666666666665, 0.6134346610139771], [0.4999999999999999, 0.5292377467571566], [0.5, 0.529237746757157], [0.5, 0.606217782649107]]",6,2,2,simple,49,1003,415,49,49,49,1.0,0.65,0.65,4,98.0,,0,0.0,#2e8b77,0.18039216,0.54509807,0.46666667,52.26024108619167,-31.90417511414001,2.284003675760493,52.195759751423886,-32.13819572309152,2.6193960815649215,38.21072998747929,77.47131900036027,0.5071617646745382,1.1127199240040508,0.39240676514330985,175.90521008164603,31.985825962519684
panel_02_down,panel_02_down__center,panel_02_down,center,panel_landmarks,panel_02_down__center::gamut_009_cyy,9,gamut_009_cyy,cyy,0.3333333333333333,0.0,0.6666666666666666,0.3333333333333333,0.5773502691896257,#bdd749,0.7411764705882353,0.8431372549019608,0.28627450980392155,81.78436408497542,-27.531586792779173,64.35620557265086,"[[0.5000000000000001, 0.5292377467571565], [0.3541666666666665, 0.6134346610139771], [0.31666666666666654, 0.5484827557301443], [0.4999999999999999, 0.44263520637871295], [0.49999999999999994, 0.4426352063787134], [0.49999999999999994, 0.529237746757157]]",6,2,2,simple,46,1415,614,46,46,46,1.0,0.65,0.65,5,98.0,,0,0.0,#328d61,0.19607843,0.5529412,0.38039216,52.51817762736901,-37.65356261629943,15.739675113491591,52.61275132776495,-37.64150958673465,15.666249974994065,31.314169741547158,57.64140090446861,0.32311837596999626,0.46959111969168293,0.215054101961013,157.3144429987874,40.81088274440837
panel_02_down,panel_02_down__center,panel_02_down,center,panel_landmarks,panel_02_down__center::gamut_010_cycyy,10,gamut_010_cycyy,cycyy,0.4,0.0,0.6,0.3,0.5196152422706631,#b0d558,0.6901960784313725,0.8352941176470589,0.34509803921568627,80.47282173371678,-30.62907611862564,56.47710040787457,"[[0.49999999999999994, 0.44263520637871295], [0.3166666666666666, 0.5484827557301443], [0.27500000000000013, 0.47631397208144144], [0.5, 0.3464101615137757], [0.5, 0.34641016151377535], [0.5, 0.4426352063787127]]",6,2,2,simple,117,1947,836,120,117,120,1.0,0.65,0.65,5,98.0,0.9392846402320462,3,0.025,#379055,0.21568628,0.5647059,0.33333334,53.41271459449594,-40.24093528952649,24.20383578317551,53.37884307594876,-40.24046483539155,23.910717297972624,26.175265088051674,43.19954681062284,0.44257877587872074,0.7334873697242169,0.22083212044047423,148.97422771011105,46.959115617681576
panel_02_down,panel_02_down__center,panel_02_down,center,panel_landmarks,panel_02_down__center::gamut_011_cy,11,gamut_011_cy,cy,0.5,0.0,0.5,0.25,0.4330127018922193,#9cd36e,0.611764705882353,0.8274509803921568,0.43137254901960786,78.9150462873468,-34.99013382693389,44.14872186254153,"[[0.4999999999999999, 0.3464101615137758], [0.2750000000000002, 0.47631397208144144], [0.22500000000000003, 0.3897114317029974], [0.45, 0.25980762113533157], [0.45, 0.25980762113533157], [0.5, 0.28867513459481287], [0.5, 0.34641016151377524]]",6,2,2,simple,51,2704,1146,51,51,51,1.0,0.65,0.65,7,98.0,,0,0.0,#3c9043,0.23529412,0.5647059,0.2627451,53.2885036167262,-42.048604798816946,33.170829518971686,53.39031387520923,-42.12781640529905,33.37591890097894,21.67082611539684,28.758578233582117,0.3592526700136294,0.7254644179675424,0.2575423881352974,141.73119584101926,53.557344001581846
panel_02_down,panel_02_down__center,panel_02_down,center,panel_landmarks,panel_02_down__center::gamut_012_ccycy,12,gamut_012_ccycy,ccycy,0.6,0.0,0.4,0.2,0.34641016151377546,#88d184,0.5333333333333333,0.8196078431372549,0.5176470588235295,77.57843488375325,-37.888046728189686,31.195962138943845,"[[0.36666666666666653, 0.21169509870286277], [0.36666666666666714, 0.21169509870286302], [0.45, 0.25980762113533157], [0.225, 0.3897114317029973], [0.18333333333333335, 0.3175426480542941]]",6,2,2,simple,122,1940,840,123,122,123,1.0,0.65,0.65,5,98.0,1.0625808624775557,1,0.008130081300813009,#438f36,0.2627451,0.56078434,0.21176471,53.05250652356261,-41.266273526339994,38.95604666782587,52.86229958993389,-41.275256861327975,39.044460755936576,20.29476065218034,25.94518240684267,0.3479826835209673,0.7182580032872865,0.27855002505810744,136.64953688126525,56.749263455454084
panel_02_down,panel_02_down__center,panel_02_down,center,panel_landmarks,panel_02_down__center::gamut_013_ccy,13,gamut_013_ccy,ccy,0.6666666666666666,0.0,0.3333333333333333,0.16666666666666666,0.28867513459481287,#7bcf92,0.4823529411764706,0.8117647058823529,0.5725490196078431,76.6242576233587,-38.596781108295175,22.516384217852845,"[[0.29166666666666674, 0.16839382851364088], [0.29166666666666674, 0.16839382851364088], [0.3666666666666666, 0.21169509870286274], [0.18333333333333332, 0.3175426480542941], [0.14583333333333337, 0.2525907427704613]]",6,2,2,simple,46,1442,612,46,46,46,1.0,0.65,0.65,5,98.0,,0,0.0,#478d32,0.2764706,0.5529412,0.19607843,52.52495426876992,-40.19532856116037,40.896331426390404,52.573285903850696,-40.12151426209307,40.57100112017907,21.319390229740538,30.350522821265923,0.40276239446281037,0.7168755161138322,0.2843176808142083,134.50471472435805,57.34260512286482
panel_02_down,panel_02_down__center,panel_02_down,center,panel_landmarks,panel_02_down__center::gamut_014_ccyc,14,gamut_014_ccyc,ccyc,0.75,0.0,0.25,0.125,0.21650635094610965,#6bcda5,0.4196078431372549,0.803921568627451,0.6470588235294118,75.7627364620849,-38.23104893684348,11.116976934990475,"[[0.22499999999999984, 0.12990381056766567], [0.2916666666666667, 0.16839382851364085], [0.14583333333333337, 0.2525907427704613], [0.11250000000000002, 0.1948557158514987], [0.22500000000000003, 0.12990381056766576]]",6,2,2,simple,60,985,428,60,60,60,1.0,0.65,0.65,4,98.0,,0,0.0,#518e2b,0.31764707,0.5568628,0.16862746,53.10973481094078,-37.47891923525681,44.31936970930298,53.120446325773194,-37.57269929935915,44.476656881341924,23.961675556293237,40.20103318118163,0.4041241732448967,0.7952646431561172,0.24374685424934822,130.21971500120276,58.04201855959858
panel_02_down,panel_02_down__center,panel_02_down,center,panel_landmarks,panel_02_down__center::gamut_015_ccycc,15,gamut_015_ccycc,ccycc,0.8,0.0,0.2,0.1,0.17320508075688773,#61ccb0,0.3803921568627451,0.8,0.6901960784313725,75.36328019947463,-37.63795429928929,4.586277188762633,"[[0.22499999999999995, 0.12990381056766578], [0.11249999999999999, 0.19485571585149866], [0.04999999999999999, 0.08660254037844385], [0.1, 0.05773502691896256]]",6,2,2,simple,43,1198,513,43,43,43,1.0,0.65,0.65,6,98.0,,0,0.0,#588d24,0.34509805,0.5529412,0.14117648,53.39199271100968,-35.14412830494534,47.9281912677116,53.31788326030716,-35.131720557784995,47.923676328707735,27.049126973183547,48.65673805361222,0.4385910497996309,0.7475384254824764,0.2500810424986812,126.25134071897378,59.432493406459116
panel_02_down,panel_02_down__center,panel_02_down,center,panel_landmarks,panel_02_down__center::gamut_016_c,16,gamut_016_c,c,1.0,0.0,0.0,0.0,0.0,#3ac8dc,0.22745098039215686,0.7843137254901961,0.8627450980392157,74.42655654335444,-30.326087604312878,-20.705156122725967,"[[0.1, 0.057735026918962574], [0.05, 0.08660254037844387], [0.0, 0.0], [0.10000000000000002, 0.0]]",6,2,2,simple,60,611,265,60,60,60,1.0,0.65,0.65,3,98.0,,0,0.0,#d2bd14,0.8235294,0.74313724,0.078431375,76.33794875396269,-7.823386402513288,75.32272045704649,76.41718577722443,-7.953268298697524,75.40987984572692,44.17323162825861,98.64774737407976,0.29196450149883924,0.6819060730049638,0.18914559716807045,95.92975784018728,75.72791817984566
panel_02_down,panel_02_down__center,panel_02_down,center,panel_landmarks,panel_02_down__center::gamut_017_ccmcc,17,gamut_017_ccmcc,ccmcc,0.8,0.2,0.0,0.2,0.0,#55a5ce,0.3333333333333333,0.6470588235294118,0.807843137254902,64.39915620027084,-12.522958683054753,-28.313954637547667,"[[0.22499999999999998, 0.12990381056766578], [0.22499999999999992, 0.12990381056766576], [0.1, 0.05773502691896257], [0.10000000000000002, 0.0], [0.22499999999999998, 0.0]]",6,2,2,simple,46,1171,518,46,46,46,1.0,0.65,0.65,6,98.0,,0,0.0,#b86b2f,0.72156864,0.41960785,0.18431373,52.786197210192704,26.239675920727514,44.7187619593727,52.70368711770674,26.192617787383714,44.927553960137374,45.71552658470969,83.49359467323025,0.7468861982785453,1.1112673231297574,0.25210936459691935,59.59682216958839,51.84870551521847
panel_02_down,panel_02_down__center,panel_02_down,center,panel_landmarks,panel_02_down__center::gamut_018_ccmc,18,gamut_018_ccmc,ccmc,0.75,0.25,0.0,0.25,0.0,#5c9cca,0.3607843137254902,0.611764705882353,0.792156862745098,61.92440441812144,-7.364048329696504,-29.88546306665585,"[[0.29166666666666663, 0.16839382851364085], [0.29166666666666674, 0.16839382851364088], [0.22499999999999992, 0.12990381056766573], [0.22499999999999995, 0.12990381056766576], [0.22499999999999998, 0.0], [0.29166666666666674, 0.0]]",6,2,2,simple,61,1015,423,61,61,61,1.0,0.65,0.65,4,98.0,,0,0.0,#bc6a35,0.7372549,0.41568628,0.20784314,53.222307203813685,28.800032961690924,43.13897408514119,53.1975157291773,28.50899401092433,43.05903459520488,43.80787250064159,81.95203287847164,0.7622043976938474,1.3918387699843782,0.4398558412436769,56.27250956664204,51.86919108404301
panel_02_down,panel_02_down__center,panel_02_down,center,panel_landmarks,panel_02_down__center::gamut_019_ccm,19,gamut_019_ccm,ccm,0.6666666666666666,0.3333333333333333,0.0,0.3333333333333333,0.0,#678dc4,0.403921568627451,0.5529411764705883,0.7686274509803922,57.95834963869487,1.909786468417607,-32.625876079859225,"[[0.3666666666666667, 0.2116950987028628], [0.36666666666666675, 0.2116950987028628], [0.29166666666666674, 0.16839382851364085], [0.2916666666666667, 0.16839382851364082], [0.2916666666666667, 0.0], [0.3666666666666667, 0.0]]",6,2,2,simple,48,1452,606,48,48,48,1.0,0.65,0.65,5,98.0,,0,0.0,#bd6539,0.7411765,0.39411765,0.22156863,52.20609596103516,31.926731005654716,39.61296215676795,52.03441974957003,31.967256424770465,39.73401317074849,40.888925494367975,78.43822493849098,0.6455522744561724,1.0119188836268704,0.27077876960598524,51.13234000581372,50.877332118940394
panel_02_down,panel_02_down__center,panel_02_down,center,panel_landmarks,panel_02_down__center::gamut_020_ccmcm,20,gamut_020_ccmcm,ccmcm,0.6,0.4,0.0,0.4,0.0,#7082c0,0.4392156862745098,0.5098039215686274,0.7529411764705882,55.29267420281303,9.505154374171154,-34.4733226879592,"[[0.44999999999999996, 0.25980762113533157], [0.4500000000000001, 0.2598076211353316], [0.3666666666666665, 0.21169509870286266], [0.36666666666666675, 0.21169509870286288], [0.3666666666666667, 0.0], [0.44999999999999996, 0.0]]",6,2,2,simple,104,1952,795,107,104,107,1.0,0.65,0.65,5,98.0,1.2948476959003288,3,0.028037383177570093,#be623c,0.74509805,0.38431373,0.23529412,51.83872978764512,33.881574311394935,37.46321189124282,51.78755392844313,33.77509251297529,37.610771655398786,38.9606746684522,76.03291779383242,0.5778884875923131,0.9957111650689882,0.3027677111307811,47.873939278981084,50.51191268430384
panel_02_down,panel_02_down__center,panel_02_down,center,panel_landmarks,panel_02_down__center::gamut_021_cm,21,gamut_021_cm,cm,0.5,0.5,0.0,0.5,0.0,#7e70b9,0.49411764705882355,0.4392156862745098,0.7254901960784313,51.29732537689088,22.192773865570615,-36.6472398512226,"[[0.55, 0.2598076211353316], [0.5, 0.2886751345948129], [0.4500000000000002, 0.25980762113533173], [0.44999999999999996, 0.25980762113533157], [0.44999999999999996, 0.0], [0.55, 0.0]]",6,2,2,simple,61,2714,1146,61,61,61,1.0,0.65,0.65,7,98.0,,0,0.0,#bc5b40,0.7372549,0.35686275,0.2509804,50.16629338649544,36.88820686270156,33.67328717840699,50.23313974270873,36.88118771844523,33.79352913453496,36.0230560053745,71.84853169036461,0.7352641144187418,1.3804663216182074,0.5318478352692909,42.39129634755511,49.94627188234304
panel_02_down,panel_02_down__center,panel_02_down,center,panel_landmarks,panel_02_down__center::gamut_022_cmcmm,22,gamut_022_cmcmm,cmcmm,0.4,0.6,0.0,0.6,0.0,#8c5fb2,0.5490196078431373,0.37254901960784315,0.6980392156862745,48.227853537804535,34.47023920646486,-37.32564454758596,"[[0.6333333333333334, 0.2116950987028627], [0.6333333333333331, 0.211695098702863], [0.5500000000000002, 0.25980762113533157], [0.55, 0.2598076211353316], [0.55, 0.0], [0.6333333333333334, 0.0]]",6,2,2,simple,126,1950,836,129,126,129,1.0,0.65,0.65,5,98.0,1.0622457266085803,3,0.023255813953488372,#b95647,0.7254902,0.3372549,0.2784314,48.77873914915253,38.86919668899802,27.911718012612198,48.78774242497015,39.167342567060345,27.910304779365518,32.10979886373635,65.38782589825624,0.414933448352364,0.8027138492217574,0.24040388327449064,35.68188223682375,47.8526744671977
panel_02_down,panel_02_down__center,panel_02_down,center,panel_landmarks,panel_02_down__center::gamut_023_cmm,23,gamut_023_cmm,cmm,0.3333333333333333,0.6666666666666666,0.0,0.6666666666666666,0.0,#9553ad,0.5843137254901961,0.3254901960784314,0.6784313725490196,46.43717552780805,42.58465688514468,-37.152504170448154,"[[0.7083333333333331, 0.168393828513641], [0.7083333333333331, 0.168393828513641], [0.6333333333333333, 0.2116950987028628], [0.6333333333333334, 0.0], [0.7083333333333333, 0.0]]",6,2,2,simple,50,1447,607,50,50,50,1.0,0.65,0.65,5,98.0,,0,0.0,#b8514c,0.72156864,0.31764707,0.29803923,47.56935546400664,41.30754693987287,23.526448078010997,47.57094542799103,41.197787559570244,23.663629619673685,28.852423723295267,60.702949575708665,0.18534626252383396,1.0637496632222774,0.28208618644515593,29.66339816416678,47.537429393659345
panel_02_down,panel_02_down__center,panel_02_down,center,panel_landmarks,panel_02_down__center::gamut_024_mcmm,24,gamut_024_mcmm,mcmm,0.25,0.75,0.0,0.75,0.0,#a044a7,0.6274509803921569,0.26666666666666666,0.6549019607843137,44.800029665938034,51.92297921655648,-36.09631750039897,"[[0.7750000000000006, 0.12990381056766542], [0.7750000000000004, 0.12990381056766562], [0.7083333333333331, 0.16839382851364093], [0.7083333333333331, 0.0], [0.7750000000000006, 0.0]]",6,2,2,simple,56,981,420,56,56,56,1.0,0.65,0.65,4,98.0,,0,0.0,#b74951,0.7176471,0.28627452,0.31764707,46.196891254584834,45.17587873296394,18.10784632363821,46.18564908752048,45.015170044610876,18.445090592000366,24.540652746755775,54.64033275060276,0.38676377032355397,1.0033023604833369,0.31296959783716005,21.842392612024582,48.669848137999786
panel_02_down,panel_02_down__center,panel_02_down,center,panel_landmarks,panel_02_down__center::gamut_025_mmcmm,25,gamut_025_mmcmm,mmcmm,0.2,0.8,0.0,0.8,0.0,#a73ca4,0.6549019607843137,0.23529411764705882,0.6431372549019608,44.4176754796398,56.71421828170675,-34.84717030635769,"[[0.7750000000000006, 0.12990381056766537], [0.7750000000000006, 0.0], [0.8999999999999999, 0.0], [0.8999999999999999, 0.05773502691896263]]",6,2,2,simple,62,1172,510,62,62,62,1.0,0.65,0.65,5,98.0,,0,0.0,#b44257,0.7058824,0.25882354,0.34117648,44.8169273929853,47.82694109072,13.025491235762798,44.75183623020877,47.742885645507585,13.071696521523526,20.932845611415324,48.692246005767345,0.39520841890521624,0.7954844002669682,0.23213924542616693,15.234800668075877,49.568939024636535
panel_02_down,panel_02_down__center,panel_02_down,center,panel_landmarks,panel_02_down__center::gamut_026_m,26,gamut_026_m,m,0.0,1.0,0.0,1.0,0.0,#c31996,0.7647058823529411,0.09803921568627451,0.5882352941176471,44.94517938493525,71.41561872915153,-25.286338363609783,"[[0.8999999999999999, 0.05773502691896262], [0.8999999999999999, 0.0], [1.0, 0.0], [0.95, 0.08660254037844395]]",6,2,2,simple,43,590,269,43,43,43,1.0,0.65,0.65,4,98.0,,0,0.0,#b0306b,0.6901961,0.1882353,0.41960785,41.85767438087326,55.81544640378178,-3.913563306372403,41.89690007284193,55.74827839699896,-4.161329933944002,9.248322532344657,26.64007465039482,0.26648478355277316,0.5784079765426825,0.2430940198390771,355.98920558360976,55.952480150628
panel_02_down,panel_02_down__center,panel_02_down,center,panel_landmarks,panel_02_down__center::gamut_027_mmymm,27,gamut_027_mmymm,mmymm,0.0,0.8,0.2,0.9,0.17320508075688773,#cf4078,0.8117647058823529,0.25098039215686274,0.47058823529411764,49.84848124885772,60.188269024954224,0.4786347756794429,"[[0.7750000000000004, 0.12990381056766553], [0.7750000000000004, 0.1299038105676656], [0.8999999999999999, 0.05773502691896262], [0.95, 0.08660254037844393], [0.8875000000000002, 0.19485571585149836]]",6,2,2,simple,52,1213,503,52,52,52,1.0,0.65,0.65,6,98.0,,0,0.0,#7e3676,0.49411765,0.21176471,0.4627451,34.76782659534734,40.05917568080064,-22.35533902789055,34.70041312002091,40.06251076059214,-22.353598505815366,19.02328494732952,33.9705299237179,0.0,0.32032507952830114,0.1715315658275732,330.83595355825383,45.87481595905509
panel_02_down,panel_02_down__center,panel_02_down,center,panel_landmarks,panel_02_down__center::gamut_028_mmym,28,gamut_028_mmym,mmym,0.0,0.75,0.25,0.875,0.21650635094610965,#d24a70,0.8235294117647058,0.2901960784313726,0.4392156862745098,51.57960032045129,56.37809473471766,7.85956369537153,"[[0.7083333333333333, 0.16839382851364088], [0.708333333333333, 0.1683938285136411], [0.7750000000000006, 0.12990381056766553], [0.7750000000000005, 0.12990381056766556], [0.8875000000000002, 0.19485571585149838], [0.8541666666666666, 0.2525907427704614]]",6,2,2,simple,72,1004,439,72,72,72,1.0,0.65,0.65,5,98.0,,0,0.0,#77397a,0.46666667,0.22352941,0.47843137,34.50636206721986,37.13403976208712,-25.34283310979324,34.482348775204635,37.07476221617376,-25.329730542967916,23.655468670195688,42.002717410292,0.2515979450979325,0.32514319611253206,0.15777798628161954,325.6876730051504,44.95771456694724
panel_02_down,panel_02_down__center,panel_02_down,center,panel_landmarks,panel_02_down__center::gamut_029_mmy,29,gamut_029_mmy,mmy,0.0,0.6666666666666666,0.3333333333333333,0.8333333333333333,0.28867513459481287,#d75b64,0.8431372549019608,0.3568627450980392,0.39215686274509803,54.92109472478978,49.47976671792647,19.744343642877826,"[[0.6333333333333329, 0.21169509870286304], [0.6333333333333332, 0.2116950987028628], [0.708333333333333, 0.16839382851364093], [0.7083333333333333, 0.16839382851364088], [0.8541666666666666, 0.25259074277046145], [0.8166666666666667, 0.3175426480542943]]",6,2,2,simple,44,1436,645,44,44,44,1.0,0.65,0.65,7,98.0,,0,0.0,#6b3c7e,0.41960785,0.23529412,0.49411765,33.737267218047066,32.38240615134347,-28.95124067058538,33.74281422597775,32.426065746434645,-29.080902653233377,31.941128295970067,55.788298215743964,0.3154920543465585,0.5294493656377331,0.13960813641579217,318.2019391097504,43.43724858363757
panel_02_down,panel_02_down__center,panel_02_down,center,panel_landmarks,panel_02_down__center::gamut_030_mmymy,30,gamut_030_mmymy,mmymy,0.0,0.6,0.4,0.8,0.34641016151377546,#db685a,0.8588235294117647,0.40784313725490196,0.35294117647058826,57.754183854481255,43.898425701771274,29.352331819167688,"[[0.5500000000000003, 0.2598076211353315], [0.5500000000000003, 0.2598076211353315], [0.6333333333333333, 0.21169509870286285], [0.6333333333333329, 0.21169509870286302], [0.8166666666666665, 0.3175426480542942], [0.775, 0.38971143170299727]]",6,2,2,simple,56,1945,878,56,56,56,1.0,0.65,0.65,8,98.0,,0,0.0,#663e84,0.4,0.24313726,0.5176471,33.84952136270925,31.467730529104315,-32.745178766867966,33.72017381977114,31.35893134298817,-32.5990949903866,38.55988787638087,67.69088485390117,0.33025600471869715,0.6591878857761178,0.2312735967829896,313.86031111342857,45.41436773892668
panel_03_up,panel_03_up__corner_1,panel_03_up,corner_1,panel_landmarks,panel_03_up__corner_1::gamut_001_my,1,gamut_001_my,my,0.0,0.5,0.5,0.75,0.4330127018922193,#e17c4b,0.8823529411764706,0.48627450980392156,0.29411764705882354,62.45289702748056,35.06929839281481,43.41945673452145,"[[0.5, 0.34641016151377513], [0.5, 0.34641016151377513], [0.5, 0.28867513459481287], [0.55, 0.2598076211353315], [0.5500000000000003, 0.25980762113533146], [0.7750000000000001, 0.38971143170299727], [0.7250000000000001, 0.47631397208144116]]",6,2,2,simple,92,3037,1295,92,92,92,1.0,0.65,0.65,7,98.0,,0,0.0,#3f8e3f,0.24705882,0.5568628,0.24705882,52.62752979201025,-40.57457592120295,34.11118955652533,52.5693318739515,-40.901392643883064,34.062465530749485,50.2095809168999,76.84515209434963,0.326243855423392,0.6125583132929932,0.18572000863809324,139.94611512334217,53.00820185732265
panel_03_up,panel_03_up__corner_1,panel_03_up,corner_1,panel_landmarks,panel_03_up__corner_1::gamut_002_mymyy,2,gamut_002_mymyy,mymyy,0.0,0.4,0.6,0.7,0.5196152422706631,#e78f3c,0.9058823529411765,0.5607843137254902,0.23529411764705882,67.25038043422728,26.766151588117626,56.050858524577286,"[[0.49999999999999994, 0.44263520637871284], [0.49999999999999994, 0.44263520637871284], [0.49999999999999994, 0.3464101615137752], [0.7250000000000001, 0.47631397208144116], [0.6833333333333335, 0.5484827557301443]]",6,2,2,simple,49,2165,933,49,49,49,1.0,0.65,0.65,6,98.0,,0,0.0,#358751,0.20784314,0.5294118,0.31764707,50.276343563654606,-37.29017771592791,21.474670762028925,50.269253264801236,-37.33156973626062,21.33036600126634,45.36049355539736,74.74519390424298,0.6099449196819919,0.8565896198341578,0.26158025411313496,150.06321667364517,43.031602787056705
panel_03_up,panel_03_up__corner_1,panel_03_up,corner_1,panel_landmarks,panel_03_up__corner_1::gamut_003_myy,3,gamut_003_myy,myy,0.0,0.3333333333333333,0.6666666666666666,0.6666666666666666,0.5773502691896257,#eb9d32,0.9215686274509803,0.615686274509804,0.19607843137254902,70.87834005274337,20.623964460334378,63.79337035503971,"[[0.5, 0.5292377467571571], [0.4999999999999999, 0.5292377467571567], [0.49999999999999994, 0.4426352063787129], [0.6833333333333335, 0.5484827557301444], [0.6458333333333334, 0.6134346610139774]]",6,2,2,simple,88,1586,713,88,88,88,1.0,0.65,0.65,5,98.0,,0,0.0,#30815c,0.1882353,0.5058824,0.36078432,48.38641653073407,-34.08077885740177,13.338344220351095,48.463037884383816,-34.026497281640026,13.081617599922913,44.14064399475896,77.74448679765932,0.43005890359710974,0.8321675878237041,0.29000228735158656,158.6258973135565,36.59796325026431
panel_03_up,panel_03_up__corner_1,panel_03_up,corner_1,panel_landmarks,panel_03_up__corner_1::gamut_004_ymyy,4,gamut_004_ymyy,ymyy,0.0,0.25,0.75,0.625,0.649519052838329,#f0ad25,0.9411764705882353,0.6784313725490196,0.1450980392156863,75.17069205620427,13.897348872566884,71.97054159381838,"[[0.5, 0.6062177826491071], [0.5, 0.6062177826491071], [0.5, 0.529237746757157], [0.6458333333333334, 0.6134346610139774], [0.6125, 0.6711696879329399]]",6,2,2,simple,76,1141,483,76,76,76,1.0,0.65,0.65,4,98.0,,0,0.0,#2b7c70,0.16862746,0.4862745,0.4392157,47.10188012882883,-27.63059057479139,-0.1778872147686794,47.104094790846354,-27.72077988422572,-0.24238305533806007,45.27166099025582,87.85114533861004,0.5349388235038013,1.0442292365767671,0.3183366291754983,180.36886818594934,27.631163192542743
panel_03_up,panel_03_up__corner_1,panel_03_up,corner_1,panel_landmarks,panel_03_up__corner_1::gamut_005_yymyy,5,gamut_005_yymyy,yymyy,0.0,0.2,0.8,0.6000000000000001,0.6928203230275509,#f3b71e,0.9529411764705882,0.7176470588235294,0.11764705882352941,77.88658998186094,9.774007373456461,76.02676705068747,"[[0.5, 0.7505553499465134], [0.5, 0.6062177826491071], [0.6125, 0.6711696879329399], [0.55, 0.7794228634059948]]",6,2,2,simple,61,1322,574,61,61,61,1.0,0.65,0.65,6,98.0,,0,0.0,#29787c,0.16078432,0.47058824,0.4862745,46.12115954468303,-22.311079056286708,-9.2284892784118,46.22784116219195,-22.44978848283004,-8.994631664723443,48.156654038560646,96.47255606546194,0.40276094970749515,0.9418109904835964,0.3908586060158794,202.47136211959122,24.144342256885707
panel_03_up,panel_03_up__corner_1,panel_03_up,corner_1,panel_landmarks,panel_03_up__corner_1::gamut_006_y,6,gamut_006_y,y,0.0,0.0,1.0,0.5,0.8660254037844386,#ffdf00,1.0,0.8745098039215686,0.0,88.94096720886532,-5.949434572648293,88.5567575521992,"[[0.45, 0.7794228634059948], [0.5, 0.7505553499465135], [0.5499999999999999, 0.7794228634059948], [0.5, 0.8660254037844386]]",6,2,2,simple,65,664,276,65,65,65,1.0,0.65,0.65,3,98.0,,0,0.0,#1c67b8,0.10980392,0.40392157,0.72156864,43.45233335217053,8.015901712005835,-48.99217152883173,43.56118328160312,7.974440110434272,-49.01499482098691,70.12527488491588,145.54708626087432,0.2910854930033247,0.6557504798248196,0.23064513503497217,279.29217064955185,49.64360534214864
panel_03_up,panel_03_up__corner_1,panel_03_up,corner_1,panel_landmarks,panel_03_up__corner_1::gamut_007_yycyy,7,gamut_007_yycyy,yycyy,0.2,0.0,0.8,0.4,0.6928203230275509,#d7da2c,0.8431372549019608,0.8549019607843137,0.17254901960784313,84.3667653359768,-19.647053313897157,76.98686095704784,"[[0.45, 0.7794228634059948], [0.38750000000000007, 0.6711696879329401], [0.5, 0.6062177826491071], [0.49999999999999994, 0.606217782649107], [0.5, 0.7505553499465134]]",6,2,2,simple,61,1331,571,61,61,61,1.0,0.65,0.65,6,98.0,,0,0.0,#4a5971,0.2901961,0.34901962,0.44313726,37.478531173126925,0.852345114077252,-15.568144533204386,37.40002769419215,0.8189452778143793,-15.66392366782299,61.89877699109275,105.75992095363773,0.8025578300315512,1.1212593699805307,0.29615639814469497,273.1337755330239,15.591459726408972
panel_03_up,panel_03_up__corner_1,panel_03_up,corner_1,panel_landmarks,panel_03_up__corner_1::gamut_008_ycyy,8,gamut_008_ycyy,ycyy,0.25,0.0,0.75,0.375,0.649519052838329,#cdd937,0.803921568627451,0.8509803921568627,0.21568627450980393,83.38010598564017,-22.911475895264044,72.6579380339764,"[[0.49999999999999994, 0.6062177826491072], [0.38750000000000007, 0.6711696879329401], [0.3541666666666665, 0.6134346610139771], [0.4999999999999999, 0.5292377467571566], [0.5, 0.529237746757157], [0.5, 0.606217782649107]]",6,2,2,simple,89,1115,484,89,89,89,1.0,0.65,0.65,4,98.0,,0,0.0,#525461,0.32156864,0.32941177,0.38039216,35.97937780382754,2.2084150201242823,-7.217023725363503,36.08824004828491,2.2482514971989893,-7.294594914115102,56.500495404060516,96.21770870179307,0.777548181847958,1.4019246498622713,0.36727047849439154,287.0141525225237,7.547352406875555
panel_03_up,panel_03_up__corner_1,panel_03_up,corner_1,panel_landmarks,panel_03_up__corner_1::gamut_009_cyy,9,gamut_009_cyy,cyy,0.3333333333333333,0.0,0.6666666666666666,0.3333333333333333,0.5773502691896257,#bdd749,0.7411764705882353,0.8431372549019608,0.28627450980392155,81.78436408497542,-27.531586792779173,64.35620557265086,"[[0.5000000000000001, 0.5292377467571565], [0.3541666666666665, 0.6134346610139771], [0.31666666666666654, 0.5484827557301443], [0.4999999999999999, 0.44263520637871295], [0.49999999999999994, 0.4426352063787134], [0.49999999999999994, 0.529237746757157]]",6,2,2,simple,79,1595,675,79,79,0,0.0,0.65,0.65,5,98.0,,0,0.0,#5b5050,0.35686275,0.3137255,0.3137255,35.186608841522634,3.9317415531245348,2.0896101639420794,35.15701878245504,3.976563920839429,2.035799089812469,51.83179430051004,83.89529622167571,0.5275304310471043,0.8919922350569577,0.2968404826523202,27.98938910744073,4.45253436570861
panel_03_up,panel_03_up__corner_1,panel_03_up,corner_1,panel_landmarks,panel_03_up__corner_1::gamut_010_cycyy,10,gamut_010_cycyy,cycyy,0.4,0.0,0.6,0.3,0.5196152422706631,#b0d558,0.6901960784313725,0.8352941176470589,0.34509803921568627,80.47282173371678,-30.62907611862564,56.47710040787457,"[[0.49999999999999994, 0.44263520637871295], [0.3166666666666666, 0.5484827557301443], [0.27500000000000013, 0.47631397208144144], [0.5, 0.3464101615137757], [0.5, 0.34641016151377535], [0.5, 0.4426352063787127]]",6,2,2,simple,63,2207,917,63,63,63,1.0,0.65,0.65,6,98.0,,0,0.0,#665249,0.4,0.32156864,0.28627452,36.6076310131192,6.810460989996825,8.41983085288941,36.49219342950818,6.879946293643278,8.128888919867533,49.42064143935332,75.0691351551543,0.5334496751779172,1.1587316469242452,0.4225064626709759,51.03200377001622,10.829401206324242
panel_03_up,panel_03_up__corner_1,panel_03_up,corner_1,panel_landmarks,panel_03_up__corner_1::gamut_011_cy,11,gamut_011_cy,cy,0.5,0.0,0.5,0.25,0.4330127018922193,#9cd36e,0.611764705882353,0.8274509803921568,0.43137254901960786,78.9150462873468,-34.99013382693389,44.14872186254153,"[[0.4999999999999999, 0.3464101615137758], [0.2750000000000002, 0.47631397208144144], [0.22500000000000003, 0.3897114317029974], [0.45, 0.25980762113533157], [0.45, 0.25980762113533157], [0.5, 0.28867513459481287], [0.5, 0.34641016151377524]]",6,2,2,simple,125,3002,1303,128,125,128,1.0,0.65,0.65,7,98.0,0.9967720457245297,3,0.0234375,#745038,0.45490196,0.3137255,0.21960784,37.36555546827511,12.043823119125635,20.142732932352626,37.409488632699755,12.184646428205792,20.294406248080488,49.48877715635281,67.19256504885236,0.3495425305919416,0.8278461544304876,0.3297299352509173,59.12378458345887,23.468774260895437
panel_03_up,panel_03_up__corner_1,panel_03_up,corner_1,panel_landmarks,panel_03_up__corner_1::gamut_012_ccycy,12,gamut_012_ccycy,ccycy,0.6,0.0,0.4,0.2,0.34641016151377546,#88d184,0.5333333333333333,0.8196078431372549,0.5176470588235295,77.57843488375325,-37.888046728189686,31.195962138943845,"[[0.36666666666666653, 0.21169509870286277], [0.36666666666666714, 0.21169509870286302], [0.45, 0.25980762113533157], [0.225, 0.3897114317029973], [0.18333333333333335, 0.3175426480542941]]",6,2,2,simple,99,2159,980,99,99,99,1.0,0.65,0.65,6,98.0,,0,0.0,#825031,0.50980395,0.3137255,0.19215687,39.066615935414276,17.261968152672004,27.129643876728714,39.1091362096162,17.50807526753294,27.05248610675457,51.108510167357615,67.38856938886988,0.4047231446401656,0.8131396956509718,0.2820247123432945,57.532341372485746,32.1557634240269
panel_03_up,panel_03_up__corner_1,panel_03_up,corner_1,panel_landmarks,panel_03_up__corner_1::gamut_013_ccy,13,gamut_013_ccy,ccy,0.6666666666666666,0.0,0.3333333333333333,0.16666666666666666,0.28867513459481287,#7bcf92,0.4823529411764706,0.8117647058823529,0.5725490196078431,76.6242576233587,-38.596781108295175,22.516384217852845,"[[0.29166666666666674, 0.16839382851364088], [0.29166666666666674, 0.16839382851364088], [0.3666666666666666, 0.21169509870286274], [0.18333333333333332, 0.3175426480542941], [0.14583333333333337, 0.2525907427704613]]",6,2,2,simple,85,1580,687,85,85,85,1.0,0.65,0.65,5,98.0,,0,0.0,#8c502c,0.54901963,0.3137255,0.17254902,40.50336508679397,21.67899149016661,31.57832302951171,40.49171513210989,21.418762676986482,31.61128720103604,52.63648415812118,70.85200332387069,0.4516751007846768,0.7963425761282571,0.244122324357029,55.529818623441145,38.30364417894081
panel_03_up,panel_03_up__corner_1,panel_03_up,corner_1,panel_landmarks,panel_03_up__corner_1::gamut_014_ccyc,14,gamut_014_ccyc,ccyc,0.75,0.0,0.25,0.125,0.21650635094610965,#6bcda5,0.4196078431372549,0.803921568627451,0.6470588235294118,75.7627364620849,-38.23104893684348,11.116976934990475,"[[0.22499999999999984, 0.12990381056766567], [0.2916666666666667, 0.16839382851364085], [0.14583333333333337, 0.2525907427704613], [0.11250000000000002, 0.1948557158514987], [0.22500000000000003, 0.12990381056766576]]",6,2,2,simple,76,1125,472,76,76,76,1.0,0.65,0.65,4,98.0,,0,0.0,#995225,0.6,0.32156864,0.14509805,42.818931093414655,25.903013597984582,38.341782473428545,42.82456991475522,25.87625785945977,38.28342090042488,53.15192004395746,77.0692047837256,0.36907053958391134,0.5634230019329793,0.14632943859126873,55.95775232685463,46.271572230658926
panel_03_up,panel_03_up__corner_1,panel_03_up,corner_1,panel_landmarks,panel_03_up__corner_1::gamut_015_ccycc,15,gamut_015_ccycc,ccycc,0.8,0.0,0.2,0.1,0.17320508075688773,#61ccb0,0.3803921568627451,0.8,0.6901960784313725,75.36328019947463,-37.63795429928929,4.586277188762633,"[[0.22499999999999995, 0.12990381056766578], [0.11249999999999999, 0.19485571585149866], [0.04999999999999999, 0.08660254037844385], [0.1, 0.05773502691896256]]",6,2,2,simple,81,1325,567,81,81,81,1.0,0.65,0.65,5,98.0,,0,0.0,#a25321,0.63529414,0.3254902,0.12941177,44.19614562782567,29.43677728985461,42.190395352010704,44.13612845737593,29.43804121864638,42.227805607075595,53.808004180574535,82.97276419403237,0.5259583928680542,0.935251834690177,0.2797799297634898,55.09602673046555,51.444662669430215
panel_03_up,panel_03_up__corner_1,panel_03_up,corner_1,panel_landmarks,panel_03_up__corner_1::gamut_016_c,16,gamut_016_c,c,1.0,0.0,0.0,0.0,0.0,#3ac8dc,0.22745098039215686,0.7843137254901961,0.8627450980392157,74.42655654335444,-30.326087604312878,-20.705156122725967,"[[0.1, 0.057735026918962574], [0.05, 0.08660254037844387], [0.0, 0.0], [0.10000000000000002, 0.0]]",6,2,2,simple,47,673,283,47,47,47,1.0,0.65,0.65,4,98.0,,0,0.0,#ee621a,0.93333334,0.38431373,0.101960786,58.97179271350876,51.008137185117654,62.26434338001208,58.954259791460956,50.853904694781846,62.12164181269663,53.013393427458375,117.20940105157423,0.3956338303149684,0.7437951583188784,0.21010902936943304,50.675012142062656,80.4902386357491
panel_03_up,panel_03_up__corner_1,panel_03_up,corner_1,panel_landmarks,panel_03_up__corner_1::gamut_017_ccmcc,17,gamut_017_ccmcc,ccmcc,0.8,0.2,0.0,0.2,0.0,#55a5ce,0.3333333333333333,0.6470588235294118,0.807843137254902,64.39915620027084,-12.522958683054753,-28.313954637547667,"[[0.22499999999999998, 0.12990381056766578], [0.22499999999999992, 0.12990381056766576], [0.1, 0.05773502691896257], [0.10000000000000002, 0.0], [0.22499999999999998, 0.0]]",6,2,2,simple,70,1311,561,70,70,70,1.0,0.65,0.65,6,98.0,,0,0.0,#f06c19,0.9411765,0.42352942,0.09803922,61.06843263656228,47.061262265261746,64.26577046496044,61.11648434379836,47.02095495627349,64.23766477096878,50.099258124442684,110.14707715382924,0.30103029126727854,0.6035931911720495,0.20566402161984887,53.78500784213156,79.65457714064353
panel_03_up,panel_03_up__corner_1,panel_03_up,corner_1,panel_landmarks,panel_03_up__corner_1::gamut_018_ccmc,18,gamut_018_ccmc,ccmc,0.75,0.25,0.0,0.25,0.0,#5c9cca,0.3607843137254902,0.611764705882353,0.792156862745098,61.92440441812144,-7.364048329696504,-29.88546306665585,"[[0.29166666666666663, 0.16839382851364085], [0.29166666666666674, 0.16839382851364088], [0.22499999999999992, 0.12990381056766573], [0.22499999999999995, 0.12990381056766576], [0.22499999999999998, 0.0], [0.29166666666666674, 0.0]]",6,2,2,simple,41,1149,494,41,41,41,1.0,0.65,0.65,6,98.0,,0,0.0,#f17017,0.94509804,0.4392157,0.09019608,61.95732034400862,45.50707583972474,65.49522619396052,61.854998087789205,45.599357853458045,65.38976310876298,47.654696759735046,109.05426510791219,0.2935717480904082,0.5944669117042396,0.19005647424652458,55.20784142520421,79.75285954547655
panel_03_up,panel_03_up__corner_1,panel_03_up,corner_1,panel_landmarks,panel_03_up__corner_1::gamut_019_ccm,19,gamut_019_ccm,ccm,0.6666666666666666,0.3333333333333333,0.0,0.3333333333333333,0.0,#678dc4,0.403921568627451,0.5529411764705883,0.7686274509803922,57.95834963869487,1.909786468417607,-32.625876079859225,"[[0.3666666666666667, 0.2116950987028628], [0.36666666666666675, 0.2116950987028628], [0.29166666666666674, 0.16839382851364085], [0.2916666666666667, 0.16839382851364082], [0.2916666666666667, 0.0], [0.3666666666666667, 0.0]]",6,2,2,simple,62,1647,716,62,62,62,1.0,0.65,0.65,7,98.0,,0,0.0,#f07317,0.9411765,0.4490196,0.09019608,62.34258194384123,43.76696435787719,65.7273752739525,62.29122723725519,43.96985172180504,65.6468487973232,45.70047871451643,106.97946945859015,0.28938621082240495,0.6437233574088392,0.2034079918833993,56.340894490119524,78.96603719008999
panel_03_up,panel_03_up__corner_1,panel_03_up,corner_1,panel_landmarks,panel_03_up__corner_1::gamut_020_ccmcm,20,gamut_020_ccmcm,ccmcm,0.6,0.4,0.0,0.4,0.0,#7082c0,0.4392156862745098,0.5098039215686274,0.7529411764705882,55.29267420281303,9.505154374171154,-34.4733226879592,"[[0.44999999999999996, 0.25980762113533157], [0.4500000000000001, 0.2598076211353316], [0.3666666666666665, 0.21169509870286266], [0.36666666666666675, 0.21169509870286288], [0.3666666666666667, 0.0], [0.44999999999999996, 0.0]]",6,2,2,simple,71,2231,978,71,71,71,1.0,0.65,0.65,8,98.0,,0,0.0,#f17717,0.94509804,0.46666667,0.09019608,63.26144079744175,42.12094920250464,66.25757027333464,63.179556235931,42.19742196376399,66.21742880018435,45.80635356942011,106.17911334204695,0.34478809618295475,0.5501857152231268,0.1552926556478704,57.55525656051395,78.51267401028865
panel_03_up,panel_03_up__corner_1,panel_03_up,corner_1,panel_landmarks,panel_03_up__corner_1::gamut_021_cm,21,gamut_021_cm,cm,0.5,0.5,0.0,0.5,0.0,#7e70b9,0.49411764705882355,0.4392156862745098,0.7254901960784313,51.29732537689088,22.192773865570615,-36.6472398512226,"[[0.55, 0.2598076211353316], [0.5, 0.2886751345948129], [0.4500000000000002, 0.25980762113533173], [0.44999999999999996, 0.25980762113533157], [0.44999999999999996, 0.0], [0.55, 0.0]]",6,2,2,simple,248,3029,1342,251,248,251,1.0,0.65,0.65,8,98.0,0.623773782643993,3,0.01195219123505976,#f27c15,0.9490196,0.4862745,0.08235294,64.5846116181579,39.82716140082968,68.12071104056253,64.53111277496527,39.766238766301775,68.00770350216416,47.98512792830906,107.06935665009182,0.27775490138723824,0.5017983579333556,0.13608416804349746,59.68706565139382,78.90902393211789
panel_03_up,panel_03_up__corner_1,panel_03_up,corner_1,panel_landmarks,panel_03_up__corner_1::gamut_022_cmcmm,22,gamut_022_cmcmm,cmcmm,0.4,0.6,0.0,0.6,0.0,#8c5fb2,0.5490196078431373,0.37254901960784315,0.6980392156862745,48.227853537804535,34.47023920646486,-37.32564454758596,"[[0.6333333333333334, 0.2116950987028627], [0.6333333333333331, 0.211695098702863], [0.5500000000000002, 0.25980762113533157], [0.55, 0.2598076211353316], [0.55, 0.0], [0.6333333333333334, 0.0]]",6,2,2,simple,57,2206,933,57,57,57,1.0,0.65,0.65,8,98.0,,0,0.0,#f28412,0.9490196,0.5176471,0.07058824,66.08374173685338,35.825805781977635,69.54140063635002,66.07156232100432,35.68374391862731,69.63908474872692,51.329465170101344,108.35698247211847,0.3767734927724134,0.6540737617326503,0.21254406760546077,62.743728897352696,78.22719963282161
panel_03_up,panel_03_up__corner_1,panel_03_up,corner_1,panel_landmarks,panel_03_up__corner_1::gamut_023_cmm,23,gamut_023_cmm,cmm,0.3333333333333333,0.6666666666666666,0.0,0.6666666666666666,0.0,#9553ad,0.5843137254901961,0.3254901960784314,0.6784313725490196,46.43717552780805,42.58465688514468,-37.152504170448154,"[[0.7083333333333331, 0.168393828513641], [0.7083333333333331, 0.168393828513641], [0.6333333333333333, 0.2116950987028628], [0.6333333333333334, 0.0], [0.7083333333333333, 0.0]]",6,2,2,simple,71,1631,729,71,71,71,1.0,0.65,0.65,7,98.0,,0,0.0,#f18810,0.94509804,0.53333336,0.0627451,66.78779892896337,33.772584025310415,70.54411206209384,66.70855943290182,33.746162350537844,70.54793785848447,53.61792381496787,109.95618058500443,0.20193264361871655,0.4817526399459229,0.14535764955623606,64.41750170419027,78.21163071037392
panel_03_up,panel_03_up__corner_1,panel_03_up,corner_1,panel_landmarks,panel_03_up__corner_1::gamut_024_mcmm,24,gamut_024_mcmm,mcmm,0.25,0.75,0.0,0.75,0.0,#a044a7,0.6274509803921569,0.26666666666666666,0.6549019607843137,44.800029665938034,51.92297921655648,-36.09631750039897,"[[0.7750000000000006, 0.12990381056766542], [0.7750000000000004, 0.12990381056766562], [0.7083333333333331, 0.16839382851364093], [0.7083333333333331, 0.0], [0.7750000000000006, 0.0]]",6,2,2,simple,41,1119,480,41,41,41,1.0,0.65,0.65,6,98.0,,0,0.0,#f2930d,0.9490196,0.5764706,0.050980393,69.40688950036186,27.599378353624083,72.80762562551512,69.2981284117969,27.64480279001012,72.71888926019717,58.285888951829584,114.26812301872536,0.28148121168810475,0.5113523226626562,0.19705060204469385,69.23965303327003,77.86318793070097
panel_03_up,panel_03_up__corner_1,panel_03_up,corner_1,panel_landmarks,panel_03_up__corner_1::gamut_025_mmcmm,25,gamut_025_mmcmm,mmcmm,0.2,0.8,0.0,0.8,0.0,#a73ca4,0.6549019607843137,0.23529411764705882,0.6431372549019608,44.4176754796398,56.71421828170675,-34.84717030635769,"[[0.7750000000000006, 0.12990381056766537], [0.7750000000000006, 0.0], [0.8999999999999999, 0.0], [0.8999999999999999, 0.05773502691896263]]",6,2,2,simple,79,1325,576,79,79,79,1.0,0.65,0.65,6,98.0,,0,0.0,#ef980c,0.9372549,0.59607846,0.047058824,70.06096787168583,23.93268345589028,73.33546072453417,70.14119588087786,23.942239571430065,73.37551981018979,60.348900852849475,115.91242007225226,0.895979675431973,1.670927114985883,0.5391647315902839,71.92614938139542,77.14183778650556
panel_03_up,panel_03_up__corner_1,panel_03_up,corner_1,panel_landmarks,panel_03_up__corner_1::gamut_026_m,26,gamut_026_m,m,0.0,1.0,0.0,1.0,0.0,#c31996,0.7647058823529411,0.09803921568627451,0.5882352941176471,44.94517938493525,71.41561872915153,-25.286338363609783,"[[0.8999999999999999, 0.05773502691896262], [0.8999999999999999, 0.0], [1.0, 0.0], [0.95, 0.08660254037844395]]",6,2,2,simple,51,671,294,51,51,51,1.0,0.65,0.65,4,98.0,,0,0.0,#d7c40a,0.84313726,0.76862746,0.039215688,78.34506842115354,-8.91851898469781,78.31428479090381,78.26638696624649,-9.191453959380194,78.27516323634637,76.90470136142098,135.28568064604232,0.13282923337958594,0.5234208988162947,0.1963965848449926,96.4969184151638,78.82047439080283
panel_03_up,panel_03_up__corner_1,panel_03_up,corner_1,panel_landmarks,panel_03_up__corner_1::gamut_027_mmymm,27,gamut_027_mmymm,mmymm,0.0,0.8,0.2,0.9,0.17320508075688773,#cf4078,0.8117647058823529,0.25098039215686274,0.47058823529411764,49.84848124885772,60.188269024954224,0.4786347756794429,"[[0.7750000000000004, 0.12990381056766553], [0.7750000000000004, 0.1299038105676656], [0.8999999999999999, 0.05773502691896262], [0.95, 0.08660254037844393], [0.8875000000000002, 0.19485571585149836]]",6,2,2,simple,40,1337,576,40,40,40,1.0,0.65,0.65,6,98.0,,0,0.0,#6da01f,0.42745098,0.627451,0.11960784,60.327577288972236,-36.02962481807512,56.854383323557066,60.654786879558515,-36.03154213012586,56.841407658359216,71.03464542151005,112.00856919780706,1.2299447586686418,1.8805658182330227,0.6447529825872201,122.36315568212416,67.30939583470659
panel_03_up,panel_03_up__corner_1,panel_03_up,corner_1,panel_landmarks,panel_03_up__corner_1::gamut_028_mmym,28,gamut_028_mmym,mmym,0.0,0.75,0.25,0.875,0.21650635094610965,#d24a70,0.8235294117647058,0.2901960784313726,0.4392156862745098,51.57960032045129,56.37809473471766,7.85956369537153,"[[0.7083333333333333, 0.16839382851364088], [0.708333333333333, 0.1683938285136411], [0.7750000000000006, 0.12990381056766553], [0.7750000000000005, 0.12990381056766556], [0.8875000000000002, 0.19485571585149838], [0.8541666666666666, 0.2525907427704614]]",6,2,2,simple,73,1114,478,73,73,73,1.0,0.65,0.65,4,98.0,,0,0.0,#639e28,0.3882353,0.61960787,0.15686275,59.265217246657755,-38.37963836832814,52.18750356091596,59.33551558239489,-38.443018240702216,52.18601591081928,68.10892323367165,104.89548580891257,0.283478197735441,0.5594637287486587,0.17272391368041715,126.33143908559953,64.78064656364785
panel_03_up,panel_03_up__corner_1,panel_03_up,corner_1,panel_landmarks,panel_03_up__corner_1::gamut_029_mmy,29,gamut_029_mmy,mmy,0.0,0.6666666666666666,0.3333333333333333,0.8333333333333333,0.28867513459481287,#d75b64,0.8431372549019608,0.3568627450980392,0.39215686274509803,54.92109472478978,49.47976671792647,19.744343642877826,"[[0.6333333333333329, 0.21169509870286304], [0.6333333333333332, 0.2116950987028628], [0.708333333333333, 0.16839382851364093], [0.7083333333333333, 0.16839382851364088], [0.8541666666666666, 0.25259074277046145], [0.8166666666666667, 0.3175426480542943]]",6,2,2,simple,56,1559,663,56,56,56,1.0,0.65,0.65,5,98.0,,0,0.0,#529732,0.32156864,0.59411764,0.19411765,56.410998295019624,-40.60181912599703,45.41314548578412,56.33347859719781,-40.60973055216336,45.07831425695558,62.5094542517491,93.67923627386772,0.3042048562031864,0.7431391833257539,0.20077458102529008,131.798443997922,60.916840850894204
panel_03_up,panel_03_up__corner_1,panel_03_up,corner_1,panel_landmarks,panel_03_up__corner_1::gamut_030_mmymy,30,gamut_030_mmymy,mmymy,0.0,0.6,0.4,0.8,0.34641016151377546,#db685a,0.8588235294117647,0.40784313725490196,0.35294117647058826,57.754183854481255,43.898425701771274,29.352331819167688,"[[0.5500000000000003, 0.2598076211353315], [0.5500000000000003, 0.2598076211353315], [0.6333333333333333, 0.21169509870286285], [0.6333333333333329, 0.21169509870286302], [0.8166666666666665, 0.3175426480542942], [0.775, 0.38971143170299727]]",6,2,2,simple,48,2239,919,48,48,48,1.0,0.65,0.65,6,98.0,,0,0.0,#4a9338,0.2901961,0.5764706,0.21960784,54.661009168949626,-40.71986151490767,40.381952121707386,54.62519941444561,-40.73035856897729,40.36561920921254,57.42183440649541,85.39013283241677,0.3947242143063023,0.7631701419383511,0.2771226583730771,135.23872055616891,57.348140152520436
panel_03_up,panel_03_up__corner_2,panel_03_up,corner_2,panel_landmarks,panel_03_up__corner_2::gamut_001_my,1,gamut_001_my,my,0.0,0.5,0.5,0.75,0.4330127018922193,#e17c4b,0.8823529411764706,0.48627450980392156,0.29411764705882354,62.45289702748056,35.06929839281481,43.41945673452145,"[[0.5, 0.34641016151377513], [0.5, 0.34641016151377513], [0.5, 0.28867513459481287], [0.55, 0.2598076211353315], [0.5500000000000003, 0.25980762113533146], [0.7750000000000001, 0.38971143170299727], [0.7250000000000001, 0.47631397208144116]]",6,2,2,simple,71,2760,1195,71,71,71,1.0,0.65,0.65,7,98.0,,0,0.0,#cc463f,0.8,0.27450982,0.24705882,49.13842222471659,52.53043970419324,33.332974609928435,49.10194401066232,52.44348999331445,33.33171579968247,17.26100440164331,24.16410182107122,0.24581133226993948,0.501844728786091,0.14237356658439443,32.397001524275595,62.213618218698834
panel_03_up,panel_03_up__corner_2,panel_03_up,corner_2,panel_landmarks,panel_03_up__corner_2::gamut_002_mymyy,2,gamut_002_mymyy,mymyy,0.0,0.4,0.6,0.7,0.5196152422706631,#e78f3c,0.9058823529411765,0.5607843137254902,0.23529411764705882,67.25038043422728,26.766151588117626,56.050858524577286,"[[0.49999999999999994, 0.44263520637871284], [0.49999999999999994, 0.44263520637871284], [0.49999999999999994, 0.3464101615137752], [0.7250000000000001, 0.47631397208144116], [0.6833333333333335, 0.5484827557301443]]",6,2,2,simple,130,2009,867,133,130,133,1.0,0.65,0.65,5,98.0,0.9441563836463518,3,0.022556390977443608,#cc414a,0.8,0.25490198,0.2901961,48.3895364770934,55.21372932554447,26.044985884494977,48.30821675331762,55.22804088642971,25.822051438373823,30.638427533011363,45.4461055184615,0.3878215191060305,0.7636407247227134,0.23190433309930245,25.2538203427211,61.04831853342098
panel_03_up,panel_03_up__corner_2,panel_03_up,corner_2,panel_landmarks,panel_03_up__corner_2::gamut_003_myy,3,gamut_003_myy,myy,0.0,0.3333333333333333,0.6666666666666666,0.6666666666666666,0.5773502691896257,#eb9d32,0.9215686274509803,0.615686274509804,0.19607843137254902,70.87834005274337,20.623964460334378,63.79337035503971,"[[0.5, 0.5292377467571571], [0.4999999999999999, 0.5292377467571567], [0.49999999999999994, 0.4426352063787129], [0.6833333333333335, 0.5484827557301444], [0.6458333333333334, 0.6134346610139774]]",6,2,2,simple,52,1445,628,52,52,52,1.0,0.65,0.65,5,98.0,,0,0.0,#c83d53,0.78431374,0.23921569,0.3254902,47.294491877340704,56.004557427802695,19.671471284471874,47.367221055443956,56.00467828136115,19.58909596655296,40.18357003541188,61.2758209335745,0.2442335212640753,0.3894124207006742,0.13062320555418075,19.353707151760943,59.35888505674489
panel_03_up,panel_03_up__corner_2,panel_03_up,corner_2,panel_landmarks,panel_03_up__corner_2::gamut_004_ymyy,4,gamut_004_ymyy,ymyy,0.0,0.25,0.75,0.625,0.649519052838329,#f0ad25,0.9411764705882353,0.6784313725490196,0.1450980392156863,75.17069205620427,13.897348872566884,71.97054159381838,"[[0.5, 0.6062177826491071], [0.5, 0.6062177826491071], [0.5, 0.529237746757157], [0.6458333333333334, 0.6134346610139774], [0.6125, 0.6711696879329399]]",6,2,2,simple,55,1012,431,55,55,55,1.0,0.65,0.65,4,98.0,,0,0.0,#c53b5d,0.77254903,0.23137255,0.3647059,46.6364562631393,56.874715602728386,12.482736588053179,46.609327976004515,56.782741114664894,12.323246071751086,49.904976226645175,78.74043184893621,0.36136126511109884,0.6796259758081645,0.19500748127721756,12.378875979470138,58.22844654992916
panel_03_up,panel_03_up__corner_2,panel_03_up,corner_2,panel_landmarks,panel_03_up__corner_2::gamut_005_yymyy,5,gamut_005_yymyy,yymyy,0.0,0.2,0.8,0.6000000000000001,0.6928203230275509,#f3b71e,0.9529411764705882,0.7176470588235294,0.11764705882352941,77.88658998186094,9.774007373456461,76.02676705068747,"[[0.5, 0.7505553499465134], [0.5, 0.6062177826491071], [0.6125, 0.6711696879329399], [0.55, 0.7794228634059948]]",6,2,2,simple,42,1214,523,42,42,42,1.0,0.65,0.65,6,98.0,,0,0.0,#c33962,0.7647059,0.22352941,0.38431373,46.195658777852515,57.21938358833856,8.375181761243311,46.22108703551088,57.224431226987505,8.339776983694033,55.207529724749996,88.4992420132728,0.0,0.33137130312879226,0.16496146346458268,8.327232035776547,57.829071648810775
panel_03_up,panel_03_up__corner_2,panel_03_up,corner_2,panel_landmarks,panel_03_up__corner_2::gamut_006_y,6,gamut_006_y,y,0.0,0.0,1.0,0.5,0.8660254037844386,#ffdf00,1.0,0.8745098039215686,0.0,88.94096720886532,-5.949434572648293,88.5567575521992,"[[0.45, 0.7794228634059948], [0.5, 0.7505553499465135], [0.5499999999999999, 0.7794228634059948], [0.5, 0.8660254037844386]]",6,2,2,simple,66,596,277,66,66,66,1.0,0.65,0.65,3,98.0,,0,0.0,#ba3279,0.7294118,0.19607843,0.4745098,44.416497079163825,59.535385133493826,-9.096056784033735,44.31229767488915,59.525537033419944,-8.911070714720875,73.91591894161402,125.72494660990475,0.31435692027567474,0.620831468559029,0.2213129877549712,351.31329469070226,60.2262428847409
panel_03_up,panel_03_up__corner_2,panel_03_up,corner_2,panel_landmarks,panel_03_up__corner_2::gamut_007_yycyy,7,gamut_007_yycyy,yycyy,0.2,0.0,0.8,0.4,0.6928203230275509,#d7da2c,0.8431372549019608,0.8549019607843137,0.17254901960784313,84.3667653359768,-19.647053313897157,76.98686095704784,"[[0.45, 0.7794228634059948], [0.38750000000000007, 0.6711696879329401], [0.5, 0.6062177826491071], [0.49999999999999994, 0.606217782649107], [0.5, 0.7505553499465134]]",6,2,2,simple,50,1216,535,50,50,50,1.0,0.65,0.65,6,98.0,,0,0.0,#be4565,0.74509805,0.27058825,0.39607844,47.0860859180858,51.188292434061616,7.299588448631256,47.143216492889394,51.12562513638194,7.4238589376366395,66.74524482577186,106.13110389869097,0.2703012515430465,0.8092920986443786,0.2542900256528777,8.115814627540146,51.70614348251473
panel_03_up,panel_03_up__corner_2,panel_03_up,corner_2,panel_landmarks,panel_03_up__corner_2::gamut_008_ycyy,8,gamut_008_ycyy,ycyy,0.25,0.0,0.75,0.375,0.649519052838329,#cdd937,0.803921568627451,0.8509803921568627,0.21568627450980393,83.38010598564017,-22.911475895264044,72.6579380339764,"[[0.49999999999999994, 0.6062177826491072], [0.38750000000000007, 0.6711696879329401], [0.3541666666666665, 0.6134346610139771], [0.4999999999999999, 0.5292377467571566], [0.5, 0.529237746757157], [0.5, 0.606217782649107]]",6,2,2,simple,71,985,447,71,71,71,1.0,0.65,0.65,4,98.0,,0,0.0,#bf4d5f,0.7490196,0.3019608,0.37254903,48.52792991352105,47.2662981402957,13.531023498977746,48.583594799591296,47.241580334765594,13.737315540035748,62.96936630901517,98.16102163270872,0.5635275924307929,0.8259691052968398,0.2592956944774928,15.974941043490276,49.16494215207833
panel_03_up,panel_03_up__corner_2,panel_03_up,corner_2,panel_landmarks,panel_03_up__corner_2::gamut_009_cyy,9,gamut_009_cyy,cyy,0.3333333333333333,0.0,0.6666666666666666,0.3333333333333333,0.5773502691896257,#bdd749,0.7411764705882353,0.8431372549019608,0.28627450980392155,81.78436408497542,-27.531586792779173,64.35620557265086,"[[0.5000000000000001, 0.5292377467571565], [0.3541666666666665, 0.6134346610139771], [0.31666666666666654, 0.5484827557301443], [0.4999999999999999, 0.44263520637871295], [0.49999999999999994, 0.4426352063787134], [0.49999999999999994, 0.529237746757157]]",6,2,2,simple,45,1484,612,45,45,45,1.0,0.65,0.65,5,98.0,,0,0.0,#c15257,0.75686276,0.32156864,0.34117648,49.59283207904835,45.073941226409175,19.15930260594525,49.49720256535123,44.94588678657784,19.375223571564216,60.58239152514328,91.38171299344073,0.6035838757145255,1.195392315557628,0.4019159894995964,23.028590164379068,48.97692368889627
panel_03_up,panel_03_up__corner_2,panel_03_up,corner_2,panel_landmarks,panel_03_up__corner_2::gamut_010_cycyy,10,gamut_010_cycyy,cycyy,0.4,0.0,0.6,0.3,0.5196152422706631,#b0d558,0.6901960784313725,0.8352941176470589,0.34509803921568627,80.47282173371678,-30.62907611862564,56.47710040787457,"[[0.49999999999999994, 0.44263520637871295], [0.3166666666666666, 0.5484827557301443], [0.27500000000000013, 0.47631397208144144], [0.5, 0.3464101615137757], [0.5, 0.34641016151377535], [0.5, 0.4426352063787127]]",6,2,2,simple,45,1976,859,45,45,45,1.0,0.65,0.65,6,98.0,,0,0.0,#bf5753,0.7490196,0.34117648,0.3254902,50.13983437932113,41.462144065125216,22.686733244901735,50.108609635787154,41.5130058508051,22.670978334797667,58.18610279313366,85.19990060107165,0.45108555684374335,0.7814671803022409,0.24229273446740282,28.686040906305266,47.26306439284833
panel_03_up,panel_03_up__corner_2,panel_03_up,corner_2,panel_landmarks,panel_03_up__corner_2::gamut_011_cy,11,gamut_011_cy,cy,0.5,0.0,0.5,0.25,0.4330127018922193,#9cd36e,0.611764705882353,0.8274509803921568,0.43137254901960786,78.9150462873468,-34.99013382693389,44.14872186254153,"[[0.4999999999999999, 0.3464101615137758], [0.2750000000000002, 0.47631397208144144], [0.22500000000000003, 0.3897114317029974], [0.45, 0.25980762113533157], [0.45, 0.25980762113533157], [0.5, 0.28867513459481287], [0.5, 0.34641016151377524]]",6,2,2,simple,62,2769,1167,62,62,62,1.0,0.65,0.65,7,98.0,,0,0.0,#c15f49,0.75686276,0.37254903,0.28627452,51.85920280362136,37.35907456460471,30.52623339115832,51.98558947404489,37.27367734445473,30.804648063430484,54.87017429618325,78.43467864185521,0.5340725344612682,1.1579665564869854,0.39762623814619086,39.252381203806976,48.24470310174127
panel_03_up,panel_03_up__corner_2,panel_03_up,corner_2,panel_landmarks,panel_03_up__corner_2::gamut_012_ccycy,12,gamut_012_ccycy,ccycy,0.6,0.0,0.4,0.2,0.34641016151377546,#88d184,0.5333333333333333,0.8196078431372549,0.5176470588235295,77.57843488375325,-37.888046728189686,31.195962138943845,"[[0.36666666666666653, 0.21169509870286277], [0.36666666666666714, 0.21169509870286302], [0.45, 0.25980762113533157], [0.225, 0.3897114317029973], [0.18333333333333335, 0.3175426480542941]]",6,2,2,simple,131,1972,860,134,131,134,1.0,0.65,0.65,5,98.0,1.3543667608875893,3,0.022388059701492536,#c56945,0.77254903,0.4117647,0.27058825,54.45555769854275,33.51466000663517,36.27171997062103,54.38333145024277,33.59549747122002,36.18537492184139,51.9790809299588,75.22484493800943,0.3538604595571441,0.9561712307304195,0.3490684342296626,47.262415539771155,49.384917788607275
panel_03_up,panel_03_up__corner_2,panel_03_up,corner_2,panel_landmarks,panel_03_up__corner_2::gamut_013_ccy,13,gamut_013_ccy,ccy,0.6666666666666666,0.0,0.3333333333333333,0.16666666666666666,0.28867513459481287,#7bcf92,0.4823529411764706,0.8117647058823529,0.5725490196078431,76.6242576233587,-38.596781108295175,22.516384217852845,"[[0.29166666666666674, 0.16839382851364088], [0.29166666666666674, 0.16839382851364088], [0.3666666666666666, 0.21169509870286274], [0.18333333333333332, 0.3175426480542941], [0.14583333333333337, 0.2525907427704613]]",6,2,2,simple,56,1463,621,56,56,56,1.0,0.65,0.65,5,98.0,,0,0.0,#c56f3f,0.77254903,0.43529412,0.24705882,55.68634030280917,29.958187662101952,41.11992371517874,55.70850276403309,29.975107828177297,41.06634544479356,49.250801548856714,74.05586949500261,0.35063243508429986,0.6718009151663699,0.22315270128215894,53.92454723443399,50.8757421011216
panel_03_up,panel_03_up__corner_2,panel_03_up,corner_2,panel_landmarks,panel_03_up__corner_2::gamut_014_ccyc,14,gamut_014_ccyc,ccyc,0.75,0.0,0.25,0.125,0.21650635094610965,#6bcda5,0.4196078431372549,0.803921568627451,0.6470588235294118,75.7627364620849,-38.23104893684348,11.116976934990475,"[[0.22499999999999984, 0.12990381056766567], [0.2916666666666667, 0.16839382851364085], [0.14583333333333337, 0.2525907427704613], [0.11250000000000002, 0.1948557158514987], [0.22500000000000003, 0.12990381056766576]]",6,2,2,simple,56,1011,429,56,56,56,1.0,0.65,0.65,4,98.0,,0,0.0,#c67b32,0.7764706,0.48235294,0.19607843,58.29982824654251,22.86140567962497,49.93731553217114,58.34386307240751,23.209821653336512,49.76860591292152,44.36782245951717,74.45978688667776,0.47528160463714647,1.2283674571450565,0.3778754923445957,65.40159585411504,54.921574560531404
panel_03_up,panel_03_up__corner_2,panel_03_up,corner_2,panel_landmarks,panel_03_up__corner_2::gamut_015_ccycc,15,gamut_015_ccycc,ccycc,0.8,0.0,0.2,0.1,0.17320508075688773,#61ccb0,0.3803921568627451,0.8,0.6901960784313725,75.36328019947463,-37.63795429928929,4.586277188762633,"[[0.22499999999999995, 0.12990381056766578], [0.11249999999999999, 0.19485571585149866], [0.04999999999999999, 0.08660254037844385], [0.1, 0.05773502691896256]]",6,2,2,simple,70,1183,528,70,70,70,1.0,0.65,0.65,5,98.0,,0,0.0,#c4802c,0.76862746,0.5019608,0.17058824,59.29491233992632,19.36449711771196,53.92909217499038,59.33342289113364,19.33310484359839,53.82094707649867,42.93210541438252,77.08557130865968,1.106317965592895,2.3158348529441954,0.7843387490454227,70.24814174638851,57.300355421589515
panel_03_up,panel_03_up__corner_2,panel_03_up,corner_2,panel_landmarks,panel_03_up__corner_2::gamut_016_c,16,gamut_016_c,c,1.0,0.0,0.0,0.0,0.0,#3ac8dc,0.22745098039215686,0.7843137254901961,0.8627450980392157,74.42655654335444,-30.326087604312878,-20.705156122725967,"[[0.1, 0.057735026918962574], [0.05, 0.08660254037844387], [0.0, 0.0], [0.10000000000000002, 0.0]]",6,2,2,simple,70,592,244,70,70,70,1.0,0.65,0.65,3,98.0,,0,0.0,#d7c40a,0.84313726,0.76862746,0.039215688,78.52178973110408,-8.91851898469781,78.42508350876608,78.4489641283331,-9.027003122889644,78.43696216754103,44.590477584212074,101.49807554068506,0.25292986363135905,0.5089676698064098,0.17021768094941994,96.487817902303,78.93056254859297
panel_03_up,panel_03_up__corner_2,panel_03_up,corner_2,panel_landmarks,panel_03_up__corner_2::gamut_017_ccmcc,17,gamut_017_ccmcc,ccmcc,0.8,0.2,0.0,0.2,0.0,#55a5ce,0.3333333333333333,0.6470588235294118,0.807843137254902,64.39915620027084,-12.522958683054753,-28.313954637547667,"[[0.22499999999999998, 0.12990381056766578], [0.22499999999999992, 0.12990381056766576], [0.1, 0.05773502691896257], [0.10000000000000002, 0.0], [0.22499999999999998, 0.0]]",6,2,2,simple,44,1184,498,44,44,44,1.0,0.65,0.65,6,98.0,,0,0.0,#ed970a,0.9313725,0.59019613,0.039215688,69.53308241497699,24.42968721624095,73.09944868723308,69.3658304802232,24.47934302193455,72.89263972412655,49.903676061534554,108.05801039835701,0.7557941294991856,1.7889565936337828,0.5956590243368308,71.52047682058537,77.07359480302439
panel_03_up,panel_03_up__corner_2,panel_03_up,corner_2,panel_landmarks,panel_03_up__corner_2::gamut_018_ccmc,18,gamut_018_ccmc,ccmc,0.75,0.25,0.0,0.25,0.0,#5c9cca,0.3607843137254902,0.611764705882353,0.792156862745098,61.92440441812144,-7.364048329696504,-29.88546306665585,"[[0.29166666666666663, 0.16839382851364085], [0.29166666666666674, 0.16839382851364088], [0.22499999999999992, 0.12990381056766573], [0.22499999999999995, 0.12990381056766576], [0.22499999999999998, 0.0], [0.29166666666666674, 0.0]]",6,2,2,simple,61,1033,422,61,61,61,1.0,0.65,0.65,5,98.0,,0,0.0,#f19109,0.94509804,0.5686275,0.03529412,68.73412889240373,28.519977127584806,72.9077070656296,68.88599200147831,28.523391522813814,72.98346895403111,47.393115602603984,109.08928204126853,0.2791772386700052,0.43515594104013205,0.1726439435666014,68.63559724788081,78.28743733783611
panel_03_up,panel_03_up__corner_2,panel_03_up,corner_2,panel_landmarks,panel_03_up__corner_2::gamut_019_ccm,19,gamut_019_ccm,ccm,0.6666666666666666,0.3333333333333333,0.0,0.3333333333333333,0.0,#678dc4,0.403921568627451,0.5529411764705883,0.7686274509803922,57.95834963869487,1.909786468417607,-32.625876079859225,"[[0.3666666666666667, 0.2116950987028628], [0.36666666666666675, 0.2116950987028628], [0.29166666666666674, 0.16839382851364085], [0.2916666666666667, 0.16839382851364082], [0.2916666666666667, 0.0], [0.3666666666666667, 0.0]]",6,2,2,simple,43,1460,655,43,43,43,1.0,0.65,0.65,7,98.0,,0,0.0,#f2890a,0.9490196,0.5372549,0.039215688,67.1235122223728,33.18786166648518,71.89488368662052,67.20416031327721,33.11422712861826,71.89347591522456,47.30895494989309,109.48473599293827,0.22035009221355487,0.32421004678888415,0.13333870488521885,65.22117537651496,79.18527932833507
panel_03_up,panel_03_up__corner_2,panel_03_up,corner_2,panel_landmarks,panel_03_up__corner_2::gamut_020_ccmcm,20,gamut_020_ccmcm,ccmcm,0.6,0.4,0.0,0.4,0.0,#7082c0,0.4392156862745098,0.5098039215686274,0.7529411764705882,55.29267420281303,9.505154374171154,-34.4733226879592,"[[0.44999999999999996, 0.25980762113533157], [0.4500000000000001, 0.2598076211353316], [0.3666666666666665, 0.21169509870286266], [0.36666666666666675, 0.21169509870286288], [0.3666666666666667, 0.0], [0.44999999999999996, 0.0]]",6,2,2,simple,42,2023,864,42,42,42,1.0,0.65,0.65,8,98.0,,0,0.0,#f4840c,0.95686275,0.5176471,0.047058824,66.34201210478852,36.58666748289463,71.07906785795925,66.4164443891427,36.565815731540226,71.10386799165306,47.61226792532829,109.52991997754808,0.29423679703844313,0.2960433359003798,0.1757992325754088,62.763672377294824,79.94259268412725
panel_03_up,panel_03_up__corner_2,panel_03_up,corner_2,panel_landmarks,panel_03_up__corner_2::gamut_021_cm,21,gamut_021_cm,cm,0.5,0.5,0.0,0.5,0.0,#7e70b9,0.49411764705882355,0.4392156862745098,0.7254901960784313,51.29732537689088,22.192773865570615,-36.6472398512226,"[[0.55, 0.2598076211353316], [0.5, 0.2886751345948129], [0.4500000000000002, 0.25980762113533173], [0.44999999999999996, 0.25980762113533157], [0.44999999999999996, 0.0], [0.55, 0.0]]",6,2,2,simple,156,2743,1154,157,156,157,1.0,0.65,0.65,8,98.0,0.968758913581936,1,0.006369426751592357,#f47d0e,0.95686275,0.49019608,0.05490196,64.91093792063917,40.131208958360475,69.79433543393546,64.80846860207824,40.19037907134668,69.71020802877345,48.397421226822736,108.79764174491791,0.3169042344493709,0.6395020414078858,0.25559258452402245,60.101427559624085,80.509398154031
panel_03_up,panel_03_up__corner_2,panel_03_up,corner_2,panel_landmarks,panel_03_up__corner_2::gamut_022_cmcmm,22,gamut_022_cmcmm,cmcmm,0.4,0.6,0.0,0.6,0.0,#8c5fb2,0.5490196078431373,0.37254901960784315,0.6980392156862745,48.227853537804535,34.47023920646486,-37.32564454758596,"[[0.6333333333333334, 0.2116950987028627], [0.6333333333333331, 0.211695098702863], [0.5500000000000002, 0.25980762113533157], [0.55, 0.2598076211353316], [0.55, 0.0], [0.6333333333333334, 0.0]]",6,2,2,simple,93,2017,843,93,93,93,1.0,0.65,0.65,7,98.0,,0,0.0,#f4760e,0.95686275,0.4627451,0.05490196,63.53266266628897,43.33748486633948,68.83827474336542,63.49974035964482,43.32991570148144,68.79023121751516,48.77395085941555,107.62733382959715,0.482278457289693,0.7565249035557892,0.15345517382519228,57.807325360839,81.34399587052054
panel_03_up,panel_03_up__corner_2,panel_03_up,corner_2,panel_landmarks,panel_03_up__corner_2::gamut_023_cmm,23,gamut_023_cmm,cmm,0.3333333333333333,0.6666666666666666,0.0,0.6666666666666666,0.0,#9553ad,0.5843137254901961,0.3254901960784314,0.6784313725490196,46.43717552780805,42.58465688514468,-37.152504170448154,"[[0.7083333333333331, 0.168393828513641], [0.7083333333333331, 0.168393828513641], [0.6333333333333333, 0.2116950987028628], [0.6333333333333334, 0.0], [0.7083333333333333, 0.0]]",6,2,2,simple,85,1458,619,85,85,85,1.0,0.65,0.65,6,98.0,,0,0.0,#f3720d,0.9529412,0.44705883,0.050980393,62.6122487997323,45.15970892415561,68.38894148022946,62.666530485668915,45.16269906224529,68.35754727069025,48.869330269693236,106.80477816273329,0.19476221117798242,0.31428204795548537,0.16229099240468783,56.56176405990175,81.95392990516507
panel_03_up,panel_03_up__corner_2,panel_03_up,corner_2,panel_landmarks,panel_03_up__corner_2::gamut_024_mcmm,24,gamut_024_mcmm,mcmm,0.25,0.75,0.0,0.75,0.0,#a044a7,0.6274509803921569,0.26666666666666666,0.6549019607843137,44.800029665938034,51.92297921655648,-36.09631750039897,"[[0.7750000000000006, 0.12990381056766542], [0.7750000000000004, 0.12990381056766562], [0.7083333333333331, 0.16839382851364093], [0.7083333333333331, 0.0], [0.7750000000000006, 0.0]]",6,2,2,simple,75,1033,451,75,75,75,1.0,0.65,0.65,5,98.0,,0,0.0,#f26b10,0.9490196,0.41960785,0.0627451,61.16433577171463,48.05498476178338,66.98039167902569,61.30939350414843,47.978821521959894,66.96008088464067,47.98003905441445,104.43926402788081,0.3163810325565615,0.6524930768996008,0.23726314380999952,54.34250655941963,82.43575941259307
panel_03_up,panel_03_up__corner_2,panel_03_up,corner_2,panel_landmarks,panel_03_up__corner_2::gamut_025_mmcmm,25,gamut_025_mmcmm,mmcmm,0.2,0.8,0.0,0.8,0.0,#a73ca4,0.6549019607843137,0.23529411764705882,0.6431372549019608,44.4176754796398,56.71421828170675,-34.84717030635769,"[[0.7750000000000006, 0.12990381056766537], [0.7750000000000006, 0.0], [0.8999999999999999, 0.0], [0.8999999999999999, 0.05773502691896263]]",6,2,2,simple,49,1190,513,49,49,49,1.0,0.65,0.65,6,98.0,,0,0.0,#f16810,0.94509804,0.40784314,0.0627451,60.466637067758526,49.18636158665374,66.23428060046605,60.44855165158558,49.28839965852402,66.13593586270082,47.24148390229422,102.62405912799777,0.30344851906670994,0.7438217543209026,0.27953563300144657,53.40198280950108,82.50017025918383
panel_03_up,panel_03_up__corner_2,panel_03_up,corner_2,panel_landmarks,panel_03_up__corner_2::gamut_026_m,26,gamut_026_m,m,0.0,1.0,0.0,1.0,0.0,#c31996,0.7647058823529411,0.09803921568627451,0.5882352941176471,44.94517938493525,71.41561872915153,-25.286338363609783,"[[0.8999999999999999, 0.05773502691896262], [0.8999999999999999, 0.0], [1.0, 0.0], [0.95, 0.08660254037844395]]",6,2,2,simple,76,600,263,76,76,76,1.0,0.65,0.65,3,98.0,,0,0.0,#dd4e25,0.8647059,0.30588236,0.14313726,52.80856704265437,53.7158990497465,52.08745660684005,53.827441755028126,53.724254156943196,54.231193462934186,36.3155526440567,79.76099980763966,1.2543398310656098,5.945104824676737,2.0736594302322358,44.118217828408945,74.82313109254385
panel_03_up,panel_03_up__corner_2,panel_03_up,corner_2,panel_landmarks,panel_03_up__corner_2::gamut_027_mmymm,27,gamut_027_mmymm,mmymm,0.0,0.8,0.2,0.9,0.17320508075688773,#cf4078,0.8117647058823529,0.25098039215686274,0.47058823529411764,49.84848124885772,60.188269024954224,0.4786347756794429,"[[0.7750000000000004, 0.12990381056766553], [0.7750000000000004, 0.1299038105676656], [0.8999999999999999, 0.05773502691896262], [0.95, 0.08660254037844393], [0.8875000000000002, 0.19485571585149836]]",6,2,2,simple,72,1189,536,72,72,72,1.0,0.65,0.65,5,98.0,,0,0.0,#d94e29,0.8509804,0.30588236,0.16078432,52.24765625635632,52.732639306368235,49.26165565725014,52.19956932513694,52.79807215421523,49.28805095826098,25.237996042188293,49.407748193466894,0.2798283969040791,0.5684723618749941,0.23894831217371484,43.05091064713025,72.16260781255772
panel_03_up,panel_03_up__corner_2,panel_03_up,corner_2,panel_landmarks,panel_03_up__corner_2::gamut_028_mmym,28,gamut_028_mmym,mmym,0.0,0.75,0.25,0.875,0.21650635094610965,#d24a70,0.8235294117647058,0.2901960784313726,0.4392156862745098,51.57960032045129,56.37809473471766,7.85956369537153,"[[0.7083333333333333, 0.16839382851364088], [0.708333333333333, 0.1683938285136411], [0.7750000000000006, 0.12990381056766553], [0.7750000000000005, 0.12990381056766556], [0.8875000000000002, 0.19485571585149838], [0.8541666666666666, 0.2525907427704614]]",6,2,2,simple,73,1007,462,73,73,73,1.0,0.65,0.65,4,98.0,,0,0.0,#d64d2f,0.8392157,0.3019608,0.18431373,51.62166531047187,52.11901050202927,45.296014809330266,51.74607569770692,52.294540974173316,44.95535637046125,19.698243412245205,37.67797022097054,0.5219251527930661,1.674779765176492,0.633015762548311,40.993518713801905,69.05157647235654
panel_03_up,panel_03_up__corner_2,panel_03_up,corner_2,panel_landmarks,panel_03_up__corner_2::gamut_029_mmy,29,gamut_029_mmy,mmy,0.0,0.6666666666666666,0.3333333333333333,0.8333333333333333,0.28867513459481287,#d75b64,0.8431372549019608,0.3568627450980392,0.39215686274509803,54.92109472478978,49.47976671792647,19.744343642877826,"[[0.6333333333333329, 0.21169509870286304], [0.6333333333333332, 0.2116950987028628], [0.708333333333333, 0.16839382851364093], [0.7083333333333333, 0.16839382851364088], [0.8541666666666666, 0.25259074277046145], [0.8166666666666667, 0.3175426480542943]]",6,2,2,simple,113,1422,600,116,113,116,1.0,0.65,0.65,4,98.0,1.0375668584591533,3,0.02586206896551724,#d24b36,0.8235294,0.29411766,0.21176471,50.85339687543444,52.28479767936317,40.8920234166238,50.784114407250385,52.10457391551652,40.95260501529649,11.112807214323565,21.717244859815278,0.3617073165749189,0.7131464269214614,0.21963694336723832,38.0290192320972,66.37663480079154
panel_03_up,panel_03_up__corner_2,panel_03_up,corner_2,panel_landmarks,panel_03_up__corner_2::gamut_030_mmymy,30,gamut_030_mmymy,mmymy,0.0,0.6,0.4,0.8,0.34641016151377546,#db685a,0.8588235294117647,0.40784313725490196,0.35294117647058826,57.754183854481255,43.898425701771274,29.352331819167688,"[[0.5500000000000003, 0.2598076211353315], [0.5500000000000003, 0.2598076211353315], [0.6333333333333333, 0.21169509870286285], [0.6333333333333329, 0.21169509870286302], [0.8166666666666665, 0.3175426480542942], [0.775, 0.38971143170299727]]",6,2,2,simple,114,2039,840,116,114,116,1.0,0.65,0.65,5,98.0,0.7874689097643601,2,0.017241379310344827,#cf4a39,0.8117647,0.2901961,0.22352941,50.052313761159525,51.94076259276726,38.39547353219572,50.0386666211157,51.85812519089191,38.27968909314419,8.259731154727067,14.344908422314386,0.1776627785566995,0.4681433669355357,0.1508755467909907,36.47242666994043,64.59144840054101
panel_03_up,panel_03_up__corner_3,panel_03_up,corner_3,panel_landmarks,panel_03_up__corner_3::gamut_001_my,1,gamut_001_my,my,0.0,0.5,0.5,0.75,0.4330127018922193,#e17c4b,0.8823529411764706,0.48627450980392156,0.29411764705882354,62.45289702748056,35.06929839281481,43.41945673452145,"[[0.5, 0.34641016151377513], [0.5, 0.34641016151377513], [0.5, 0.28867513459481287], [0.55, 0.2598076211353315], [0.5500000000000003, 0.25980762113533146], [0.7750000000000001, 0.38971143170299727], [0.7250000000000001, 0.47631397208144116]]",6,2,2,simple,41,2514,1081,41,41,41,1.0,0.65,0.65,7,98.0,,0,0.0,#c8483a,0.78431374,0.28235295,0.22745098,48.54026348169516,50.18809361192783,35.48802294921046,48.502878135079555,50.23038575720518,35.44009029748156,16.55478520259644,22.023782212589204,0.37926328636644513,0.4187480573592361,0.14318344243765044,35.26414737023498,61.46742644070369
panel_03_up,panel_03_up__corner_3,panel_03_up,corner_3,panel_landmarks,panel_03_up__corner_3::gamut_002_mymyy,2,gamut_002_mymyy,mymyy,0.0,0.4,0.6,0.7,0.5196152422706631,#e78f3c,0.9058823529411765,0.5607843137254902,0.23529411764705882,67.25038043422728,26.766151588117626,56.050858524577286,"[[0.49999999999999994, 0.44263520637871284], [0.49999999999999994, 0.44263520637871284], [0.49999999999999994, 0.3464101615137752], [0.7250000000000001, 0.47631397208144116], [0.6833333333333335, 0.5484827557301443]]",6,2,2,simple,110,1811,786,110,110,110,1.0,0.65,0.65,5,98.0,0.7771225017528892,0,0.0,#cb4932,0.79607844,0.28627452,0.19607843,49.12758253144696,50.675069251733845,40.761184917032324,49.126622186471714,50.572166544717575,40.4982431671919,23.951428181967493,33.67263379505463,0.3810893704338183,0.7298026534500177,0.20304706361538247,38.81193538037263,65.03412057918923
panel_03_up,panel_03_up__corner_3,panel_03_up,corner_3,panel_landmarks,panel_03_up__corner_3::gamut_003_myy,3,gamut_003_myy,myy,0.0,0.3333333333333333,0.6666666666666666,0.6666666666666666,0.5773502691896257,#eb9d32,0.9215686274509803,0.615686274509804,0.19607843137254902,70.87834005274337,20.623964460334378,63.79337035503971,"[[0.5, 0.5292377467571571], [0.4999999999999999, 0.5292377467571567], [0.49999999999999994, 0.4426352063787129], [0.6833333333333335, 0.5484827557301444], [0.6458333333333334, 0.6134346610139774]]",6,2,2,simple,110,1334,566,113,110,113,1.0,0.65,0.65,4,98.0,0.44102107732272006,3,0.02654867256637168,#cb482c,0.79607844,0.28235295,0.17254902,48.90504899183398,50.550606960206245,43.688750047105515,48.97650915049039,50.513010019028165,43.653726967055576,29.404583985644646,42.22114646819503,0.20361107959226063,0.3441532016519649,0.14701982354286233,40.83546777045427,66.81370177384063
panel_03_up,panel_03_up__corner_3,panel_03_up,corner_3,panel_landmarks,panel_03_up__corner_3::gamut_004_ymyy,4,gamut_004_ymyy,ymyy,0.0,0.25,0.75,0.625,0.649519052838329,#f0ad25,0.9411764705882353,0.6784313725490196,0.1450980392156863,75.17069205620427,13.897348872566884,71.97054159381838,"[[0.5, 0.6062177826491071], [0.5, 0.6062177826491071], [0.5, 0.529237746757157], [0.6458333333333334, 0.6134346610139774], [0.6125, 0.6711696879329399]]",6,2,2,simple,55,925,402,55,55,55,1.0,0.65,0.65,4,98.0,,0,0.0,#cd4927,0.8039216,0.28627452,0.15294118,49.376424233254596,50.68187111022121,46.91593981202025,49.40439504465303,50.690616953769414,46.91069249526697,34.69049630547974,51.441018644842416,0.39113912373501486,0.5299722105723452,0.13437847785105372,42.79026829145232,69.06343075519911
panel_03_up,panel_03_up__corner_3,panel_03_up,corner_3,panel_landmarks,panel_03_up__corner_3::gamut_005_yymyy,5,gamut_005_yymyy,yymyy,0.0,0.2,0.8,0.6000000000000001,0.6928203230275509,#f3b71e,0.9529411764705882,0.7176470588235294,0.11764705882352941,77.88658998186094,9.774007373456461,76.02676705068747,"[[0.5, 0.7505553499465134], [0.5, 0.6062177826491071], [0.6125, 0.6711696879329399], [0.55, 0.7794228634059948]]",6,2,2,simple,72,1099,471,72,72,72,1.0,0.65,0.65,5,98.0,,0,0.0,#cc4823,0.8,0.28235295,0.13725491,48.98762361471768,50.2365425671959,48.406793226131896,48.9770668664886,50.39468173560998,48.40707838144892,37.97089769161329,56.87908196747742,0.22641758719097776,0.508516356888876,0.13583660522691482,43.937334259046,69.76337032815411
panel_03_up,panel_03_up__corner_3,panel_03_up,corner_3,panel_landmarks,panel_03_up__corner_3::gamut_006_y,6,gamut_006_y,y,0.0,0.0,1.0,0.5,0.8660254037844386,#ffdf00,1.0,0.8745098039215686,0.0,88.94096720886532,-5.949434572648293,88.5567575521992,"[[0.45, 0.7794228634059948], [0.5, 0.7505553499465135], [0.5499999999999999, 0.7794228634059948], [0.5, 0.8660254037844386]]",6,2,2,simple,44,578,231,44,44,44,1.0,0.65,0.65,3,98.0,,0,0.0,#df540e,0.8745098,0.32941177,0.05490196,54.093683478091734,51.809798601679276,61.06947351203236,54.06024531864973,51.391921133616734,61.08489698448653,45.0872255707458,72.84238453128914,0.4923231797357752,1.0794875428350315,0.411828547710123,49.68956813475063,80.08580290028559
panel_03_up,panel_03_up__corner_3,panel_03_up,corner_3,panel_landmarks,panel_03_up__corner_3::gamut_007_yycyy,7,gamut_007_yycyy,yycyy,0.2,0.0,0.8,0.4,0.6928203230275509,#d7da2c,0.8431372549019608,0.8549019607843137,0.17254901960784313,84.3667653359768,-19.647053313897157,76.98686095704784,"[[0.45, 0.7794228634059948], [0.38750000000000007, 0.6711696879329401], [0.5, 0.6062177826491071], [0.49999999999999994, 0.606217782649107], [0.5, 0.7505553499465134]]",6,2,2,simple,68,1094,475,68,68,68,1.0,0.65,0.65,5,98.0,,0,0.0,#954719,0.58431375,0.2784314,0.09803922,39.52667571486324,29.80508392671352,40.804692960935384,39.58665478381929,29.818738322368276,40.80309289883565,52.165004041612335,75.92955153161775,0.33581086711918545,0.4198429956764,0.16716423932658173,53.85438428218953,50.5308420226167
panel_03_up,panel_03_up__corner_3,panel_03_up,corner_3,panel_landmarks,panel_03_up__corner_3::gamut_008_ycyy,8,gamut_008_ycyy,ycyy,0.25,0.0,0.75,0.375,0.649519052838329,#cdd937,0.803921568627451,0.8509803921568627,0.21568627450980393,83.38010598564017,-22.911475895264044,72.6579380339764,"[[0.49999999999999994, 0.6062177826491072], [0.38750000000000007, 0.6711696879329401], [0.3541666666666665, 0.6134346610139771], [0.4999999999999999, 0.5292377467571566], [0.5, 0.529237746757157], [0.5, 0.606217782649107]]",6,2,2,simple,49,938,412,49,49,49,1.0,0.65,0.65,4,98.0,,0,0.0,#91491c,0.5686275,0.28627452,0.10980392,39.353314778992626,27.332251529920608,38.87404987089832,39.31526755642512,27.332081684585262,38.87592403653994,51.98023775746389,74.86081477612541,0.5156873598021995,0.8022300344594454,0.1724395033178007,54.889039006261044,47.520981966494936
panel_03_up,panel_03_up__corner_3,panel_03_up,corner_3,panel_landmarks,panel_03_up__corner_3::gamut_009_cyy,9,gamut_009_cyy,cyy,0.3333333333333333,0.0,0.6666666666666666,0.3333333333333333,0.5773502691896257,#bdd749,0.7411764705882353,0.8431372549019608,0.28627450980392155,81.78436408497542,-27.531586792779173,64.35620557265086,"[[0.5000000000000001, 0.5292377467571565], [0.3541666666666665, 0.6134346610139771], [0.31666666666666654, 0.5484827557301443], [0.4999999999999999, 0.44263520637871295], [0.49999999999999994, 0.4426352063787134], [0.49999999999999994, 0.529237746757157]]",6,2,2,simple,116,1293,591,118,116,118,1.0,0.65,0.65,4,98.0,1.567890194619207,2,0.01694915254237288,#874923,0.5294118,0.28627452,0.13725491,37.91186907734539,22.96462187748949,33.730592084020586,37.940737195457366,22.70911001945244,33.495683801013314,52.481402190511645,73.57031405275372,0.6623276495675594,1.0695303463848098,0.33435915379986936,55.75199719964428,40.80596402873802
panel_03_up,panel_03_up__corner_3,panel_03_up,corner_3,panel_landmarks,panel_03_up__corner_3::gamut_010_cycyy,10,gamut_010_cycyy,cycyy,0.4,0.0,0.6,0.3,0.5196152422706631,#b0d558,0.6901960784313725,0.8352941176470589,0.34509803921568627,80.47282173371678,-30.62907611862564,56.47710040787457,"[[0.49999999999999994, 0.44263520637871295], [0.3166666666666666, 0.5484827557301443], [0.27500000000000013, 0.47631397208144144], [0.5, 0.3464101615137757], [0.5, 0.34641016151377535], [0.5, 0.4426352063787127]]",6,2,2,simple,98,1854,791,98,98,98,1.0,0.65,0.65,5,98.0,,0,0.0,#814b28,0.5058824,0.29411766,0.15686275,37.5663831676279,19.568471310683954,30.48491358900842,37.56743560725053,19.71446580612413,30.359507815277656,51.764248966480835,70.96724606443586,0.6281721200820071,1.0070053105333894,0.279055099216998,57.30332131955066,36.22506074482652
panel_03_up,panel_03_up__corner_3,panel_03_up,corner_3,panel_landmarks,panel_03_up__corner_3::gamut_011_cy,11,gamut_011_cy,cy,0.5,0.0,0.5,0.25,0.4330127018922193,#9cd36e,0.611764705882353,0.8274509803921568,0.43137254901960786,78.9150462873468,-34.99013382693389,44.14872186254153,"[[0.4999999999999999, 0.3464101615137758], [0.2750000000000002, 0.47631397208144144], [0.22500000000000003, 0.3897114317029974], [0.45, 0.25980762113533157], [0.45, 0.25980762113533157], [0.5, 0.28867513459481287], [0.5, 0.34641016151377524]]",6,2,2,simple,130,2517,1079,131,130,131,1.0,0.65,0.65,6,98.0,1.3638412116695897,1,0.007633587786259542,#764c2f,0.4627451,0.29803923,0.18431373,36.30338016706433,14.649878640845298,23.83002473357677,36.41758641983831,14.569825120592979,24.161045739625795,51.56506063439237,68.50353553187092,0.8396739619583786,1.120579483701294,0.3054612538934585,58.418231248424604,27.973005254966367
panel_03_up,panel_03_up__corner_3,panel_03_up,corner_3,panel_landmarks,panel_03_up__corner_3::gamut_012_ccycy,12,gamut_012_ccycy,ccycy,0.6,0.0,0.4,0.2,0.34641016151377546,#88d184,0.5333333333333333,0.8196078431372549,0.5176470588235295,77.57843488375325,-37.888046728189686,31.195962138943845,"[[0.36666666666666653, 0.21169509870286277], [0.36666666666666714, 0.21169509870286302], [0.45, 0.25980762113533157], [0.225, 0.3897114317029973], [0.18333333333333335, 0.3175426480542941]]",6,2,2,simple,92,1823,789,92,92,92,1.0,0.65,0.65,5,98.0,,0,0.0,#684c3f,0.40784314,0.29803923,0.24705882,34.94587662035966,9.870340105493035,12.35826720408073,35.072249824330896,9.868122478247148,12.408630784781723,51.76553534927572,66.73273025657122,0.41214334952550685,0.6921821290963062,0.252478216043192,51.38622644922418,15.816143085011644
panel_03_up,panel_03_up__corner_3,panel_03_up,corner_3,panel_landmarks,panel_03_up__corner_3::gamut_013_ccy,13,gamut_013_ccy,ccy,0.6666666666666666,0.0,0.3333333333333333,0.16666666666666666,0.28867513459481287,#7bcf92,0.4823529411764706,0.8117647058823529,0.5725490196078431,76.6242576233587,-38.596781108295175,22.516384217852845,"[[0.29166666666666674, 0.16839382851364088], [0.29166666666666674, 0.16839382851364088], [0.3666666666666666, 0.21169509870286274], [0.18333333333333332, 0.3175426480542941], [0.14583333333333337, 0.2525907427704613]]",6,2,2,simple,92,1322,553,92,92,92,1.0,0.65,0.65,4,98.0,,0,0.0,#614e48,0.38039216,0.30588236,0.28235295,34.91986450965327,6.918678031620523,6.553357678433569,34.93750459961851,6.902727528985335,6.496262420242056,50.81164232633372,63.76308996588873,0.5581129566200453,0.9087702225810098,0.3641990600263054,43.44669457104453,9.529669593785119
panel_03_up,panel_03_up__corner_3,panel_03_up,corner_3,panel_landmarks,panel_03_up__corner_3::gamut_014_ccyc,14,gamut_014_ccyc,ccyc,0.75,0.0,0.25,0.125,0.21650635094610965,#6bcda5,0.4196078431372549,0.803921568627451,0.6470588235294118,75.7627364620849,-38.23104893684348,11.116976934990475,"[[0.22499999999999984, 0.12990381056766567], [0.2916666666666667, 0.16839382851364085], [0.14583333333333337, 0.2525907427704613], [0.11250000000000002, 0.1948557158514987], [0.22500000000000003, 0.12990381056766576]]",6,2,2,simple,46,928,409,46,46,30,0.6521739130434783,0.65,0.65,4,98.0,,0,0.0,#56535e,0.3372549,0.3254902,0.36862746,35.91520900576161,3.6357761836425806,-5.943893612061335,35.666578290983324,3.5955908007780484,-5.910193527200976,47.04692347436296,60.263834875280395,0.3511000937277684,1.0680421395680717,0.4699805060655215,301.45339924885195,6.967692568493973
panel_03_up,panel_03_up__corner_3,panel_03_up,corner_3,panel_landmarks,panel_03_up__corner_3::gamut_015_ccycc,15,gamut_015_ccycc,ccycc,0.8,0.0,0.2,0.1,0.17320508075688773,#61ccb0,0.3803921568627451,0.8,0.6901960784313725,75.36328019947463,-37.63795429928929,4.586277188762633,"[[0.22499999999999995, 0.12990381056766578], [0.11249999999999999, 0.19485571585149866], [0.04999999999999999, 0.08660254037844385], [0.1, 0.05773502691896256]]",6,2,2,simple,46,1083,462,46,46,46,1.0,0.65,0.65,5,98.0,,0,0.0,#4d546e,0.3019608,0.32941177,0.43137255,36.068767054124805,3.8381622401891526,-15.805590747983011,36.08427197915558,3.8194539236836267,-15.767853398324416,46.43185936334939,60.664283433303176,0.0,0.7099327597826866,0.29729665501908653,283.64926084200715,16.264937389204423
panel_03_up,panel_03_up__corner_3,panel_03_up,corner_3,panel_landmarks,panel_03_up__corner_3::gamut_016_c,16,gamut_016_c,c,1.0,0.0,0.0,0.0,0.0,#3ac8dc,0.22745098039215686,0.7843137254901961,0.8627450980392157,74.42655654335444,-30.326087604312878,-20.705156122725967,"[[0.1, 0.057735026918962574], [0.05, 0.08660254037844387], [0.0, 0.0], [0.10000000000000002, 0.0]]",6,2,2,simple,66,568,241,66,66,66,1.0,0.65,0.65,3,98.0,,0,0.0,#1664b9,0.08431373,0.39215687,0.7254902,42.4477425883055,10.179668282812916,-51.48425740755389,42.4500918829494,10.08836420488151,-51.331055044186144,37.32519549185068,60.08921598640437,0.18600334346379732,0.40921386501055346,0.14153464625714435,281.1844827726515,52.48099091247587
panel_03_up,panel_03_up__corner_3,panel_03_up,corner_3,panel_landmarks,panel_03_up__corner_3::gamut_017_ccmcc,17,gamut_017_ccmcc,ccmcc,0.8,0.2,0.0,0.2,0.0,#55a5ce,0.3333333333333333,0.6470588235294118,0.807843137254902,64.39915620027084,-12.522958683054753,-28.313954637547667,"[[0.22499999999999998, 0.12990381056766578], [0.22499999999999992, 0.12990381056766576], [0.1, 0.05773502691896257], [0.10000000000000002, 0.0], [0.22499999999999998, 0.0]]",6,2,2,simple,83,1074,457,83,83,83,1.0,0.65,0.65,5,98.0,,0,0.0,#3a53a5,0.22745098,0.3254902,0.64705884,37.484009735989055,17.67472603583012,-47.18671604484721,37.558000276041994,17.63835845893105,-47.16036897066248,30.91978681115145,44.637499870756294,0.3433012506322647,0.6653403093452109,0.23966473699201551,290.5344401073432,50.388313243635096
panel_03_up,panel_03_up__corner_3,panel_03_up,corner_3,panel_landmarks,panel_03_up__corner_3::gamut_018_ccmc,18,gamut_018_ccmc,ccmc,0.75,0.25,0.0,0.25,0.0,#5c9cca,0.3607843137254902,0.611764705882353,0.792156862745098,61.92440441812144,-7.364048329696504,-29.88546306665585,"[[0.29166666666666663, 0.16839382851364085], [0.29166666666666674, 0.16839382851364088], [0.22499999999999992, 0.12990381056766573], [0.22499999999999995, 0.12990381056766576], [0.22499999999999998, 0.0], [0.29166666666666674, 0.0]]",6,2,2,simple,66,935,410,66,66,66,1.0,0.65,0.65,5,98.0,,0,0.0,#444f9e,0.26666668,0.30980393,0.61960787,36.534346746843966,19.870859114172106,-44.489806605965974,36.4062149398393,19.905548906753527,-44.44007349661515,28.893981263199418,39.99602558056332,0.30907224252179266,0.4227651636549714,0.1526980125689204,294.06737640557844,48.72570095721077
panel_03_up,panel_03_up__corner_3,panel_03_up,corner_3,panel_landmarks,panel_03_up__corner_3::gamut_019_ccm,19,gamut_019_ccm,ccm,0.6666666666666666,0.3333333333333333,0.0,0.3333333333333333,0.0,#678dc4,0.403921568627451,0.5529411764705883,0.7686274509803922,57.95834963869487,1.909786468417607,-32.625876079859225,"[[0.3666666666666667, 0.2116950987028628], [0.36666666666666675, 0.2116950987028628], [0.29166666666666674, 0.16839382851364085], [0.2916666666666667, 0.16839382851364082], [0.2916666666666667, 0.0], [0.3666666666666667, 0.0]]",6,2,2,simple,82,1367,608,82,82,82,1.0,0.65,0.65,6,98.0,,0,0.0,#4f4993,0.30980393,0.28627452,0.5764706,34.9588964405311,22.80601786892722,-40.14124924256428,34.96918993387668,22.803892448039132,-40.07814980766305,25.05201697297182,31.9704264584143,0.4608458614683842,0.637798633653234,0.16117132702633666,299.6028212883945,46.16745977191614
panel_03_up,panel_03_up__corner_3,panel_03_up,corner_3,panel_landmarks,panel_03_up__corner_3::gamut_020_ccmcm,20,gamut_020_ccmcm,ccmcm,0.6,0.4,0.0,0.4,0.0,#7082c0,0.4392156862745098,0.5098039215686274,0.7529411764705882,55.29267420281303,9.505154374171154,-34.4733226879592,"[[0.44999999999999996, 0.25980762113533157], [0.4500000000000001, 0.2598076211353316], [0.3666666666666665, 0.21169509870286266], [0.36666666666666675, 0.21169509870286288], [0.3666666666666667, 0.0], [0.44999999999999996, 0.0]]",6,2,2,simple,93,1821,802,93,93,93,1.0,0.65,0.65,7,98.0,,0,0.0,#584890,0.34509805,0.28235295,0.5647059,35.44493270106125,24.651605721891013,-37.66892162979513,35.39390907637949,24.710736555953304,-37.68462027487255,20.87140399043533,25.170611509184035,0.34124473694311824,0.6725687652404952,0.24698438451297858,303.2018680805908,45.01832206356893
panel_03_up,panel_03_up__corner_3,panel_03_up,corner_3,panel_landmarks,panel_03_up__corner_3::gamut_021_cm,21,gamut_021_cm,cm,0.5,0.5,0.0,0.5,0.0,#7e70b9,0.49411764705882355,0.4392156862745098,0.7254901960784313,51.29732537689088,22.192773865570615,-36.6472398512226,"[[0.55, 0.2598076211353316], [0.5, 0.2886751345948129], [0.4500000000000002, 0.25980762113533173], [0.44999999999999996, 0.25980762113533157], [0.44999999999999996, 0.0], [0.55, 0.0]]",6,2,2,simple,142,2522,1077,144,142,144,1.0,0.65,0.65,8,98.0,0.7350469645232691,2,0.013888888888888888,#63458c,0.3882353,0.27058825,0.54901963,35.65421908165402,28.66797709334945,-35.268508560126776,35.59661276119149,28.657377751404663,-34.921934923447424,15.104077675970691,16.986345439150924,0.3800921604799947,0.6093185111075305,0.19887716645765433,309.1059066812581,45.450199192968824
panel_03_up,panel_03_up__corner_3,panel_03_up,corner_3,panel_landmarks,panel_03_up__corner_3::gamut_022_cmcmm,22,gamut_022_cmcmm,cmcmm,0.4,0.6,0.0,0.6,0.0,#8c5fb2,0.5490196078431373,0.37254901960784315,0.6980392156862745,48.227853537804535,34.47023920646486,-37.32564454758596,"[[0.6333333333333334, 0.2116950987028627], [0.6333333333333331, 0.211695098702863], [0.5500000000000002, 0.25980762113533157], [0.55, 0.2598076211353316], [0.55, 0.0], [0.6333333333333334, 0.0]]",6,2,2,simple,85,1863,799,85,85,85,1.0,0.65,0.65,7,98.0,,0,0.0,#714489,0.44313726,0.26666668,0.5372549,36.71599824407839,32.42209655466088,-31.00721285530932,36.66951201260856,32.27740805049085,-31.064526721991403,10.84873885818768,13.290608702230125,0.23538228283772414,0.5533324859088744,0.18225933227925517,316.27785441043716,44.862451939837314
panel_03_up,panel_03_up__corner_3,panel_03_up,corner_3,panel_landmarks,panel_03_up__corner_3::gamut_023_cmm,23,gamut_023_cmm,cmm,0.3333333333333333,0.6666666666666666,0.0,0.6666666666666666,0.0,#9553ad,0.5843137254901961,0.3254901960784314,0.6784313725490196,46.43717552780805,42.58465688514468,-37.152504170448154,"[[0.7083333333333331, 0.168393828513641], [0.7083333333333331, 0.168393828513641], [0.6333333333333333, 0.2116950987028628], [0.6333333333333334, 0.0], [0.7083333333333333, 0.0]]",6,2,2,simple,87,1320,597,87,87,87,1.0,0.65,0.65,6,98.0,,0,0.0,#764185,0.4627451,0.25490198,0.52156866,36.60468347762481,34.74007310401009,-28.877326368284695,36.7096529777304,34.63213942814067,-28.738406146682337,9.522956650304412,15.056359529234662,0.2414797195876391,0.40014665074602146,0.17498125706335654,320.2652972916346,45.17491181455029
panel_03_up,panel_03_up__corner_3,panel_03_up,corner_3,panel_landmarks,panel_03_up__corner_3::gamut_024_mcmm,24,gamut_024_mcmm,mcmm,0.25,0.75,0.0,0.75,0.0,#a044a7,0.6274509803921569,0.26666666666666666,0.6549019607843137,44.800029665938034,51.92297921655648,-36.09631750039897,"[[0.7750000000000006, 0.12990381056766542], [0.7750000000000004, 0.12990381056766562], [0.7083333333333331, 0.16839382851364093], [0.7083333333333331, 0.0], [0.7750000000000006, 0.0]]",6,2,2,simple,69,960,423,69,69,69,1.0,0.65,0.65,5,98.0,,0,0.0,#823f84,0.50980395,0.24705882,0.5176471,37.7842119768365,39.25858371255889,-26.29579397766412,37.83585681895114,39.267807405076894,-26.284546750341566,7.800596287926738,17.483102489205496,0.24256913496447274,0.33435757493313895,0.15557568706048047,326.1854268290952,47.251509775156926
panel_03_up,panel_03_up__corner_3,panel_03_up,corner_3,panel_landmarks,panel_03_up__corner_3::gamut_025_mmcmm,25,gamut_025_mmcmm,mmcmm,0.2,0.8,0.0,0.8,0.0,#a73ca4,0.6549019607843137,0.23529411764705882,0.6431372549019608,44.4176754796398,56.71421828170675,-34.84717030635769,"[[0.7750000000000006, 0.12990381056766537], [0.7750000000000006, 0.0], [0.8999999999999999, 0.0], [0.8999999999999999, 0.05773502691896263]]",6,2,2,simple,40,1065,477,40,40,40,1.0,0.65,0.65,6,98.0,,0,0.0,#8c4184,0.54901963,0.25490198,0.5176471,39.61929751758447,41.25626528120149,-23.326944688764474,39.57603656470547,41.32138322935508,-23.363974462029493,6.991159430072944,19.866764716803253,0.0,0.33642494368061887,0.1405257599300935,330.5154956942412,47.39436436397843
panel_03_up,panel_03_up__corner_3,panel_03_up,corner_3,panel_landmarks,panel_03_up__corner_3::gamut_026_m,26,gamut_026_m,m,0.0,1.0,0.0,1.0,0.0,#c31996,0.7647058823529411,0.09803921568627451,0.5882352941176471,44.94517938493525,71.41561872915153,-25.286338363609783,"[[0.8999999999999999, 0.05773502691896262], [0.8999999999999999, 0.0], [1.0, 0.0], [0.95, 0.08660254037844395]]",6,2,2,simple,65,549,238,65,65,65,1.0,0.65,0.65,3,98.0,,0,0.0,#bc397f,0.7372549,0.22352941,0.49803922,45.842864529346585,58.15371311051953,-10.069023197715921,45.86082106105511,58.20074023007224,-10.049042376332087,6.242721721383361,20.205213686426163,0.22676665605338536,0.33151487735882434,0.1685339386519407,350.17691372386435,59.01897641180125
panel_03_up,panel_03_up__corner_3,panel_03_up,corner_3,panel_landmarks,panel_03_up__corner_3::gamut_027_mmymm,27,gamut_027_mmymm,mmymm,0.0,0.8,0.2,0.9,0.17320508075688773,#cf4078,0.8117647058823529,0.25098039215686274,0.47058823529411764,49.84848124885772,60.188269024954224,0.4786347756794429,"[[0.7750000000000004, 0.12990381056766553], [0.7750000000000004, 0.1299038105676656], [0.8999999999999999, 0.05773502691896262], [0.95, 0.08660254037844393], [0.8875000000000002, 0.19485571585149836]]",6,2,2,simple,89,1100,454,89,89,89,1.0,0.65,0.65,4,98.0,,0,0.0,#c84565,0.78431374,0.27058825,0.39607844,48.85773609508807,54.31271884020228,10.416807040001896,48.744812108774944,54.34377848689503,10.477052706673406,5.348656839478357,11.587533555015268,0.3481250598124662,0.6950829069163766,0.2435478100692405,10.857094237572085,55.30263372320975
panel_03_up,panel_03_up__corner_3,panel_03_up,corner_3,panel_landmarks,panel_03_up__corner_3::gamut_028_mmym,28,gamut_028_mmym,mmym,0.0,0.75,0.25,0.875,0.21650635094610965,#d24a70,0.8235294117647058,0.2901960784313726,0.4392156862745098,51.57960032045129,56.37809473471766,7.85956369537153,"[[0.7083333333333333, 0.16839382851364088], [0.708333333333333, 0.1683938285136411], [0.7750000000000006, 0.12990381056766553], [0.7750000000000005, 0.12990381056766556], [0.8875000000000002, 0.19485571585149838], [0.8541666666666666, 0.2525907427704614]]",6,2,2,simple,40,923,386,40,40,40,1.0,0.65,0.65,4,98.0,,0,0.0,#c9485e,0.7882353,0.28235295,0.36862746,49.352822668276616,52.84289436295647,14.861263559961191,49.395716996730606,52.815290899747765,15.113288042824731,4.552629940408331,8.1535257020825,0.3632823227345133,0.6426901977654401,0.1957830043010785,15.707833514867843,54.89288332063827
panel_03_up,panel_03_up__corner_3,panel_03_up,corner_3,panel_landmarks,panel_03_up__corner_3::gamut_029_mmy,29,gamut_029_mmy,mmy,0.0,0.6666666666666666,0.3333333333333333,0.8333333333333333,0.28867513459481287,#d75b64,0.8431372549019608,0.3568627450980392,0.39215686274509803,54.92109472478978,49.47976671792647,19.744343642877826,"[[0.6333333333333329, 0.21169509870286304], [0.6333333333333332, 0.2116950987028628], [0.708333333333333, 0.16839382851364093], [0.7083333333333333, 0.16839382851364088], [0.8541666666666666, 0.25259074277046145], [0.8166666666666667, 0.3175426480542943]]",6,2,2,simple,103,1304,557,104,103,104,1.0,0.65,0.65,4,98.0,1.3830325646060506,1,0.009615384615384616,#ca4853,0.7921569,0.28235295,0.3254902,49.29555470639232,52.31751192336787,21.543776246012925,49.317041231130545,52.39769721508945,22.036561666935455,5.642153388052097,6.552667856897864,0.6623269752407603,1.1865680686760518,0.3610655609689987,22.381325508254236,56.57964606455231
panel_03_up,panel_03_up__corner_3,panel_03_up,corner_3,panel_landmarks,panel_03_up__corner_3::gamut_030_mmymy,30,gamut_030_mmymy,mmymy,0.0,0.6,0.4,0.8,0.34641016151377546,#db685a,0.8588235294117647,0.40784313725490196,0.35294117647058826,57.754183854481255,43.898425701771274,29.352331819167688,"[[0.5500000000000003, 0.2598076211353315], [0.5500000000000003, 0.2598076211353315], [0.6333333333333333, 0.21169509870286285], [0.6333333333333329, 0.21169509870286302], [0.8166666666666665, 0.3175426480542942], [0.775, 0.38971143170299727]]",6,2,2,simple,113,1841,786,113,113,113,1.0,0.65,0.65,5,98.0,1.1372399217422873,0,0.0,#ca4546,0.7921569,0.27058825,0.27450982,48.71287075392779,52.693222909824144,28.80950887174556,48.61862824385935,52.743939258590764,28.810395197131385,9.512017047531808,12.624914148827402,0.6461905472975749,0.898168731124378,0.2495433605322393,28.667205498385613,60.054671275893284
panel_03_up,panel_03_up__center,panel_03_up,center,panel_landmarks,panel_03_up__center::gamut_001_my,1,gamut_001_my,my,0.0,0.5,0.5,0.75,0.4330127018922193,#e17c4b,0.8823529411764706,0.48627450980392156,0.29411764705882354,62.45289702748056,35.06929839281481,43.41945673452145,"[[0.5, 0.34641016151377513], [0.5, 0.34641016151377513], [0.5, 0.28867513459481287], [0.55, 0.2598076211353315], [0.5500000000000003, 0.25980762113533146], [0.7750000000000001, 0.38971143170299727], [0.7250000000000001, 0.47631397208144116]]",6,2,2,simple,161,2733,1164,164,161,164,1.0,0.65,0.65,8,98.0,0.8151408106306844,3,0.018292682926829267,#62448b,0.38431373,0.26666668,0.54509807,35.25068452513258,28.72446918610069,-34.95248784063728,35.27159381807067,28.576300236789443,-34.83084905902536,47.58316520413356,83.20083484663492,0.32486657402019087,0.5277749307957355,0.15057438627589198,309.41386911403896,45.24125922510496
panel_03_up,panel_03_up__center,panel_03_up,center,panel_landmarks,panel_03_up__center::gamut_002_mymyy,2,gamut_002_mymyy,mymyy,0.0,0.4,0.6,0.7,0.5196152422706631,#e78f3c,0.9058823529411765,0.5607843137254902,0.23529411764705882,67.25038043422728,26.766151588117626,56.050858524577286,"[[0.49999999999999994, 0.44263520637871284], [0.49999999999999994, 0.44263520637871284], [0.49999999999999994, 0.3464101615137752], [0.7250000000000001, 0.47631397208144116], [0.6833333333333335, 0.5484827557301443]]",6,2,2,simple,101,1964,883,102,101,102,1.0,0.65,0.65,7,98.0,0.43653082400115933,1,0.00980392156862745,#57468e,0.34117648,0.27450982,0.5568628,34.72018890117196,25.054136716630232,-37.609406512203094,34.76410044962246,25.11532050330937,-37.69601277343005,56.41422886636154,99.16344892578819,0.0,0.35601687957881367,0.1644475001922479,303.67023374611773,45.190455018905745
panel_03_up,panel_03_up__center,panel_03_up,center,panel_landmarks,panel_03_up__center::gamut_003_myy,3,gamut_003_myy,myy,0.0,0.3333333333333333,0.6666666666666666,0.6666666666666666,0.5773502691896257,#eb9d32,0.9215686274509803,0.615686274509804,0.19607843137254902,70.87834005274337,20.623964460334378,63.79337035503971,"[[0.5, 0.5292377467571571], [0.4999999999999999, 0.5292377467571567], [0.49999999999999994, 0.4426352063787129], [0.6833333333333335, 0.5484827557301444], [0.6458333333333334, 0.6134346610139774]]",6,2,2,simple,82,1465,641,82,82,82,1.0,0.65,0.65,6,98.0,,0,0.0,#4f4691,0.30980393,0.27450982,0.5686275,34.32494675188046,23.589759868793998,-40.47851592982204,34.317507384812274,23.808398781574958,-40.43137475332526,61.988111029243825,110.5331297558137,0.45958161822731247,0.7197834190407725,0.2311761102908058,300.2324497459745,46.85068860271127
panel_03_up,panel_03_up__center,panel_03_up,center,panel_landmarks,panel_03_up__center::gamut_004_ymyy,4,gamut_004_ymyy,ymyy,0.0,0.25,0.75,0.625,0.649519052838329,#f0ad25,0.9411764705882353,0.6784313725490196,0.1450980392156863,75.17069205620427,13.897348872566884,71.97054159381838,"[[0.5, 0.6062177826491071], [0.5, 0.6062177826491071], [0.5, 0.529237746757157], [0.6458333333333334, 0.6134346610139774], [0.6125, 0.6711696879329399]]",6,2,2,simple,75,1025,445,75,75,75,1.0,0.65,0.65,5,98.0,,0,0.0,#454b98,0.27058825,0.29411766,0.59607846,35.06525901450165,20.674121278212777,-43.24177844659622,35.033505327749786,20.60259388107396,-43.22969340695748,66.35951013149199,122.18121415665885,0.26963131887757574,0.5097081853967684,0.14767779851733673,295.5527081820495,47.929851802929285
panel_03_up,panel_03_up__center,panel_03_up,center,panel_landmarks,panel_03_up__center::gamut_005_yymyy,5,gamut_005_yymyy,yymyy,0.0,0.2,0.8,0.6000000000000001,0.6928203230275509,#f3b71e,0.9529411764705882,0.7176470588235294,0.11764705882352941,77.88658998186094,9.774007373456461,76.02676705068747,"[[0.5, 0.7505553499465134], [0.5, 0.6062177826491071], [0.6125, 0.6711696879329399], [0.55, 0.7794228634059948]]",6,2,2,simple,57,1202,515,57,57,57,1.0,0.65,0.65,6,98.0,,0,0.0,#3d4c9c,0.23921569,0.29803923,0.6117647,35.12384000866704,19.828449878128012,-45.733399958173926,35.08484013636023,19.620377083045483,-45.64083279957794,69.17013601119677,129.44219895140634,0.33555175231293954,0.6143278989365273,0.1725695274390177,293.4399179160313,49.846878501103134
panel_03_up,panel_03_up__center,panel_03_up,center,panel_landmarks,panel_03_up__center::gamut_006_y,6,gamut_006_y,y,0.0,0.0,1.0,0.5,0.8660254037844386,#ffdf00,1.0,0.8745098039215686,0.0,88.94096720886532,-5.949434572648293,88.5567575521992,"[[0.45, 0.7794228634059948], [0.5, 0.7505553499465135], [0.5499999999999999, 0.7794228634059948], [0.5, 0.8660254037844386]]",6,2,2,simple,43,590,269,43,43,43,1.0,0.65,0.65,4,98.0,,0,0.0,#1663b8,0.08627451,0.3882353,0.72156864,42.164831107142895,9.744587068709565,-50.61342432573448,42.2262847393479,9.993512625839706,-50.98245978314818,71.63706327802583,147.6572001218478,0.28027823527395235,0.5254218657504309,0.13833420417765893,280.89779264873374,51.54295004281878
panel_03_up,panel_03_up__center,panel_03_up,center,panel_landmarks,panel_03_up__center::gamut_007_yycyy,7,gamut_007_yycyy,yycyy,0.2,0.0,0.8,0.4,0.6928203230275509,#d7da2c,0.8431372549019608,0.8549019607843137,0.17254901960784313,84.3667653359768,-19.647053313897157,76.98686095704784,"[[0.45, 0.7794228634059948], [0.38750000000000007, 0.6711696879329401], [0.5, 0.6062177826491071], [0.49999999999999994, 0.606217782649107], [0.5, 0.7505553499465134]]",6,2,2,simple,61,1150,509,61,61,61,1.0,0.65,0.65,5,98.0,,0,0.0,#207675,0.1254902,0.4627451,0.45882353,45.007521904716455,-24.710772337733612,-6.756934462430886,44.96766271833131,-24.62145063623171,-6.815951180265263,47.62713023649335,92.67046220394651,0.3661897004908869,0.5704549524596861,0.24775377931129813,195.2931659940747,25.61793186143032
panel_03_up,panel_03_up__center,panel_03_up,center,panel_landmarks,panel_03_up__center::gamut_008_ycyy,8,gamut_008_ycyy,ycyy,0.25,0.0,0.75,0.375,0.649519052838329,#cdd937,0.803921568627451,0.8509803921568627,0.21568627450980393,83.38010598564017,-22.911475895264044,72.6579380339764,"[[0.49999999999999994, 0.6062177826491072], [0.38750000000000007, 0.6711696879329401], [0.3541666666666665, 0.6134346610139771], [0.4999999999999999, 0.5292377467571566], [0.5, 0.529237746757157], [0.5, 0.606217782649107]]",6,2,2,simple,82,1002,465,82,82,82,1.0,0.65,0.65,4,98.0,,0,0.0,#227b6b,0.13333334,0.48235294,0.41960785,46.42335969629085,-29.69802272239508,1.2892439781319265,46.40286896934418,-29.828705995594785,1.198831493154955,42.3157309306384,80.65574254427831,0.3722831122768447,0.788796864417157,0.2889655555552828,177.51424907296143,29.725993737048455
panel_03_up,panel_03_up__center,panel_03_up,center,panel_landmarks,panel_03_up__center::gamut_009_cyy,9,gamut_009_cyy,cyy,0.3333333333333333,0.0,0.6666666666666666,0.3333333333333333,0.5773502691896257,#bdd749,0.7411764705882353,0.8431372549019608,0.28627450980392155,81.78436408497542,-27.531586792779173,64.35620557265086,"[[0.5000000000000001, 0.5292377467571565], [0.3541666666666665, 0.6134346610139771], [0.31666666666666654, 0.5484827557301443], [0.4999999999999999, 0.44263520637871295], [0.49999999999999994, 0.4426352063787134], [0.49999999999999994, 0.529237746757157]]",6,2,2,simple,70,1437,638,70,70,70,1.0,0.65,0.65,5,98.0,,0,0.0,#27815c,0.15294118,0.5058824,0.35882354,48.138073907578104,-35.885602093234134,13.046850616533838,48.217468528779,-35.85227910095575,13.000342321187524,35.17223862745985,61.923439183839506,0.3548781332181795,0.7585079666282168,0.26691180267218906,160.0203614605017,38.183723608418276
panel_03_up,panel_03_up__center,panel_03_up,center,panel_landmarks,panel_03_up__center::gamut_010_cycyy,10,gamut_010_cycyy,cycyy,0.4,0.0,0.6,0.3,0.5196152422706631,#b0d558,0.6901960784313725,0.8352941176470589,0.34509803921568627,80.47282173371678,-30.62907611862564,56.47710040787457,"[[0.49999999999999994, 0.44263520637871295], [0.3166666666666666, 0.5484827557301443], [0.27500000000000013, 0.47631397208144144], [0.5, 0.3464101615137757], [0.5, 0.34641016151377535], [0.5, 0.4426352063787127]]",6,2,2,simple,117,1935,819,120,117,120,1.0,0.65,0.65,5,98.0,0.7957113983808298,3,0.025,#2d8653,0.1764706,0.5254902,0.3254902,49.767379531249205,-38.82384659995189,19.90109329773768,49.84284795700422,-38.750804673124776,19.914331064700207,29.954376965562016,48.45392388869531,0.3840262074943407,0.7388887075919159,0.21225910518377894,152.86033507974435,43.62733752203835
panel_03_up,panel_03_up__center,panel_03_up,center,panel_landmarks,panel_03_up__center::gamut_011_cy,11,gamut_011_cy,cy,0.5,0.0,0.5,0.25,0.4330127018922193,#9cd36e,0.611764705882353,0.8274509803921568,0.43137254901960786,78.9150462873468,-34.99013382693389,44.14872186254153,"[[0.4999999999999999, 0.3464101615137758], [0.2750000000000002, 0.47631397208144144], [0.22500000000000003, 0.3897114317029974], [0.45, 0.25980762113533157], [0.45, 0.25980762113533157], [0.5, 0.28867513459481287], [0.5, 0.34641016151377524]]",6,2,2,simple,70,2734,1152,70,70,70,1.0,0.65,0.65,7,98.0,,0,0.0,#328c44,0.19607843,0.54901963,0.26666668,51.72510355460841,-42.69114846824851,30.64350404742946,51.8823825592764,-42.7150116826041,30.78559338911115,23.428075830680733,31.320752234723795,0.39198583095825973,1.1186832471038088,0.327178316394259,144.3293940716407,52.55053280265446
panel_03_up,panel_03_up__center,panel_03_up,center,panel_landmarks,panel_03_up__center::gamut_012_ccycy,12,gamut_012_ccycy,ccycy,0.6,0.0,0.4,0.2,0.34641016151377546,#88d184,0.5333333333333333,0.8196078431372549,0.5176470588235295,77.57843488375325,-37.888046728189686,31.195962138943845,"[[0.36666666666666653, 0.21169509870286277], [0.36666666666666714, 0.21169509870286302], [0.45, 0.25980762113533157], [0.225, 0.3897114317029973], [0.18333333333333335, 0.3175426480542941]]",6,2,2,simple,40,1958,836,40,40,40,1.0,0.65,0.65,6,98.0,,0,0.0,#3f9138,0.24705882,0.5686275,0.21960784,53.60742541547383,-43.068583040720725,38.65534732288731,53.548145118262696,-42.96383568482117,38.76974869608144,19.769952864383022,25.633760526622495,0.5020809243902685,0.7313808706719677,0.23395871397392565,138.09107030210146,57.87174372514196
panel_03_up,panel_03_up__center,panel_03_up,center,panel_landmarks,panel_03_up__center::gamut_013_ccy,13,gamut_013_ccy,ccy,0.6666666666666666,0.0,0.3333333333333333,0.16666666666666666,0.28867513459481287,#7bcf92,0.4823529411764706,0.8117647058823529,0.5725490196078431,76.6242576233587,-38.596781108295175,22.516384217852845,"[[0.29166666666666674, 0.16839382851364088], [0.29166666666666674, 0.16839382851364088], [0.3666666666666666, 0.21169509870286274], [0.18333333333333332, 0.3175426480542941], [0.14583333333333337, 0.2525907427704613]]",6,2,2,simple,65,1430,624,65,65,65,1.0,0.65,0.65,5,98.0,,0,0.0,#4b9632,0.29411766,0.5882353,0.19607843,55.58142489137005,-42.17976043214772,44.10757655293162,55.53141870510673,-42.12505574615418,44.11605978595369,19.05077351496884,30.361458078820462,0.2936379332937851,0.40301591824107474,0.11474820080239058,133.7201209527052,61.029587082710115
panel_03_up,panel_03_up__center,panel_03_up,center,panel_landmarks,panel_03_up__center::gamut_014_ccyc,14,gamut_014_ccyc,ccyc,0.75,0.0,0.25,0.125,0.21650635094610965,#6bcda5,0.4196078431372549,0.803921568627451,0.6470588235294118,75.7627364620849,-38.23104893684348,11.116976934990475,"[[0.22499999999999984, 0.12990381056766567], [0.2916666666666667, 0.16839382851364085], [0.14583333333333337, 0.2525907427704613], [0.11250000000000002, 0.1948557158514987], [0.22500000000000003, 0.12990381056766576]]",6,2,2,simple,69,1018,439,69,69,69,1.0,0.65,0.65,4,98.0,,0,0.0,#619e25,0.38039216,0.61960787,0.14509805,59.09837376504697,-39.44820407026084,53.090462607233135,59.23516522309316,-39.602991339486586,52.94696684735469,21.890300125393093,45.176940469615616,0.3518884935703597,0.6112762911276618,0.1897012679891492,126.61373287710774,66.14195358635065
panel_03_up,panel_03_up__center,panel_03_up,center,panel_landmarks,panel_03_up__center::gamut_015_ccycc,15,gamut_015_ccycc,ccycc,0.8,0.0,0.2,0.1,0.17320508075688773,#61ccb0,0.3803921568627451,0.8,0.6901960784313725,75.36328019947463,-37.63795429928929,4.586277188762633,"[[0.22499999999999995, 0.12990381056766578], [0.11249999999999999, 0.19485571585149866], [0.04999999999999999, 0.08660254037844385], [0.1, 0.05773502691896256]]",6,2,2,simple,44,1175,527,44,44,44,1.0,0.65,0.65,6,98.0,,0,0.0,#6da21c,0.42745098,0.63529414,0.10980392,60.935828523868736,-37.044328442841,57.805955097588665,60.82467219036669,-36.99120277203145,57.77207564640153,25.26036747221753,55.143792671782855,0.32072479075779314,0.4182737604165749,0.1950750519645057,122.65334541248518,68.6571971065344
panel_03_up,panel_03_up__center,panel_03_up,center,panel_landmarks,panel_03_up__center::gamut_016_c,16,gamut_016_c,c,1.0,0.0,0.0,0.0,0.0,#3ac8dc,0.22745098039215686,0.7843137254901961,0.8627450980392157,74.42655654335444,-30.326087604312878,-20.705156122725967,"[[0.1, 0.057735026918962574], [0.05, 0.08660254037844387], [0.0, 0.0], [0.10000000000000002, 0.0]]",6,2,2,simple,53,594,251,53,53,53,1.0,0.65,0.65,3,98.0,,0,0.0,#d6c40a,0.8392157,0.76862746,0.039215688,78.34506842115354,-9.794968616130827,78.31428479090381,78.3851162834188,-9.76722314287405,78.32965923054672,44.50205218205972,101.20143902678045,0.253140788726716,0.3151219869681465,0.1427469641458721,97.12911011815453,78.92444876273623
panel_03_up,panel_03_up__center,panel_03_up,center,panel_landmarks,panel_03_up__center::gamut_017_ccmcc,17,gamut_017_ccmcc,ccmcc,0.8,0.2,0.0,0.2,0.0,#55a5ce,0.3333333333333333,0.6470588235294118,0.807843137254902,64.39915620027084,-12.522958683054753,-28.313954637547667,"[[0.22499999999999998, 0.12990381056766578], [0.22499999999999992, 0.12990381056766576], [0.1, 0.05773502691896257], [0.10000000000000002, 0.0], [0.22499999999999998, 0.0]]",6,2,2,simple,41,1191,520,41,41,41,1.0,0.65,0.65,6,98.0,,0,0.0,#c5832b,0.77254903,0.5137255,0.16862746,60.14109702063445,18.11537198073537,54.831668728898464,59.939342895686146,18.147947028568687,54.69164856563513,46.626693197060526,88.7132067892709,0.32806787894861006,1.0486678545068124,0.4327402271706997,71.71739772016389,57.74667607400511
panel_03_up,panel_03_up__center,panel_03_up,center,panel_landmarks,panel_03_up__center::gamut_018_ccmc,18,gamut_018_ccmc,ccmc,0.75,0.25,0.0,0.25,0.0,#5c9cca,0.3607843137254902,0.611764705882353,0.792156862745098,61.92440441812144,-7.364048329696504,-29.88546306665585,"[[0.29166666666666663, 0.16839382851364085], [0.29166666666666674, 0.16839382851364088], [0.22499999999999992, 0.12990381056766573], [0.22499999999999995, 0.12990381056766576], [0.22499999999999998, 0.0], [0.29166666666666674, 0.0]]",6,2,2,simple,64,1006,439,64,64,64,1.0,0.65,0.65,4,98.0,,0,0.0,#c87c33,0.78431374,0.4862745,0.2,58.89982067289034,23.477658382413445,50.343811298502175,58.820453476577036,23.30287781142793,50.38688562941182,43.69560531002293,86.00636862993069,0.3341982370004091,0.4625922832673358,0.15206838928327632,64.99817373187602,55.54907541247202
panel_03_up,panel_03_up__center,panel_03_up,center,panel_landmarks,panel_03_up__center::gamut_019_ccm,19,gamut_019_ccm,ccm,0.6666666666666666,0.3333333333333333,0.0,0.3333333333333333,0.0,#678dc4,0.403921568627451,0.5529411764705883,0.7686274509803922,57.95834963869487,1.909786468417607,-32.625876079859225,"[[0.3666666666666667, 0.2116950987028628], [0.36666666666666675, 0.2116950987028628], [0.29166666666666674, 0.16839382851364085], [0.2916666666666667, 0.16839382851364082], [0.2916666666666667, 0.0], [0.3666666666666667, 0.0]]",6,2,2,simple,46,1467,612,46,46,46,1.0,0.65,0.65,5,98.0,,0,0.0,#c56e3d,0.77254903,0.43137255,0.23921569,55.59247906963827,30.270323568819148,41.8808963419001,55.513608340808155,30.29375391586797,41.93396439027456,41.05921482385437,79.75698430156832,0.4741534358775939,0.6353873459717259,0.15380971359781095,54.14166471332851,51.674964609199186
panel_03_up,panel_03_up__center,panel_03_up,center,panel_landmarks,panel_03_up__center::gamut_020_ccmcm,20,gamut_020_ccmcm,ccmcm,0.6,0.4,0.0,0.4,0.0,#7082c0,0.4392156862745098,0.5098039215686274,0.7529411764705882,55.29267420281303,9.505154374171154,-34.4733226879592,"[[0.44999999999999996, 0.25980762113533157], [0.4500000000000001, 0.2598076211353316], [0.3666666666666665, 0.21169509870286266], [0.36666666666666675, 0.21169509870286288], [0.3666666666666667, 0.0], [0.44999999999999996, 0.0]]",6,2,2,simple,121,1912,839,122,121,122,1.0,0.65,0.65,5,98.0,0.7337391065904546,1,0.00819672131147541,#c46844,0.76862746,0.40784314,0.26666668,54.08739366654278,33.4552721495352,36.79988959548118,54.274404476189915,33.476843730743035,36.871901056435654,38.64577854284757,75.19927946347144,0.3402407250396079,0.6913452946532949,0.21292981337628078,47.725605971681205,49.734164402743005
panel_03_up,panel_03_up__center,panel_03_up,center,panel_landmarks,panel_03_up__center::gamut_021_cm,21,gamut_021_cm,cm,0.5,0.5,0.0,0.5,0.0,#7e70b9,0.49411764705882355,0.4392156862745098,0.7254901960784313,51.29732537689088,22.192773865570615,-36.6472398512226,"[[0.55, 0.2598076211353316], [0.5, 0.2886751345948129], [0.4500000000000002, 0.25980762113533173], [0.44999999999999996, 0.25980762113533157], [0.44999999999999996, 0.0], [0.55, 0.0]]",6,2,2,simple,154,2760,1150,157,154,157,1.0,0.65,0.65,6,98.0,0.8177760290205651,3,0.01910828025477707,#c2604a,0.7607843,0.3764706,0.2901961,52.196340388227284,37.43382807987222,30.378585853884932,52.13742589244206,37.67481934831951,30.498014383280676,34.679898840123585,68.74270341647427,0.4729900257122048,0.6806656156859108,0.19639650590195165,39.06028427023068,48.20943852810658
panel_03_up,panel_03_up__center,panel_03_up,center,panel_landmarks,panel_03_up__center::gamut_022_cmcmm,22,gamut_022_cmcmm,cmcmm,0.4,0.6,0.0,0.6,0.0,#8c5fb2,0.5490196078431373,0.37254901960784315,0.6980392156862745,48.227853537804535,34.47023920646486,-37.32564454758596,"[[0.6333333333333334, 0.2116950987028627], [0.6333333333333331, 0.211695098702863], [0.5500000000000002, 0.25980762113533157], [0.55, 0.2598076211353316], [0.55, 0.0], [0.6333333333333334, 0.0]]",6,2,2,simple,97,1904,815,97,97,97,1.0,0.65,0.65,5,98.0,,0,0.0,#c05c53,0.7529412,0.36078432,0.3254902,51.236152120848516,39.37115354163723,23.711930765677426,51.143475685168184,39.36947849262579,24.141229362329412,30.235892210310887,61.30786590485549,0.4086475415181974,0.7601988159199318,0.2822627562657812,31.059151192201966,45.96023707331646
panel_03_up,panel_03_up__center,panel_03_up,center,panel_landmarks,panel_03_up__center::gamut_023_cmm,23,gamut_023_cmm,cmm,0.3333333333333333,0.6666666666666666,0.0,0.6666666666666666,0.0,#9553ad,0.5843137254901961,0.3254901960784314,0.6784313725490196,46.43717552780805,42.58465688514468,-37.152504170448154,"[[0.7083333333333331, 0.168393828513641], [0.7083333333333331, 0.168393828513641], [0.6333333333333333, 0.2116950987028628], [0.6333333333333334, 0.0], [0.7083333333333333, 0.0]]",6,2,2,simple,114,1484,603,117,114,117,1.0,0.65,0.65,4,98.0,0.9941121816155376,3,0.02564102564102564,#c25958,0.7607843,0.34901962,0.34509805,51.06168760918571,41.978444186191346,21.06442452391749,51.05982963701302,42.037889511085545,20.969945217479275,27.922227212497432,58.40346216134823,0.34390084588898656,0.5917000443292081,0.23094552821980535,26.64710650148021,46.96700710942735
panel_03_up,panel_03_up__center,panel_03_up,center,panel_landmarks,panel_03_up__center::gamut_024_mcmm,24,gamut_024_mcmm,mcmm,0.25,0.75,0.0,0.75,0.0,#a044a7,0.6274509803921569,0.26666666666666666,0.6549019607843137,44.800029665938034,51.92297921655648,-36.09631750039897,"[[0.7750000000000006, 0.12990381056766542], [0.7750000000000004, 0.12990381056766562], [0.7083333333333331, 0.16839382851364093], [0.7083333333333331, 0.0], [0.7750000000000006, 0.0]]",6,2,2,simple,41,963,407,41,41,41,1.0,0.65,0.65,4,98.0,,0,0.0,#c35463,0.7647059,0.32941177,0.3882353,50.48517784635027,45.74561905709918,13.79765594748459,50.3621097540642,45.778711876926145,13.717687818875902,22.993999815424868,50.59534835131589,0.3312620022398564,0.6896957238159893,0.2478938648815587,16.78420336104108,47.78113615813664
panel_03_up,panel_03_up__center,panel_03_up,center,panel_landmarks,panel_03_up__center::gamut_025_mmcmm,25,gamut_025_mmcmm,mmcmm,0.2,0.8,0.0,0.8,0.0,#a73ca4,0.6549019607843137,0.23529411764705882,0.6431372549019608,44.4176754796398,56.71421828170675,-34.84717030635769,"[[0.7750000000000006, 0.12990381056766537], [0.7750000000000006, 0.0], [0.8999999999999999, 0.0], [0.8999999999999999, 0.05773502691896263]]",6,2,2,simple,59,1182,497,59,59,59,1.0,0.65,0.65,5,98.0,,0,0.0,#c1516a,0.75686276,0.31764707,0.41568628,49.8172299211751,47.058374123602256,9.081351051719032,49.94706869585221,47.09164914475772,8.939543743357634,19.779264058661497,45.30017111755437,0.28009438841357764,0.47864949930922657,0.1692856033563658,10.922699581415145,47.92662633736571
panel_03_up,panel_03_up__center,panel_03_up,center,panel_landmarks,panel_03_up__center::gamut_026_m,26,gamut_026_m,m,0.0,1.0,0.0,1.0,0.0,#c31996,0.7647058823529411,0.09803921568627451,0.5882352941176471,44.94517938493525,71.41561872915153,-25.286338363609783,"[[0.8999999999999999, 0.05773502691896262], [0.8999999999999999, 0.0], [1.0, 0.0], [0.95, 0.08660254037844395]]",6,2,2,simple,69,582,245,69,69,69,1.0,0.65,0.65,3,98.0,,0,0.0,#bd3f81,0.7411765,0.24705882,0.5058824,46.92424442441332,56.34964041508106,-9.642948414652363,46.96597095694123,56.32810594958706,-9.595721932185564,6.817609733367225,21.808623296431804,0.0,0.3744915986621881,0.19658753390237246,350.2892043167295,57.16877144942494
panel_03_up,panel_03_up__center,panel_03_up,center,panel_landmarks,panel_03_up__center::gamut_027_mmymm,27,gamut_027_mmymm,mmymm,0.0,0.8,0.2,0.9,0.17320508075688773,#cf4078,0.8117647058823529,0.25098039215686274,0.47058823529411764,49.84848124885772,60.188269024954224,0.4786347756794429,"[[0.7750000000000004, 0.12990381056766553], [0.7750000000000004, 0.1299038105676656], [0.8999999999999999, 0.05773502691896262], [0.95, 0.08660254037844393], [0.8875000000000002, 0.19485571585149836]]",6,2,2,simple,61,1173,515,61,61,61,1.0,0.65,0.65,6,98.0,,0,0.0,#8a4483,0.5411765,0.26666668,0.5137255,39.87736850200821,38.887304946354064,-22.33608638900573,39.92839887192581,38.883310744047286,-22.335776218040774,16.461147659150917,32.766837838133426,0.0,0.3898711123258328,0.17849385590558656,330.12780631805254,44.8455487330444
panel_03_up,panel_03_up__center,panel_03_up,center,panel_landmarks,panel_03_up__center::gamut_028_mmym,28,gamut_028_mmym,mmym,0.0,0.75,0.25,0.875,0.21650635094610965,#d24a70,0.8235294117647058,0.2901960784313726,0.4392156862745098,51.57960032045129,56.37809473471766,7.85956369537153,"[[0.7083333333333333, 0.16839382851364088], [0.708333333333333, 0.1683938285136411], [0.7750000000000006, 0.12990381056766553], [0.7750000000000005, 0.12990381056766556], [0.8875000000000002, 0.19485571585149838], [0.8541666666666666, 0.2525907427704614]]",6,2,2,simple,80,1041,462,80,80,80,1.0,0.65,0.65,5,98.0,,0,0.0,#7f4284,0.49803922,0.25882354,0.5176471,38.025965846254365,37.03855807510223,-26.33797522281991,37.97438451354832,37.05082340909424,-26.093649451374045,22.196327745004748,41.55947970956767,0.27976575918751645,0.5901161980210092,0.1719809502478676,324.58351489303857,45.44825324608853
panel_03_up,panel_03_up__center,panel_03_up,center,panel_landmarks,panel_03_up__center::gamut_029_mmy,29,gamut_029_mmy,mmy,0.0,0.6666666666666666,0.3333333333333333,0.8333333333333333,0.28867513459481287,#d75b64,0.8431372549019608,0.3568627450980392,0.39215686274509803,54.92109472478978,49.47976671792647,19.744343642877826,"[[0.6333333333333329, 0.21169509870286304], [0.6333333333333332, 0.2116950987028628], [0.708333333333333, 0.16839382851364093], [0.7083333333333333, 0.16839382851364088], [0.8541666666666666, 0.25259074277046145], [0.8166666666666667, 0.3175426480542943]]",6,2,2,simple,44,1433,637,44,44,44,1.0,0.65,0.65,7,98.0,,0,0.0,#754285,0.45882353,0.25882354,0.52156866,36.69133099597869,33.870688616345426,-28.750148162055776,36.60547394667986,33.86661923457318,-28.74723345191878,30.220052771555284,54.10807093408807,0.25990240000927395,0.336543771326195,0.1472976135053095,319.6747070661454,44.42740783216584
panel_03_up,panel_03_up__center,panel_03_up,center,panel_landmarks,panel_03_up__center::gamut_030_mmymy,30,gamut_030_mmymy,mmymy,0.0,0.6,0.4,0.8,0.34641016151377546,#db685a,0.8588235294117647,0.40784313725490196,0.35294117647058826,57.754183854481255,43.898425701771274,29.352331819167688,"[[0.5500000000000003, 0.2598076211353315], [0.5500000000000003, 0.2598076211353315], [0.6333333333333333, 0.21169509870286285], [0.6333333333333329, 0.21169509870286302], [0.8166666666666665, 0.3175426480542942], [0.775, 0.38971143170299727]]",6,2,2,simple,81,2012,835,81,81,81,1.0,0.65,0.65,7,98.0,,0,0.0,#6d4388,0.42745098,0.2627451,0.53333336,36.18975067057037,31.869038539643707,-31.644539050233277,36.14685763854547,31.861454907867667,-31.848684319264088,37.110834838027905,65.80538876032945,0.3741893108730342,0.49180247509071806,0.13973042066687216,315.20252078634945,44.91116196607514
panel_04_down,panel_04_down__corner_1,panel_04_down,corner_1,panel_landmarks,panel_04_down__corner_1::gamut_001_my,1,gamut_001_my,my,0.0,0.5,0.5,0.75,0.4330127018922193,#e17c4b,0.8823529411764706,0.48627450980392156,0.29411764705882354,62.45289702748056,35.06929839281481,43.41945673452145,"[[0.5, 0.34641016151377513], [0.5, 0.34641016151377513], [0.5, 0.28867513459481287], [0.55, 0.2598076211353315], [0.5500000000000003, 0.25980762113533146], [0.7750000000000001, 0.38971143170299727], [0.7250000000000001, 0.47631397208144116]]",6,2,2,simple,45,2862,1196,45,45,45,1.0,0.65,0.65,7,98.0,,0,0.0,#be5c46,0.74509805,0.36078432,0.27450982,50.77180618806557,36.945755561065496,30.768566580583222,50.81261273657827,37.100708384747406,30.85615698980067,12.901195603955244,17.320912111951706,0.6474866559151103,1.01241866945255,0.2749405834524507,39.78766171487774,48.08007428656683
panel_04_down,panel_04_down__corner_1,panel_04_down,corner_1,panel_landmarks,panel_04_down__corner_1::gamut_002_mymyy,2,gamut_002_mymyy,mymyy,0.0,0.4,0.6,0.7,0.5196152422706631,#e78f3c,0.9058823529411765,0.5607843137254902,0.23529411764705882,67.25038043422728,26.766151588117626,56.050858524577286,"[[0.49999999999999994, 0.44263520637871284], [0.49999999999999994, 0.44263520637871284], [0.49999999999999994, 0.3464101615137752], [0.7250000000000001, 0.47631397208144116], [0.6833333333333335, 0.5484827557301443]]",6,2,2,simple,122,2034,869,125,122,125,1.0,0.65,0.65,5,98.0,2.189832878608645,3,0.024,#bf5952,0.7490196,0.34901962,0.32156864,50.56665011396629,40.11659148721877,23.75963836585493,50.6102167320568,40.1241822901513,23.94429078997879,25.5989520495903,38.72084712706819,0.8244105806414774,1.5490447803758578,0.4821075473581801,30.636758963916748,46.624685820159684
panel_04_down,panel_04_down__corner_1,panel_04_down,corner_1,panel_landmarks,panel_04_down__corner_1::gamut_003_myy,3,gamut_003_myy,myy,0.0,0.3333333333333333,0.6666666666666666,0.6666666666666666,0.5773502691896257,#eb9d32,0.9215686274509803,0.615686274509804,0.19607843137254902,70.87834005274337,20.623964460334378,63.79337035503971,"[[0.5, 0.5292377467571571], [0.4999999999999999, 0.5292377467571567], [0.49999999999999994, 0.4426352063787129], [0.6833333333333335, 0.5484827557301444], [0.6458333333333334, 0.6134346610139774]]",6,2,2,simple,123,1449,620,125,123,125,1.0,0.65,0.65,4,98.0,1.2254432207179256,2,0.016,#c6575c,0.7764706,0.34117648,0.36078432,51.35193422296244,44.82710521472211,18.9849747331403,51.35182044600027,44.78299486346685,19.151776124669414,34.92857993361066,54.54232178056469,0.4935309073863782,0.9963082856132658,0.3010355305815563,22.953411607568114,48.68160461149306
panel_04_down,panel_04_down__corner_1,panel_04_down,corner_1,panel_landmarks,panel_04_down__corner_1::gamut_004_ymyy,4,gamut_004_ymyy,ymyy,0.0,0.25,0.75,0.625,0.649519052838329,#f0ad25,0.9411764705882353,0.6784313725490196,0.1450980392156863,75.17069205620427,13.897348872566884,71.97054159381838,"[[0.5, 0.6062177826491071], [0.5, 0.6062177826491071], [0.5, 0.529237746757157], [0.6458333333333334, 0.6134346610139774], [0.6125, 0.6711696879329399]]",6,2,2,simple,65,1019,452,65,65,65,1.0,0.65,0.65,4,98.0,,0,0.0,#c75263,0.78039217,0.32156864,0.3882353,50.804279933502514,48.04197854259073,14.432380862432426,50.966727108633684,47.98772108940774,14.351259609458396,44.44413860849247,71.20546127501194,0.7354954501786272,1.4278570582131438,0.5153787113000222,16.72089197237318,50.162987547045624
panel_04_down,panel_04_down__corner_1,panel_04_down,corner_1,panel_landmarks,panel_04_down__corner_1::gamut_005_yymyy,5,gamut_005_yymyy,yymyy,0.0,0.2,0.8,0.6000000000000001,0.6928203230275509,#f3b71e,0.9529411764705882,0.7176470588235294,0.11764705882352941,77.88658998186094,9.774007373456461,76.02676705068747,"[[0.5, 0.7505553499465134], [0.5, 0.6062177826491071], [0.6125, 0.6711696879329399], [0.55, 0.7794228634059948]]",6,2,2,simple,41,1228,517,41,41,41,1.0,0.65,0.65,6,98.0,,0,0.0,#c84e6c,0.78431374,0.30588236,0.42352942,50.61263383448356,51.21243325945124,8.638029544516002,50.46733244266645,51.184875747248896,8.565084403624535,51.321891190623354,83.67947040053389,0.7004094632655649,1.4589800826136468,0.49385163031905077,9.57399703509293,51.935814952359024
panel_04_down,panel_04_down__corner_1,panel_04_down,corner_1,panel_landmarks,panel_04_down__corner_1::gamut_006_y,6,gamut_006_y,y,0.0,0.0,1.0,0.5,0.8660254037844386,#ffdf00,1.0,0.8745098039215686,0.0,88.94096720886532,-5.949434572648293,88.5567575521992,"[[0.45, 0.7794228634059948], [0.5, 0.7505553499465135], [0.5499999999999999, 0.7794228634059948], [0.5, 0.8660254037844386]]",6,2,2,simple,57,611,260,57,57,57,1.0,0.65,0.65,3,98.0,,0,0.0,#c73985,0.78039217,0.22352941,0.52156866,47.9628228967177,61.87591796389197,-10.332821919798008,47.99811763999923,61.729243387074064,-10.409074086557341,73.17630264798248,126.72267234446099,0.22684155144793178,0.34213216378918904,0.14415572281670166,350.51950751477443,62.732738125324545
panel_04_down,panel_04_down__corner_1,panel_04_down,corner_1,panel_landmarks,panel_04_down__corner_1::gamut_007_yycyy,7,gamut_007_yycyy,yycyy,0.2,0.0,0.8,0.4,0.6928203230275509,#d7da2c,0.8431372549019608,0.8549019607843137,0.17254901960784313,84.3667653359768,-19.647053313897157,76.98686095704784,"[[0.45, 0.7794228634059948], [0.38750000000000007, 0.6711696879329401], [0.5, 0.6062177826491071], [0.49999999999999994, 0.606217782649107], [0.5, 0.7505553499465134]]",6,2,2,simple,48,1247,541,48,48,48,1.0,0.65,0.65,6,98.0,,0,0.0,#a34681,0.64117646,0.27450982,0.50784314,44.00820188032537,45.58487294415292,-14.546237654801491,44.18822824404543,45.33166655259375,-14.629487889352545,73.6993353639289,119.42498059043619,1.6044427870055233,2.455073752242465,0.7596546884174414,342.3019974614012,47.84948976994979
panel_04_down,panel_04_down__corner_1,panel_04_down,corner_1,panel_landmarks,panel_04_down__corner_1::gamut_008_ycyy,8,gamut_008_ycyy,ycyy,0.25,0.0,0.75,0.375,0.649519052838329,#cdd937,0.803921568627451,0.8509803921568627,0.21568627450980393,83.38010598564017,-22.911475895264044,72.6579380339764,"[[0.49999999999999994, 0.6062177826491072], [0.38750000000000007, 0.6711696879329401], [0.3541666666666665, 0.6134346610139771], [0.4999999999999999, 0.5292377467571566], [0.5, 0.529237746757157], [0.5, 0.606217782649107]]",6,2,2,simple,77,1019,447,77,77,77,1.0,0.65,0.65,4,98.0,,0,0.0,#a04d82,0.627451,0.3019608,0.50980395,44.74393631485279,41.42228495441369,-14.37521042654597,44.70022830747003,41.435142789868095,-14.326949414270596,72.14681924958992,114.91890759507211,1.4047345632787995,2.3927845320335375,0.7448707100858714,340.8611548142579,43.845779336808725
panel_04_down,panel_04_down__corner_1,panel_04_down,corner_1,panel_landmarks,panel_04_down__corner_1::gamut_009_cyy,9,gamut_009_cyy,cyy,0.3333333333333333,0.0,0.6666666666666666,0.3333333333333333,0.5773502691896257,#bdd749,0.7411764705882353,0.8431372549019608,0.28627450980392155,81.78436408497542,-27.531586792779173,64.35620557265086,"[[0.5000000000000001, 0.5292377467571565], [0.3541666666666665, 0.6134346610139771], [0.31666666666666654, 0.5484827557301443], [0.4999999999999999, 0.44263520637871295], [0.49999999999999994, 0.4426352063787134], [0.49999999999999994, 0.529237746757157]]",6,2,2,simple,67,1479,636,67,67,67,1.0,0.65,0.65,5,98.0,,0,0.0,#955180,0.58431375,0.31764707,0.5019608,44.13049618449039,34.81441656905182,-13.824933572600662,44.13509101262291,34.87424901586655,-13.779149498266404,69.72474041752918,106.85096359467143,0.5038516238475998,1.1056624362943912,0.3199815931603487,338.3417900132312,37.45894271506193
panel_04_down,panel_04_down__corner_1,panel_04_down,corner_1,panel_landmarks,panel_04_down__corner_1::gamut_010_cycyy,10,gamut_010_cycyy,cycyy,0.4,0.0,0.6,0.3,0.5196152422706631,#b0d558,0.6901960784313725,0.8352941176470589,0.34509803921568627,80.47282173371678,-30.62907611862564,56.47710040787457,"[[0.49999999999999994, 0.44263520637871295], [0.3166666666666666, 0.5484827557301443], [0.27500000000000013, 0.47631397208144144], [0.5, 0.3464101615137757], [0.5, 0.34641016151377535], [0.5, 0.4426352063787127]]",6,2,2,simple,74,2053,899,74,74,74,1.0,0.65,0.65,6,98.0,,0,0.0,#8e567e,0.5568628,0.3372549,0.49411765,44.32548417381324,29.61206984722446,-13.242399464019993,43.88871173065003,29.638463904003814,-13.141347584758305,66.74064363814558,98.97693843686811,1.4637152333533239,3.0681914811418216,1.4592569453184248,335.90599713060794,32.438184662548196
panel_04_down,panel_04_down__corner_1,panel_04_down,corner_1,panel_landmarks,panel_04_down__corner_1::gamut_011_cy,11,gamut_011_cy,cy,0.5,0.0,0.5,0.25,0.4330127018922193,#9cd36e,0.611764705882353,0.8274509803921568,0.43137254901960786,78.9150462873468,-34.99013382693389,44.14872186254153,"[[0.4999999999999999, 0.3464101615137758], [0.2750000000000002, 0.47631397208144144], [0.22500000000000003, 0.3897114317029974], [0.45, 0.25980762113533157], [0.45, 0.25980762113533157], [0.5, 0.28867513459481287], [0.5, 0.34641016151377524]]",6,2,2,simple,90,2775,1191,90,90,90,1.0,0.65,0.65,7,98.0,,0,0.0,#82567a,0.50980395,0.3372549,0.47843137,42.471358504318545,24.505736010531574,-12.953729876523168,42.523033936077276,24.584323680697022,-13.089408701555204,64.27131826063928,90.1586984242546,0.48094368624484873,1.0396084728933148,0.3504746135979206,332.1390737655236,27.718770086924724
panel_04_down,panel_04_down__corner_1,panel_04_down,corner_1,panel_landmarks,panel_04_down__corner_1::gamut_012_ccycy,12,gamut_012_ccycy,ccycy,0.6,0.0,0.4,0.2,0.34641016151377546,#88d184,0.5333333333333333,0.8196078431372549,0.5176470588235295,77.57843488375325,-37.888046728189686,31.195962138943845,"[[0.36666666666666653, 0.21169509870286277], [0.36666666666666714, 0.21169509870286302], [0.45, 0.25980762113533157], [0.225, 0.3897114317029973], [0.18333333333333335, 0.3175426480542941]]",6,2,2,simple,70,2029,892,70,70,70,1.0,0.65,0.65,6,98.0,,0,0.0,#7a5675,0.4764706,0.3372549,0.45882353,41.39093620571363,20.11355745351795,-11.552084327807616,41.4684923271238,19.998477728194484,-11.560966120924935,60.71697127225912,80.62950219955563,1.616617267183186,2.6880867430798787,0.7600391322282268,330.1293888710975,23.1949530232925
panel_04_down,panel_04_down__corner_1,panel_04_down,corner_1,panel_landmarks,panel_04_down__corner_1::gamut_013_ccy,13,gamut_013_ccy,ccy,0.6666666666666666,0.0,0.3333333333333333,0.16666666666666666,0.28867513459481287,#7bcf92,0.4823529411764706,0.8117647058823529,0.5725490196078431,76.6242576233587,-38.596781108295175,22.516384217852845,"[[0.29166666666666674, 0.16839382851364088], [0.29166666666666674, 0.16839382851364088], [0.3666666666666666, 0.21169509870286274], [0.18333333333333332, 0.3175426480542941], [0.14583333333333337, 0.2525907427704613]]",6,2,2,simple,63,1463,637,63,63,63,1.0,0.65,0.65,5,98.0,,0,0.0,#725871,0.44705883,0.34509805,0.44313726,40.81511877092957,15.399421235464256,-10.118270571880672,40.75094512422089,15.360417100606082,-10.098271959970129,48.74518794066772,72.54588193788699,0.7258420609799623,1.3838737146715108,0.4496300575455641,326.69287496154965,18.426111194526474
panel_04_down,panel_04_down__corner_1,panel_04_down,corner_1,panel_landmarks,panel_04_down__corner_1::gamut_014_ccyc,14,gamut_014_ccyc,ccyc,0.75,0.0,0.25,0.125,0.21650635094610965,#6bcda5,0.4196078431372549,0.803921568627451,0.6470588235294118,75.7627364620849,-38.23104893684348,11.116976934990475,"[[0.22499999999999984, 0.12990381056766567], [0.2916666666666667, 0.16839382851364085], [0.14583333333333337, 0.2525907427704613], [0.11250000000000002, 0.1948557158514987], [0.22500000000000003, 0.12990381056766576]]",6,2,2,simple,65,1021,437,65,65,65,1.0,0.65,0.65,4,98.0,,0,0.0,#6c5b6e,0.42352942,0.35686275,0.43137255,40.92572242181461,10.782156074025051,-8.427724095430644,41.124856875069604,10.877136443240897,-8.54001820677759,47.12563496197974,63.22900561489135,2.2013626487690847,3.1890151124190993,0.971852944997908,321.98752730354823,13.685080307887768
panel_04_down,panel_04_down__corner_1,panel_04_down,corner_1,panel_landmarks,panel_04_down__corner_1::gamut_015_ccycc,15,gamut_015_ccycc,ccycc,0.8,0.0,0.2,0.1,0.17320508075688773,#61ccb0,0.3803921568627451,0.8,0.6901960784313725,75.36328019947463,-37.63795429928929,4.586277188762633,"[[0.22499999999999995, 0.12990381056766578], [0.11249999999999999, 0.19485571585149866], [0.04999999999999999, 0.08660254037844385], [0.1, 0.05773502691896256]]",6,2,2,simple,64,1195,529,64,64,64,1.0,0.65,0.65,5,98.0,,0,0.0,#675e6d,0.4019608,0.36666667,0.4254902,40.98328011458746,6.614538421384375,-7.179649017603273,40.94268360504281,6.692918543028466,-7.065858165727583,44.93795199143997,57.259973256401075,3.000359655243665,4.122748100766973,1.2097361257626147,312.654058516551,9.762145181462
panel_04_down,panel_04_down__corner_1,panel_04_down,corner_1,panel_landmarks,panel_04_down__corner_1::gamut_016_c,16,gamut_016_c,c,1.0,0.0,0.0,0.0,0.0,#3ac8dc,0.22745098039215686,0.7843137254901961,0.8627450980392157,74.42655654335444,-30.326087604312878,-20.705156122725967,"[[0.1, 0.057735026918962574], [0.05, 0.08660254037844387], [0.0, 0.0], [0.10000000000000002, 0.0]]",6,2,2,simple,40,601,271,40,40,0,0.0,0.65,0.65,4,98.0,,0,0.0,#5c6467,0.36078432,0.39215687,0.40392157,41.7807492189428,-2.4085682079432456,-2.7538587998475084,41.70523215588703,-2.461657712053688,-2.676528932356934,35.25857351377147,46.55518983618976,0.38515716567518304,0.7716669117342536,0.31777850741713176,228.8265472381175,3.6585433032578005
panel_04_down,panel_04_down__corner_1,panel_04_down,corner_1,panel_landmarks,panel_04_down__corner_1::gamut_017_ccmcc,17,gamut_017_ccmcc,ccmcc,0.8,0.2,0.0,0.2,0.0,#55a5ce,0.3333333333333333,0.6470588235294118,0.807843137254902,64.39915620027084,-12.522958683054753,-28.313954637547667,"[[0.22499999999999998, 0.12990381056766578], [0.22499999999999992, 0.12990381056766576], [0.1, 0.05773502691896257], [0.10000000000000002, 0.0], [0.22499999999999998, 0.0]]",6,2,2,simple,50,1219,514,50,50,50,1.0,0.65,0.65,6,98.0,,0,0.0,#616c59,0.38039216,0.42352942,0.34901962,44.173435397731986,-8.066620842422934,9.264370748858253,44.20814300462273,-8.017474041994927,9.33418471853033,32.91445175328238,42.90768308565145,0.8663121553423649,1.3283020041894413,0.3527522017756254,131.04655808095265,12.284092851639983
panel_04_down,panel_04_down__corner_1,panel_04_down,corner_1,panel_landmarks,panel_04_down__corner_1::gamut_018_ccmc,18,gamut_018_ccmc,ccmc,0.75,0.25,0.0,0.25,0.0,#5c9cca,0.3607843137254902,0.611764705882353,0.792156862745098,61.92440441812144,-7.364048329696504,-29.88546306665585,"[[0.29166666666666663, 0.16839382851364085], [0.29166666666666674, 0.16839382851364088], [0.22499999999999992, 0.12990381056766573], [0.22499999999999995, 0.12990381056766576], [0.22499999999999998, 0.0], [0.29166666666666674, 0.0]]",6,2,2,simple,72,1060,462,72,72,72,1.0,0.65,0.65,5,98.0,,0,0.0,#677252,0.40392157,0.44705883,0.32156864,46.34819474971838,-10.25883934903643,16.49586923614509,46.3282844541277,-10.35078390652351,16.70560909552109,36.75067750367191,49.012509718056165,0.4471901749982894,0.7944810735539509,0.24401885757998792,121.8776266429262,19.425691407137514
panel_04_down,panel_04_down__corner_1,panel_04_down,corner_1,panel_landmarks,panel_04_down__corner_1::gamut_019_ccm,19,gamut_019_ccm,ccm,0.6666666666666666,0.3333333333333333,0.0,0.3333333333333333,0.0,#678dc4,0.403921568627451,0.5529411764705883,0.7686274509803922,57.95834963869487,1.909786468417607,-32.625876079859225,"[[0.3666666666666667, 0.2116950987028628], [0.36666666666666675, 0.2116950987028628], [0.29166666666666674, 0.16839382851364085], [0.2916666666666667, 0.16839382851364082], [0.2916666666666667, 0.0], [0.3666666666666667, 0.0]]",6,2,2,simple,43,1500,660,43,43,43,1.0,0.65,0.65,7,98.0,,0,0.0,#6b7747,0.41960785,0.46666667,0.2784314,48.02466687996922,-13.113267509435534,24.92142910422229,48.05426584154703,-13.211991246554634,24.545865859794507,42.19383316080315,60.29977228748304,0.5510251761471179,0.9492663030004724,0.28985325145336005,117.75264572535178,28.16088445647252
panel_04_down,panel_04_down__corner_1,panel_04_down,corner_1,panel_landmarks,panel_04_down__corner_1::gamut_020_ccmcm,20,gamut_020_ccmcm,ccmcm,0.6,0.4,0.0,0.4,0.0,#7082c0,0.4392156862745098,0.5098039215686274,0.7529411764705882,55.29267420281303,9.505154374171154,-34.4733226879592,"[[0.44999999999999996, 0.25980762113533157], [0.4500000000000001, 0.2598076211353316], [0.3666666666666665, 0.21169509870286266], [0.36666666666666675, 0.21169509870286288], [0.3666666666666667, 0.0], [0.44999999999999996, 0.0]]",6,2,2,simple,101,2063,898,104,101,104,1.0,0.65,0.65,7,98.0,1.9263027121968173,3,0.028846153846153848,#6d7c3e,0.42745098,0.4862745,0.24313726,49.50031611983461,-15.40258518976323,31.426319105658486,49.599455809929125,-15.384083478879855,31.279914908270715,45.713128542978026,70.68740829082186,0.8351343375284743,1.477813025287218,0.42804428433323133,116.11027702240375,34.99790226654434
panel_04_down,panel_04_down__corner_1,panel_04_down,corner_1,panel_landmarks,panel_04_down__corner_1::gamut_021_cm,21,gamut_021_cm,cm,0.5,0.5,0.0,0.5,0.0,#7e70b9,0.49411764705882355,0.4392156862745098,0.7254901960784313,51.29732537689088,22.192773865570615,-36.6472398512226,"[[0.55, 0.2598076211353316], [0.5, 0.2886751345948129], [0.4500000000000002, 0.25980762113533173], [0.44999999999999996, 0.25980762113533157], [0.44999999999999996, 0.0], [0.55, 0.0]]",6,2,2,simple,192,2801,1246,196,192,196,1.0,0.65,0.65,8,98.0,2.3329165773561367,4,0.02040816326530612,#738134,0.4509804,0.5058824,0.20392157,51.374352295519856,-16.986657656474947,39.0783296419509,51.35374801513447,-17.000982279566607,38.95664784586726,55.464956744304814,85.26075100890387,0.774735041166408,1.48733668502888,0.46890204553733583,113.4937312671093,42.61059006800137
panel_04_down,panel_04_down__corner_1,panel_04_down,corner_1,panel_landmarks,panel_04_down__corner_1::gamut_022_cmcmm,22,gamut_022_cmcmm,cmcmm,0.4,0.6,0.0,0.6,0.0,#8c5fb2,0.5490196078431373,0.37254901960784315,0.6980392156862745,48.227853537804535,34.47023920646486,-37.32564454758596,"[[0.6333333333333334, 0.2116950987028627], [0.6333333333333331, 0.211695098702863], [0.5500000000000002, 0.25980762113533157], [0.55, 0.2598076211353316], [0.55, 0.0], [0.6333333333333334, 0.0]]",6,2,2,simple,95,2047,873,95,95,95,1.0,0.65,0.65,7,98.0,,0,0.0,#79852c,0.4745098,0.52156866,0.17254902,52.981958042424665,-17.526726964962602,44.61219986125767,52.99948269663282,-17.430251532207315,44.57546941833111,61.61882626664684,97.16015822877857,0.4638252095577563,0.8420828992283471,0.31043556820286533,111.44829884202755,47.93156094438346
panel_04_down,panel_04_down__corner_1,panel_04_down,corner_1,panel_landmarks,panel_04_down__corner_1::gamut_023_cmm,23,gamut_023_cmm,cmm,0.3333333333333333,0.6666666666666666,0.0,0.6666666666666666,0.0,#9553ad,0.5843137254901961,0.3254901960784314,0.6784313725490196,46.43717552780805,42.58465688514468,-37.152504170448154,"[[0.7083333333333331, 0.168393828513641], [0.7083333333333331, 0.168393828513641], [0.6333333333333333, 0.2116950987028628], [0.6333333333333334, 0.0], [0.7083333333333333, 0.0]]",6,2,2,simple,41,1526,659,41,41,41,1.0,0.65,0.65,7,98.0,,0,0.0,#7f8a27,0.49803922,0.5411765,0.15294118,54.830523100286385,-17.05221582567956,49.0027798288165,54.83888928625213,-17.32214981124454,48.98037775338058,65.19654680986747,105.1177331909009,0.2513867381390032,0.59362890142508,0.2058043128074753,109.18711278036301,51.88497369679416
panel_04_down,panel_04_down__corner_1,panel_04_down,corner_1,panel_landmarks,panel_04_down__corner_1::gamut_024_mcmm,24,gamut_024_mcmm,mcmm,0.25,0.75,0.0,0.75,0.0,#a044a7,0.6274509803921569,0.26666666666666666,0.6549019607843137,44.800029665938034,51.92297921655648,-36.09631750039897,"[[0.7750000000000006, 0.12990381056766542], [0.7750000000000004, 0.12990381056766562], [0.7083333333333331, 0.16839382851364093], [0.7083333333333331, 0.0], [0.7750000000000006, 0.0]]",6,2,2,simple,77,1043,466,77,77,77,1.0,0.65,0.65,5,98.0,,0,0.0,#8b9622,0.54509807,0.5882353,0.13333334,59.35362137881148,-18.043276286063946,55.0411424263574,59.25550188463427,-18.150791453192188,55.045681251898266,70.2268045203072,115.8150272749789,0.2687943309641041,0.5975763520683981,0.20424235268106308,108.14988614819367,57.923114373571096
panel_04_down,panel_04_down__corner_1,panel_04_down,corner_1,panel_landmarks,panel_04_down__corner_1::gamut_025_mmcmm,25,gamut_025_mmcmm,mmcmm,0.2,0.8,0.0,0.8,0.0,#a73ca4,0.6549019607843137,0.23529411764705882,0.6431372549019608,44.4176754796398,56.71421828170675,-34.84717030635769,"[[0.7750000000000006, 0.12990381056766537], [0.7750000000000006, 0.0], [0.8999999999999999, 0.0], [0.8999999999999999, 0.05773502691896263]]",6,2,2,simple,62,1193,528,62,62,62,1.0,0.65,0.65,6,98.0,,0,0.0,#989f1f,0.59607846,0.6215687,0.12156863,62.851321058138254,-17.3520927921616,59.76746005154055,62.89012296457458,-17.29950434988283,59.869737054408176,72.57712343715545,121.5629302179182,0.568180987200755,1.2045785874965447,0.47568795464852454,106.18942689131819,62.23539511628638
panel_04_down,panel_04_down__corner_1,panel_04_down,corner_1,panel_landmarks,panel_04_down__corner_1::gamut_026_m,26,gamut_026_m,m,0.0,1.0,0.0,1.0,0.0,#c31996,0.7647058823529411,0.09803921568627451,0.5882352941176471,44.94517938493525,71.41561872915153,-25.286338363609783,"[[0.8999999999999999, 0.05773502691896262], [0.8999999999999999, 0.0], [1.0, 0.0], [0.95, 0.08660254037844395]]",6,2,2,simple,45,624,270,45,45,45,1.0,0.65,0.65,4,98.0,,0,0.0,#ecdc10,0.9254902,0.8627451,0.0627451,86.45037198253557,-11.942404142386899,84.55429567890602,86.4084091912123,-12.033178766505687,84.54097673699908,81.15894426067183,144.00071484710656,0.22518585472075175,0.48745129317925967,0.16237546626777408,98.03924989948973,85.39350053988866
panel_04_down,panel_04_down__corner_1,panel_04_down,corner_1,panel_landmarks,panel_04_down__corner_1::gamut_027_mmymm,27,gamut_027_mmymm,mmymm,0.0,0.8,0.2,0.9,0.17320508075688773,#cf4078,0.8117647058823529,0.25098039215686274,0.47058823529411764,49.84848124885772,60.188269024954224,0.4786347756794429,"[[0.7750000000000004, 0.12990381056766553], [0.7750000000000004, 0.1299038105676656], [0.8999999999999999, 0.05773502691896262], [0.95, 0.08660254037844393], [0.8875000000000002, 0.19485571585149836]]",6,2,2,simple,71,1220,528,71,71,71,1.0,0.65,0.65,5,98.0,,0,0.0,#d08e37,0.8156863,0.5568628,0.21568628,64.20502374300575,17.516023425878213,54.38879070767433,64.1989056067798,17.339112766153615,54.533629713092644,43.62948661999826,70.2377090277448,2.4790499796565797,3.4812696946786765,1.079591123205365,72.14873761289965,57.13975526110622
panel_04_down,panel_04_down__corner_1,panel_04_down,corner_1,panel_landmarks,panel_04_down__corner_1::gamut_028_mmym,28,gamut_028_mmym,mmym,0.0,0.75,0.25,0.875,0.21650635094610965,#d24a70,0.8235294117647058,0.2901960784313726,0.4392156862745098,51.57960032045129,56.37809473471766,7.85956369537153,"[[0.7083333333333333, 0.16839382851364088], [0.708333333333333, 0.1683938285136411], [0.7750000000000006, 0.12990381056766553], [0.7750000000000005, 0.12990381056766556], [0.8875000000000002, 0.19485571585149838], [0.8541666666666666, 0.2525907427704614]]",6,2,2,simple,44,1030,425,44,44,44,1.0,0.65,0.65,4,98.0,,0,0.0,#ca7f38,0.7921569,0.49803922,0.21764706,59.90685108550976,23.14710499455061,49.61145761908374,59.79349615110782,23.14352111995918,49.25173524546433,33.84434783067165,54.00798487846192,1.3179523215429718,2.241983790780162,0.7152259939691473,64.98776177459945,54.745640892393354
panel_04_down,panel_04_down__corner_1,panel_04_down,corner_1,panel_landmarks,panel_04_down__corner_1::gamut_029_mmy,29,gamut_029_mmy,mmy,0.0,0.6666666666666666,0.3333333333333333,0.8333333333333333,0.28867513459481287,#d75b64,0.8431372549019608,0.3568627450980392,0.39215686274509803,54.92109472478978,49.47976671792647,19.744343642877826,"[[0.6333333333333329, 0.21169509870286304], [0.6333333333333332, 0.2116950987028628], [0.708333333333333, 0.16839382851364093], [0.7083333333333333, 0.16839382851364088], [0.8541666666666666, 0.25259074277046145], [0.8166666666666667, 0.3175426480542943]]",6,2,2,simple,117,1452,612,119,117,119,1.0,0.65,0.65,4,98.0,1.9697892318682602,2,0.01680672268907563,#c26d3d,0.7607843,0.42745098,0.23921569,54.57841757804617,29.958187662101952,40.901650777590646,54.69038165165982,29.824549743288944,41.007247248457695,18.309057828158195,28.78960092902083,0.9582645678759362,1.4781678253428188,0.42560501575230214,53.779294538916986,50.699487614074556
panel_04_down,panel_04_down__corner_1,panel_04_down,corner_1,panel_landmarks,panel_04_down__corner_1::gamut_030_mmymy,30,gamut_030_mmymy,mmymy,0.0,0.6,0.4,0.8,0.34641016151377546,#db685a,0.8588235294117647,0.40784313725490196,0.35294117647058826,57.754183854481255,43.898425701771274,29.352331819167688,"[[0.5500000000000003, 0.2598076211353315], [0.5500000000000003, 0.2598076211353315], [0.6333333333333333, 0.21169509870286285], [0.6333333333333329, 0.21169509870286302], [0.8166666666666665, 0.3175426480542942], [0.775, 0.38971143170299727]]",6,2,2,simple,124,2018,872,127,124,127,1.0,0.65,0.65,5,98.0,2.7511186104004888,3,0.023622047244094488,#c06542,0.7529412,0.39607844,0.25686276,52.903553557825006,33.57924678521079,35.888166576178314,52.879475400959095,33.5112271490794,35.964773984947705,8.906232683441376,13.142724365890581,1.3503720796841492,2.160481755205855,0.6327627657357391,46.90366489539866,49.14800417984042
panel_04_down,panel_04_down__corner_2,panel_04_down,corner_2,panel_landmarks,panel_04_down__corner_2::gamut_001_my,1,gamut_001_my,my,0.0,0.5,0.5,0.75,0.4330127018922193,#e17c4b,0.8823529411764706,0.48627450980392156,0.29411764705882354,62.45289702748056,35.06929839281481,43.41945673452145,"[[0.5, 0.34641016151377513], [0.5, 0.34641016151377513], [0.5, 0.28867513459481287], [0.55, 0.2598076211353315], [0.5500000000000003, 0.25980762113533146], [0.7750000000000001, 0.38971143170299727], [0.7250000000000001, 0.47631397208144116]]",6,2,2,simple,113,2957,1272,116,113,116,1.0,0.65,0.65,7,98.0,2.265159644384679,3,0.02586206896551724,#557893,0.33333334,0.47058824,0.5764706,48.807993250897056,-5.53192781306866,-18.1844236847301,48.79235634886166,-5.440206525943587,-18.334353332410085,41.39488205997157,75.03120051820433,1.069798000589967,1.5802976249048784,0.44476966028164105,253.07958689842286,19.007248356213363
panel_04_down,panel_04_down__corner_2,panel_04_down,corner_2,panel_landmarks,panel_04_down__corner_2::gamut_002_mymyy,2,gamut_002_mymyy,mymyy,0.0,0.4,0.6,0.7,0.5196152422706631,#e78f3c,0.9058823529411765,0.5607843137254902,0.23529411764705882,67.25038043422728,26.766151588117626,56.050858524577286,"[[0.49999999999999994, 0.44263520637871284], [0.49999999999999994, 0.44263520637871284], [0.49999999999999994, 0.3464101615137752], [0.7250000000000001, 0.47631397208144116], [0.6833333333333335, 0.5484827557301443]]",6,2,2,simple,85,2102,938,85,85,85,1.0,0.65,0.65,6,98.0,,0,0.0,#497598,0.28627452,0.45882353,0.59607846,47.64586832044064,-4.590487003503895,-23.85551108282964,47.21793738688779,-4.60869317433036,-23.990074155171392,45.60665140988491,88.04887042330924,1.443345788426333,2.86043289963265,0.9333052911804175,259.10778245374115,24.29316735117811
panel_04_down,panel_04_down__corner_2,panel_04_down,corner_2,panel_landmarks,panel_04_down__corner_2::gamut_003_myy,3,gamut_003_myy,myy,0.0,0.3333333333333333,0.6666666666666666,0.6666666666666666,0.5773502691896257,#eb9d32,0.9215686274509803,0.615686274509804,0.19607843137254902,70.87834005274337,20.623964460334378,63.79337035503971,"[[0.5, 0.5292377467571571], [0.4999999999999999, 0.5292377467571567], [0.49999999999999994, 0.4426352063787129], [0.6833333333333335, 0.5484827557301444], [0.6458333333333334, 0.6134346610139774]]",6,2,2,simple,94,1559,694,94,94,94,1.0,0.65,0.65,5,98.0,,0,0.0,#41729b,0.25490198,0.44705883,0.60784316,46.29856584528418,-3.929629942829221,-27.16438390298742,46.33522323530625,-3.821410543071975,-27.191188257041173,49.31086428557695,97.36712667973927,0.8380994079690515,1.9425357397061371,0.6293395703741999,261.7686307863089,27.447144556701378
panel_04_down,panel_04_down__corner_2,panel_04_down,corner_2,panel_landmarks,panel_04_down__corner_2::gamut_004_ymyy,4,gamut_004_ymyy,ymyy,0.0,0.25,0.75,0.625,0.649519052838329,#f0ad25,0.9411764705882353,0.6784313725490196,0.1450980392156863,75.17069205620427,13.897348872566884,71.97054159381838,"[[0.5, 0.6062177826491071], [0.5, 0.6062177826491071], [0.5, 0.529237746757157], [0.6458333333333334, 0.6134346610139774], [0.6125, 0.6711696879329399]]",6,2,2,simple,82,1091,468,82,82,82,1.0,0.65,0.65,4,98.0,,0,0.0,#386e9f,0.21960784,0.43137255,0.6215687,44.93390407898687,-2.4528848677729114,-31.272751014116494,45.121968225446466,-2.5623526375597017,-31.143080907996215,54.02256826160215,108.81530663960197,1.8115523513806095,3.2969232362874075,0.9825491725416075,265.5151753290019,31.36879978841195
panel_04_down,panel_04_down__corner_2,panel_04_down,corner_2,panel_landmarks,panel_04_down__corner_2::gamut_005_yymyy,5,gamut_005_yymyy,yymyy,0.0,0.2,0.8,0.6000000000000001,0.6928203230275509,#f3b71e,0.9529411764705882,0.7176470588235294,0.11764705882352941,77.88658998186094,9.774007373456461,76.02676705068747,"[[0.5, 0.7505553499465134], [0.5, 0.6062177826491071], [0.6125, 0.6711696879329399], [0.55, 0.7794228634059948]]",6,2,2,simple,61,1309,571,61,61,61,1.0,0.65,0.65,6,98.0,,0,0.0,#2f6b9f,0.18431373,0.41960785,0.62352943,43.68525251242601,-1.2873263344798103,-33.91389488586483,43.67534456946443,-1.1984438111503344,-33.97813465541756,57.295591407220186,115.66777310531995,1.9266337596157292,3.0598407389785596,0.8479886538827296,267.8261720899516,33.93831868877617
panel_04_down,panel_04_down__corner_2,panel_04_down,corner_2,panel_landmarks,panel_04_down__corner_2::gamut_006_y,6,gamut_006_y,y,0.0,0.0,1.0,0.5,0.8660254037844386,#ffdf00,1.0,0.8745098039215686,0.0,88.94096720886532,-5.949434572648293,88.5567575521992,"[[0.45, 0.7794228634059948], [0.5, 0.7505553499465135], [0.5499999999999999, 0.7794228634059948], [0.5, 0.8660254037844386]]",6,2,2,simple,77,629,300,77,77,77,1.0,0.65,0.65,3,98.0,,0,0.0,#1c6dc0,0.10980392,0.42745098,0.7529412,45.698189794954686,7.169145347401762,-50.0102404992746,45.82982444170835,7.063123178388461,-49.87710989046915,68.94625695340022,145.7492637600098,0.2750188509732111,1.3692997772349638,0.5444789862577202,278.1579734238153,50.52148849556452
panel_04_down,panel_04_down__corner_2,panel_04_down,corner_2,panel_landmarks,panel_04_down__corner_2::gamut_007_yycyy,7,gamut_007_yycyy,yycyy,0.2,0.0,0.8,0.4,0.6928203230275509,#d7da2c,0.8431372549019608,0.8549019607843137,0.17254901960784313,84.3667653359768,-19.647053313897157,76.98686095704784,"[[0.45, 0.7794228634059948], [0.38750000000000007, 0.6711696879329401], [0.5, 0.6062177826491071], [0.49999999999999994, 0.606217782649107], [0.5, 0.7505553499465134]]",6,2,2,simple,52,1291,547,52,52,52,1.0,0.65,0.65,6,98.0,,0,0.0,#2a7d81,0.16470589,0.49019608,0.5058824,47.9384315865332,-23.04047125751367,-9.537412015970304,48.09154240591489,-23.099421190892194,-9.554827911712044,47.021751364644274,93.9414104567856,1.3828751998857314,2.6018517387721474,0.8230206062804818,202.48670366213207,24.936430051847605
panel_04_down,panel_04_down__corner_2,panel_04_down,corner_2,panel_landmarks,panel_04_down__corner_2::gamut_008_ycyy,8,gamut_008_ycyy,ycyy,0.25,0.0,0.75,0.375,0.649519052838329,#cdd937,0.803921568627451,0.8509803921568627,0.21568627450980393,83.38010598564017,-22.911475895264044,72.6579380339764,"[[0.49999999999999994, 0.6062177826491072], [0.38750000000000007, 0.6711696879329401], [0.3541666666666665, 0.6134346610139771], [0.4999999999999999, 0.5292377467571566], [0.5, 0.529237746757157], [0.5, 0.606217782649107]]",6,2,2,simple,73,1114,470,73,73,73,1.0,0.65,0.65,4,98.0,,0,0.0,#2e8376,0.18039216,0.5137255,0.4627451,49.58661645589642,-28.518605411724185,-0.5636619779444185,49.71913201537515,-28.447044315735365,-0.6948988693680577,40.748652576048336,80.83837296925873,0.8883869442757701,1.6678326954561824,0.5159344597010267,181.1322870662234,28.52417517571725
panel_04_down,panel_04_down__corner_2,panel_04_down,corner_2,panel_landmarks,panel_04_down__corner_2::gamut_009_cyy,9,gamut_009_cyy,cyy,0.3333333333333333,0.0,0.6666666666666666,0.3333333333333333,0.5773502691896257,#bdd749,0.7411764705882353,0.8431372549019608,0.28627450980392155,81.78436408497542,-27.531586792779173,64.35620557265086,"[[0.5000000000000001, 0.5292377467571565], [0.3541666666666665, 0.6134346610139771], [0.31666666666666654, 0.5484827557301443], [0.4999999999999999, 0.44263520637871295], [0.49999999999999994, 0.4426352063787134], [0.49999999999999994, 0.529237746757157]]",6,2,2,simple,60,1502,659,60,60,60,1.0,0.65,0.65,5,98.0,,0,0.0,#348c66,0.20392157,0.54901963,0.4,52.35799610401524,-35.89167478963934,13.137715832230313,52.52656742571726,-35.85134750539892,13.082626435752461,32.01074347718865,59.65849390619653,0.6285876630136983,1.274683384658295,0.4138966292837188,159.8954556408662,38.22056902367712
panel_04_down,panel_04_down__corner_2,panel_04_down,corner_2,panel_landmarks,panel_04_down__corner_2::gamut_010_cycyy,10,gamut_010_cycyy,cycyy,0.4,0.0,0.6,0.3,0.5196152422706631,#b0d558,0.6901960784313725,0.8352941176470589,0.34509803921568627,80.47282173371678,-30.62907611862564,56.47710040787457,"[[0.49999999999999994, 0.44263520637871295], [0.3166666666666666, 0.5484827557301443], [0.27500000000000013, 0.47631397208144144], [0.5, 0.3464101615137757], [0.5, 0.34641016151377535], [0.5, 0.4426352063787127]]",6,2,2,simple,143,2137,908,146,143,146,1.0,0.65,0.65,5,98.0,2.3112086470145248,3,0.02054794520547945,#3a9159,0.22745098,0.5686275,0.34901962,53.85173438947331,-39.06536529380211,22.14311547801526,53.79479075421926,-39.05943139001612,22.054984557773658,26.195408572364155,44.25692926086091,0.986154894569642,1.842362192325582,0.5312235221486408,150.45447371709145,44.904569128440784
panel_04_down,panel_04_down__corner_2,panel_04_down,corner_2,panel_landmarks,panel_04_down__corner_2::gamut_011_cy,11,gamut_011_cy,cy,0.5,0.0,0.5,0.25,0.4330127018922193,#9cd36e,0.611764705882353,0.8274509803921568,0.43137254901960786,78.9150462873468,-34.99013382693389,44.14872186254153,"[[0.4999999999999999, 0.3464101615137758], [0.2750000000000002, 0.47631397208144144], [0.22500000000000003, 0.3897114317029974], [0.45, 0.25980762113533157], [0.45, 0.25980762113533157], [0.5, 0.28867513459481287], [0.5, 0.34641016151377524]]",6,2,2,simple,79,3009,1270,79,79,79,1.0,0.65,0.65,7,98.0,,0,0.0,#469b48,0.27450982,0.60784316,0.28235295,57.3298594453957,-43.050203310816826,35.322113095997175,57.22318051059553,-42.99423847266264,35.33259851081181,17.984679593366778,24.673751911790745,0.5098301730682137,0.9711941068169095,0.27123675169277994,140.63158209197803,55.68636887667465
panel_04_down,panel_04_down__corner_2,panel_04_down,corner_2,panel_landmarks,panel_04_down__corner_2::gamut_012_ccycy,12,gamut_012_ccycy,ccycy,0.6,0.0,0.4,0.2,0.34641016151377546,#88d184,0.5333333333333333,0.8196078431372549,0.5176470588235295,77.57843488375325,-37.888046728189686,31.195962138943845,"[[0.36666666666666653, 0.21169509870286277], [0.36666666666666714, 0.21169509870286302], [0.45, 0.25980762113533157], [0.225, 0.3897114317029973], [0.18333333333333335, 0.3175426480542941]]",6,2,2,simple,137,2121,905,140,137,140,1.0,0.65,0.65,5,98.0,2.677713572351928,3,0.02142857142857143,#57a544,0.34117648,0.64705884,0.26666668,61.019137223620206,-42.8214702496999,41.92146501791735,60.986465239791485,-42.84377540233586,42.04289796299383,13.474411401461602,20.336799616614872,1.3471981718480077,2.1780680684561564,0.6508044892803659,135.60848214078237,59.92568350544199
panel_04_down,panel_04_down__corner_2,panel_04_down,corner_2,panel_landmarks,panel_04_down__corner_2::gamut_013_ccy,13,gamut_013_ccy,ccy,0.6666666666666666,0.0,0.3333333333333333,0.16666666666666666,0.28867513459481287,#7bcf92,0.4823529411764706,0.8117647058823529,0.5725490196078431,76.6242576233587,-38.596781108295175,22.516384217852845,"[[0.29166666666666674, 0.16839382851364088], [0.29166666666666674, 0.16839382851364088], [0.3666666666666666, 0.21169509870286274], [0.18333333333333332, 0.3175426480542941], [0.14583333333333337, 0.2525907427704613]]",6,2,2,simple,68,1520,673,68,68,68,1.0,0.65,0.65,5,98.0,,0,0.0,#63a93b,0.3882353,0.6627451,0.23137255,62.796336118994645,-41.81635584634738,48.36093030762019,62.946418205874835,-41.83504214696944,48.28889205234047,14.65393453063815,29.487584458732226,0.6573827399709411,1.132273518844077,0.3963233240647585,130.8490630797316,63.932677063351946
panel_04_down,panel_04_down__corner_2,panel_04_down,corner_2,panel_landmarks,panel_04_down__corner_2::gamut_014_ccyc,14,gamut_014_ccyc,ccyc,0.75,0.0,0.25,0.125,0.21650635094610965,#6bcda5,0.4196078431372549,0.803921568627451,0.6470588235294118,75.7627364620849,-38.23104893684348,11.116976934990475,"[[0.22499999999999984, 0.12990381056766567], [0.2916666666666667, 0.16839382851364085], [0.14583333333333337, 0.2525907427704613], [0.11250000000000002, 0.1948557158514987], [0.22500000000000003, 0.12990381056766576]]",6,2,2,simple,71,1095,468,71,71,71,1.0,0.65,0.65,4,98.0,,0,0.0,#73ae30,0.4509804,0.68235296,0.1882353,65.07183826117883,-38.754869179868756,55.56586173025604,65.36968078520651,-38.7700365434128,55.6935986604448,20.010175798804017,45.71950406043278,1.2333996059834045,2.1614731501861564,0.6788679904293711,124.89416449423521,67.74588456116484
panel_04_down,panel_04_down__corner_2,panel_04_down,corner_2,panel_landmarks,panel_04_down__corner_2::gamut_015_ccycc,15,gamut_015_ccycc,ccycc,0.8,0.0,0.2,0.1,0.17320508075688773,#61ccb0,0.3803921568627451,0.8,0.6901960784313725,75.36328019947463,-37.63795429928929,4.586277188762633,"[[0.22499999999999995, 0.12990381056766578], [0.11249999999999999, 0.19485571585149866], [0.04999999999999999, 0.08660254037844385], [0.1, 0.05773502691896256]]",6,2,2,simple,84,1257,561,84,84,84,1.0,0.65,0.65,5,98.0,,0,0.0,#7eb128,0.49411765,0.6921569,0.15490197,66.45315876999773,-36.13024964280656,59.93924230813501,66.45006542752203,-36.22368055444635,59.948142175954594,24.229591178377028,56.08577524404613,2.086990546347596,3.1168533669135448,0.8880867672774716,121.080783514664,69.98648232140864
panel_04_down,panel_04_down__corner_2,panel_04_down,corner_2,panel_landmarks,panel_04_down__corner_2::gamut_016_c,16,gamut_016_c,c,1.0,0.0,0.0,0.0,0.0,#3ac8dc,0.22745098039215686,0.7843137254901961,0.8627450980392157,74.42655654335444,-30.326087604312878,-20.705156122725967,"[[0.1, 0.057735026918962574], [0.05, 0.08660254037844387], [0.0, 0.0], [0.10000000000000002, 0.0]]",6,2,2,simple,49,646,284,49,49,49,1.0,0.65,0.65,4,98.0,,0,0.0,#ecdc10,0.9254902,0.8627451,0.0627451,86.61834722881837,-12.800749459170536,84.74914298637407,86.64495009661466,-12.615384472256059,84.73796023771028,45.8073155803541,107.59361708675512,0.22794144251728712,0.44854064585222864,0.14069696035936724,98.5891910027309,85.7104219079648
panel_04_down,panel_04_down__corner_2,panel_04_down,corner_2,panel_landmarks,panel_04_down__corner_2::gamut_017_ccmcc,17,gamut_017_ccmcc,ccmcc,0.8,0.2,0.0,0.2,0.0,#55a5ce,0.3333333333333333,0.6470588235294118,0.807843137254902,64.39915620027084,-12.522958683054753,-28.313954637547667,"[[0.22499999999999998, 0.12990381056766578], [0.22499999999999992, 0.12990381056766576], [0.1, 0.05773502691896257], [0.10000000000000002, 0.0], [0.22499999999999998, 0.0]]",6,2,2,simple,69,1274,548,69,69,69,1.0,0.65,0.65,6,98.0,,0,0.0,#a2ac2b,0.63529414,0.6745098,0.16862746,67.54732923437383,-19.288407078987436,60.83228673402591,67.61465934752417,-19.25212861233047,60.92509918059883,49.55066680287716,89.4580048745194,0.5986259873432022,1.0548456740348928,0.31388509217370164,107.59252815223454,63.81700209924842
panel_04_down,panel_04_down__corner_2,panel_04_down,corner_2,panel_landmarks,panel_04_down__corner_2::gamut_018_ccmc,18,gamut_018_ccmc,ccmc,0.75,0.25,0.0,0.25,0.0,#5c9cca,0.3607843137254902,0.611764705882353,0.792156862745098,61.92440441812144,-7.364048329696504,-29.88546306665585,"[[0.29166666666666663, 0.16839382851364085], [0.29166666666666674, 0.16839382851364088], [0.22499999999999992, 0.12990381056766573], [0.22499999999999995, 0.12990381056766576], [0.22499999999999998, 0.0], [0.29166666666666674, 0.0]]",6,2,2,simple,41,1133,480,41,41,41,1.0,0.65,0.65,6,98.0,,0,0.0,#9ea931,0.61960787,0.6627451,0.19215687,66.43163094000496,-19.38050068379027,57.18205198161945,66.40316022944913,-19.53234870836524,57.11633021156131,51.057303881058964,88.00830866900819,0.32420443609558225,0.8807294981399049,0.2583030231948928,108.7228707814885,60.37707243302729
panel_04_down,panel_04_down__corner_2,panel_04_down,corner_2,panel_landmarks,panel_04_down__corner_2::gamut_019_ccm,19,gamut_019_ccm,ccm,0.6666666666666666,0.3333333333333333,0.0,0.3333333333333333,0.0,#678dc4,0.403921568627451,0.5529411764705883,0.7686274509803922,57.95834963869487,1.909786468417607,-32.625876079859225,"[[0.3666666666666667, 0.2116950987028628], [0.36666666666666675, 0.2116950987028628], [0.29166666666666674, 0.16839382851364085], [0.2916666666666667, 0.16839382851364082], [0.2916666666666667, 0.0], [0.3666666666666667, 0.0]]",6,2,2,simple,57,1544,690,57,57,57,1.0,0.65,0.65,7,98.0,,0,0.0,#93a23a,0.5764706,0.63529414,0.22745098,63.639118113955504,-19.770600949350403,50.123890319610354,63.64556988124628,-19.825480384425884,50.42675681783194,51.948288433209065,85.73117384137939,0.31359623585431495,0.6171396483877446,0.15569613611918018,111.52599600234925,53.882103176015534
panel_04_down,panel_04_down__corner_2,panel_04_down,corner_2,panel_landmarks,panel_04_down__corner_2::gamut_020_ccmcm,20,gamut_020_ccmcm,ccmcm,0.6,0.4,0.0,0.4,0.0,#7082c0,0.4392156862745098,0.5098039215686274,0.7529411764705882,55.29267420281303,9.505154374171154,-34.4733226879592,"[[0.44999999999999996, 0.25980762113533157], [0.4500000000000001, 0.2598076211353316], [0.3666666666666665, 0.21169509870286266], [0.36666666666666675, 0.21169509870286288], [0.3666666666666667, 0.0], [0.44999999999999996, 0.0]]",6,2,2,simple,60,2149,928,60,60,60,1.0,0.65,0.65,8,98.0,,0,0.0,#8f9e41,0.56078434,0.61960787,0.25490198,62.23749675395094,-19.293131297917434,45.85149349516991,62.116948305634395,-19.2878992862249,45.736338877643114,51.53264508120576,85.6133629334317,0.5590324433073766,1.215227645858505,0.41555481338209055,112.82010836292159,49.74519445148737
panel_04_down,panel_04_down__corner_2,panel_04_down,corner_2,panel_landmarks,panel_04_down__corner_2::gamut_021_cm,21,gamut_021_cm,cm,0.5,0.5,0.0,0.5,0.0,#7e70b9,0.49411764705882355,0.4392156862745098,0.7254901960784313,51.29732537689088,22.192773865570615,-36.6472398512226,"[[0.55, 0.2598076211353316], [0.5, 0.2886751345948129], [0.4500000000000002, 0.25980762113533173], [0.44999999999999996, 0.25980762113533157], [0.44999999999999996, 0.0], [0.55, 0.0]]",6,2,2,simple,207,2974,1284,210,207,210,1.0,0.65,0.65,8,98.0,1.120116032974669,3,0.014285714285714285,#869748,0.5254902,0.5921569,0.28235295,59.5889958737356,-18.50345717840679,39.142196674505826,59.55969265320226,-18.549957759186963,38.956850213577944,56.626235156314124,86.42322436533165,0.3893554492243856,0.8752989901905277,0.2718201705036131,115.30122703390305,43.2953749037796
panel_04_down,panel_04_down__corner_2,panel_04_down,corner_2,panel_landmarks,panel_04_down__corner_2::gamut_022_cmcmm,22,gamut_022_cmcmm,cmcmm,0.4,0.6,0.0,0.6,0.0,#8c5fb2,0.5490196078431373,0.37254901960784315,0.6980392156862745,48.227853537804535,34.47023920646486,-37.32564454758596,"[[0.6333333333333334, 0.2116950987028627], [0.6333333333333331, 0.211695098702863], [0.5500000000000002, 0.25980762113533157], [0.55, 0.2598076211353316], [0.55, 0.0], [0.6333333333333334, 0.0]]",6,2,2,simple,80,2138,973,80,80,80,1.0,0.65,0.65,8,98.0,,0,0.0,#7f9057,0.49803922,0.5647059,0.34117648,57.25016815969883,-15.860116914709149,28.37937420329311,57.190550857892035,-15.792941206149331,28.380142681245143,56.29180905766925,83.25680991651083,0.5108035174232032,1.2238970569683911,0.3277170917475216,119.19910890208655,32.510493516998196
panel_04_down,panel_04_down__corner_2,panel_04_down,corner_2,panel_landmarks,panel_04_down__corner_2::gamut_023_cmm,23,gamut_023_cmm,cmm,0.3333333333333333,0.6666666666666666,0.0,0.6666666666666666,0.0,#9553ad,0.5843137254901961,0.3254901960784314,0.6784313725490196,46.43717552780805,42.58465688514468,-37.152504170448154,"[[0.7083333333333331, 0.168393828513641], [0.7083333333333331, 0.168393828513641], [0.6333333333333333, 0.2116950987028628], [0.6333333333333334, 0.0], [0.7083333333333333, 0.0]]",6,2,2,simple,45,1592,673,45,45,45,1.0,0.65,0.65,7,98.0,,0,0.0,#7a8a5c,0.47843137,0.5411765,0.36078432,55.16202100041228,-14.276627590716961,23.280669284546065,55.38631043667154,-14.219398453135991,23.207630731573822,55.48599995062935,83.4355862603428,0.3857702911432113,0.7609632373624345,0.29525013258248534,121.51827328660374,27.309552499087705
panel_04_down,panel_04_down__corner_2,panel_04_down,corner_2,panel_landmarks,panel_04_down__corner_2::gamut_024_mcmm,24,gamut_024_mcmm,mcmm,0.25,0.75,0.0,0.75,0.0,#a044a7,0.6274509803921569,0.26666666666666666,0.6549019607843137,44.800029665938034,51.92297921655648,-36.09631750039897,"[[0.7750000000000006, 0.12990381056766542], [0.7750000000000004, 0.12990381056766562], [0.7083333333333331, 0.16839382851364093], [0.7083333333333331, 0.0], [0.7750000000000006, 0.0]]",6,2,2,simple,49,1099,499,49,49,49,1.0,0.65,0.65,6,98.0,,0,0.0,#768466,0.4627451,0.5176471,0.4,53.26929177889792,-10.515711298596964,14.530414976604455,53.232988343302324,-10.612711732736685,14.548211979654411,50.59405835381806,80.82935429213327,0.6030447405129643,0.9339232035067979,0.28390776895027153,125.89338874731573,17.93636372032444
panel_04_down,panel_04_down__corner_2,panel_04_down,corner_2,panel_landmarks,panel_04_down__corner_2::gamut_025_mmcmm,25,gamut_025_mmcmm,mmcmm,0.2,0.8,0.0,0.8,0.0,#a73ca4,0.6549019607843137,0.23529411764705882,0.6431372549019608,44.4176754796398,56.71421828170675,-34.84717030635769,"[[0.7750000000000006, 0.12990381056766537], [0.7750000000000006, 0.0], [0.8999999999999999, 0.0], [0.8999999999999999, 0.05773502691896263]]",6,2,2,simple,59,1288,542,59,59,59,1.0,0.65,0.65,6,98.0,,0,0.0,#6f7b68,0.43529412,0.48235294,0.40784314,50.14732997576705,-8.288744026742567,8.471836391146192,50.02889934554272,-8.288196456791312,8.724946740441036,45.5397525867057,78.32464740282626,0.7931939691257321,1.257018393352579,0.3828846507199526,134.3741265383668,11.852227190667985
panel_04_down,panel_04_down__corner_2,panel_04_down,corner_2,panel_landmarks,panel_04_down__corner_2::gamut_026_m,26,gamut_026_m,m,0.0,1.0,0.0,1.0,0.0,#c31996,0.7647058823529411,0.09803921568627451,0.5882352941176471,44.94517938493525,71.41561872915153,-25.286338363609783,"[[0.8999999999999999, 0.05773502691896262], [0.8999999999999999, 0.0], [1.0, 0.0], [0.95, 0.08660254037844395]]",6,2,2,simple,40,629,262,40,40,0,0.0,0.65,0.65,4,98.0,,0,0.0,#656e73,0.39607844,0.43137255,0.4509804,45.84731895723613,-2.2977963533686863,-3.941274223437663,45.96333107329348,-2.471470125847039,-3.5302993922434025,20.52010474026973,76.74694249339117,1.007041476956741,1.9693140010531767,0.6828757455711504,239.75745137322355,4.562182655910281
panel_04_down,panel_04_down__corner_2,panel_04_down,corner_2,panel_landmarks,panel_04_down__corner_2::gamut_027_mmymm,27,gamut_027_mmymm,mmymm,0.0,0.8,0.2,0.9,0.17320508075688773,#cf4078,0.8117647058823529,0.25098039215686274,0.47058823529411764,49.84848124885772,60.188269024954224,0.4786347756794429,"[[0.7750000000000004, 0.12990381056766553], [0.7750000000000004, 0.1299038105676656], [0.8999999999999999, 0.05773502691896262], [0.95, 0.08660254037844393], [0.8875000000000002, 0.19485571585149836]]",6,2,2,simple,69,1273,546,69,69,69,1.0,0.65,0.65,5,98.0,,0,0.0,#63737f,0.3882353,0.4509804,0.49803922,47.554249518189444,-2.945427240920062,-9.089737384901643,47.226633122929044,-3.0745799220221413,-8.940890448956166,32.4520191233565,63.8958594059823,3.2100143753178054,4.822471911971176,1.3758667967264075,252.0456658531877,9.555044079334879
panel_04_down,panel_04_down__corner_2,panel_04_down,corner_2,panel_landmarks,panel_04_down__corner_2::gamut_028_mmym,28,gamut_028_mmym,mmym,0.0,0.75,0.25,0.875,0.21650635094610965,#d24a70,0.8235294117647058,0.2901960784313726,0.4392156862745098,51.57960032045129,56.37809473471766,7.85956369537153,"[[0.7083333333333333, 0.16839382851364088], [0.708333333333333, 0.1683938285136411], [0.7750000000000006, 0.12990381056766553], [0.7750000000000005, 0.12990381056766556], [0.8875000000000002, 0.19485571585149838], [0.8541666666666666, 0.2525907427704614]]",6,2,2,simple,72,1083,460,72,72,72,1.0,0.65,0.65,4,98.0,,0,0.0,#607383,0.3745098,0.4509804,0.5137255,47.512655397657035,-2.9939363484736417,-11.50793750793575,47.04503892976791,-2.9786950532547314,-11.557749400228362,34.68785674157162,62.583370145818975,2.9359363159123077,4.0796150208396345,1.2947496493386617,255.41705120240835,11.891016800310485
panel_04_down,panel_04_down__corner_2,panel_04_down,corner_2,panel_landmarks,panel_04_down__corner_2::gamut_029_mmy,29,gamut_029_mmy,mmy,0.0,0.6666666666666666,0.3333333333333333,0.8333333333333333,0.28867513459481287,#d75b64,0.8431372549019608,0.3568627450980392,0.39215686274509803,54.92109472478978,49.47976671792647,19.744343642877826,"[[0.6333333333333329, 0.21169509870286304], [0.6333333333333332, 0.2116950987028628], [0.708333333333333, 0.16839382851364093], [0.7083333333333333, 0.16839382851364088], [0.8541666666666666, 0.25259074277046145], [0.8166666666666667, 0.3175426480542943]]",6,2,2,simple,70,1535,657,70,70,70,1.0,0.65,0.65,5,98.0,,0,0.0,#5a7386,0.3529412,0.4509804,0.5254902,47.19634502799183,-3.9856297455415635,-13.874162129143762,47.11454962680011,-4.104952294953452,-13.778230545332224,37.5833375295779,63.62722929074823,1.1479101107432272,2.360146156952236,0.751011529966795,253.97223246677999,14.4352907575259
panel_04_down,panel_04_down__corner_2,panel_04_down,corner_2,panel_landmarks,panel_04_down__corner_2::gamut_030_mmymy,30,gamut_030_mmymy,mmymy,0.0,0.6,0.4,0.8,0.34641016151377546,#db685a,0.8588235294117647,0.40784313725490196,0.35294117647058826,57.754183854481255,43.898425701771274,29.352331819167688,"[[0.5500000000000003, 0.2598076211353315], [0.5500000000000003, 0.2598076211353315], [0.6333333333333333, 0.21169509870286285], [0.6333333333333329, 0.21169509870286302], [0.8166666666666665, 0.3175426480542942], [0.775, 0.38971143170299727]]",6,2,2,simple,67,2160,914,67,67,67,1.0,0.65,0.65,6,98.0,,0,0.0,#57768d,0.34117648,0.4627451,0.5529412,48.08002569443683,-4.700066748147991,-15.86284483651832,48.238629322929555,-4.73064508878425,-15.91593926945435,39.20272822646391,67.08066043589096,2.215887680749856,3.50705836584567,1.043538520235728,253.4957562470832,16.544499803393947
panel_04_down,panel_04_down__corner_3,panel_04_down,corner_3,panel_landmarks,panel_04_down__corner_3::gamut_001_my,1,gamut_001_my,my,0.0,0.5,0.5,0.75,0.4330127018922193,#e17c4b,0.8823529411764706,0.48627450980392156,0.29411764705882354,62.45289702748056,35.06929839281481,43.41945673452145,"[[0.5, 0.34641016151377513], [0.5, 0.34641016151377513], [0.5, 0.28867513459481287], [0.55, 0.2598076211353315], [0.5500000000000003, 0.25980762113533146], [0.7750000000000001, 0.38971143170299727], [0.7250000000000001, 0.47631397208144116]]",6,2,2,simple,102,2378,1024,104,102,104,1.0,0.65,0.65,6,98.0,1.3056186753323238,2,0.019230769230769232,#4b6d8c,0.29411766,0.42745098,0.54901963,44.72514593017191,-3.631510852038833,-20.442660143352033,44.737864398162394,-3.5061803686325304,-20.46394363852058,42.71401172397934,76.74891378578494,0.6623815442091134,0.9549975892142465,0.2725950306638413,259.92684602437157,20.76271236628465
panel_04_down,panel_04_down__corner_3,panel_04_down,corner_3,panel_landmarks,panel_04_down__corner_3::gamut_002_mymyy,2,gamut_002_mymyy,mymyy,0.0,0.4,0.6,0.7,0.5196152422706631,#e78f3c,0.9058823529411765,0.5607843137254902,0.23529411764705882,67.25038043422728,26.766151588117626,56.050858524577286,"[[0.49999999999999994, 0.44263520637871284], [0.49999999999999994, 0.44263520637871284], [0.49999999999999994, 0.3464101615137752], [0.7250000000000001, 0.47631397208144116], [0.6833333333333335, 0.5484827557301443]]",6,2,2,simple,73,1739,731,73,73,73,1.0,0.65,0.65,5,98.0,,0,0.0,#516d83,0.31764707,0.42745098,0.5137255,44.65677268493387,-3.9485393890850706,-15.764185303271372,44.69499745417645,-3.8918782350049717,-15.707208690735843,43.66180038979383,81.30967883929816,0.8405310636450307,1.2783893193328049,0.38261091809444264,255.93812745518022,16.25116923741284
panel_04_down,panel_04_down__corner_3,panel_04_down,corner_3,panel_landmarks,panel_04_down__corner_3::gamut_003_myy,3,gamut_003_myy,myy,0.0,0.3333333333333333,0.6666666666666666,0.6666666666666666,0.5773502691896257,#eb9d32,0.9215686274509803,0.615686274509804,0.19607843137254902,70.87834005274337,20.623964460334378,63.79337035503971,"[[0.5, 0.5292377467571571], [0.4999999999999999, 0.5292377467571567], [0.49999999999999994, 0.4426352063787129], [0.6833333333333335, 0.5484827557301444], [0.6458333333333334, 0.6134346610139774]]",6,2,2,simple,91,1297,532,91,91,91,1.0,0.65,0.65,4,98.0,,0,0.0,#536b7f,0.3254902,0.41960785,0.49803922,44.069131370926,-3.9070280674108337,-14.072002718413511,44.06011819389393,-3.699945945496661,-14.175754080781957,45.218027396949054,85.92740883099862,0.6973476082921946,1.1834902087003971,0.44137757529025046,254.48292591376816,14.60431884158153
panel_04_down,panel_04_down__corner_3,panel_04_down,corner_3,panel_landmarks,panel_04_down__corner_3::gamut_004_ymyy,4,gamut_004_ymyy,ymyy,0.0,0.25,0.75,0.625,0.649519052838329,#f0ad25,0.9411764705882353,0.6784313725490196,0.1450980392156863,75.17069205620427,13.897348872566884,71.97054159381838,"[[0.5, 0.6062177826491071], [0.5, 0.6062177826491071], [0.5, 0.529237746757157], [0.6458333333333334, 0.6134346610139774], [0.6125, 0.6711696879329399]]",6,2,2,simple,43,873,396,43,43,43,1.0,0.65,0.65,4,98.0,,0,0.0,#576a7b,0.34117648,0.41568628,0.48235294,43.892380998926164,-2.8293233317111532,-11.739052129260719,43.676113166729806,-2.8127472587811404,-11.718289550264915,48.83310811527243,90.91430243316053,1.139459256076493,1.5847524867265506,0.4402227378865755,256.44912688765737,12.075198358986311
panel_04_down,panel_04_down__corner_3,panel_04_down,corner_3,panel_landmarks,panel_04_down__corner_3::gamut_005_yymyy,5,gamut_005_yymyy,yymyy,0.0,0.2,0.8,0.6000000000000001,0.6928203230275509,#f3b71e,0.9529411764705882,0.7176470588235294,0.11764705882352941,77.88658998186094,9.774007373456461,76.02676705068747,"[[0.5, 0.7505553499465134], [0.5, 0.6062177826491071], [0.6125, 0.6711696879329399], [0.55, 0.7794228634059948]]",6,2,2,simple,70,1030,467,70,70,70,1.0,0.65,0.65,5,98.0,,0,0.0,#556574,0.33333334,0.39607844,0.45490196,41.98087617556152,-2.096000737565315,-10.344889816067043,41.921539216817564,-2.0988976290414545,-10.37747200145947,50.90046412658196,94.28775363961104,0.9573458234950181,1.8485922863736701,0.5145142126667711,258.54622929407117,10.555091870677487
panel_04_down,panel_04_down__corner_3,panel_04_down,corner_3,panel_landmarks,panel_04_down__corner_3::gamut_006_y,6,gamut_006_y,y,0.0,0.0,1.0,0.5,0.8660254037844386,#ffdf00,1.0,0.8745098039215686,0.0,88.94096720886532,-5.949434572648293,88.5567575521992,"[[0.45, 0.7794228634059948], [0.5, 0.7505553499465135], [0.5499999999999999, 0.7794228634059948], [0.5, 0.8660254037844386]]",6,2,2,simple,44,511,229,44,44,0,0.0,0.65,0.65,3,98.0,,0,0.0,#5c5f64,0.36078432,0.37254903,0.39215687,40.212835138789536,-0.07864868723891916,-3.249039314090929,40.20100729733015,-0.29263696120921656,-3.0358230332154648,53.04754857575586,104.10187952292503,0.4804306723472245,1.0567543398068904,0.5563764027035852,268.61332611021373,3.2499910892974553
panel_04_down,panel_04_down__corner_3,panel_04_down,corner_3,panel_landmarks,panel_04_down__corner_3::gamut_007_yycyy,7,gamut_007_yycyy,yycyy,0.2,0.0,0.8,0.4,0.6928203230275509,#d7da2c,0.8431372549019608,0.8549019607843137,0.17254901960784313,84.3667653359768,-19.647053313897157,76.98686095704784,"[[0.45, 0.7794228634059948], [0.38750000000000007, 0.6711696879329401], [0.5, 0.6062177826491071], [0.49999999999999994, 0.606217782649107], [0.5, 0.7505553499465134]]",6,2,2,simple,56,1055,444,56,56,56,1.0,0.65,0.65,5,98.0,,0,0.0,#695a6b,0.40980393,0.3529412,0.41764706,40.15924854026975,9.663012548100426,-7.339844946064316,39.712839355645954,9.55091404836512,-7.2983976097255665,58.1533419782881,99.62117159794562,2.0175216371375573,2.750445640301582,0.6931191861411781,322.7803706295863,12.134543062555432
panel_04_down,panel_04_down__corner_3,panel_04_down,corner_3,panel_landmarks,panel_04_down__corner_3::gamut_008_ycyy,8,gamut_008_ycyy,ycyy,0.25,0.0,0.75,0.375,0.649519052838329,#cdd937,0.803921568627451,0.8509803921568627,0.21568627450980393,83.38010598564017,-22.911475895264044,72.6579380339764,"[[0.49999999999999994, 0.6062177826491072], [0.38750000000000007, 0.6711696879329401], [0.3541666666666665, 0.6134346610139771], [0.4999999999999999, 0.5292377467571566], [0.5, 0.529237746757157], [0.5, 0.606217782649107]]",6,2,2,simple,45,884,392,45,45,45,1.0,0.65,0.65,4,98.0,,0,0.0,#705c70,0.4392157,0.36078432,0.4392157,41.50353147366546,11.446323642503225,-7.844219952280307,41.60015763481725,11.610611124910037,-7.911493389630981,58.1288049104333,97.0293941152814,1.4824292711077405,2.0570314147382804,0.5039245004334494,325.57697391727294,13.876242704301506
panel_04_down,panel_04_down__corner_3,panel_04_down,corner_3,panel_landmarks,panel_04_down__corner_3::gamut_009_cyy,9,gamut_009_cyy,cyy,0.3333333333333333,0.0,0.6666666666666666,0.3333333333333333,0.5773502691896257,#bdd749,0.7411764705882353,0.8431372549019608,0.28627450980392155,81.78436408497542,-27.531586792779173,64.35620557265086,"[[0.5000000000000001, 0.5292377467571565], [0.3541666666666665, 0.6134346610139771], [0.31666666666666654, 0.5484827557301443], [0.4999999999999999, 0.44263520637871295], [0.49999999999999994, 0.4426352063787134], [0.49999999999999994, 0.529237746757157]]",6,2,2,simple,90,1259,530,90,90,90,1.0,0.65,0.65,4,98.0,,0,0.0,#785c74,0.47058824,0.36078432,0.45490196,42.51749584208562,16.072516310727035,-9.708726689425662,42.49636945884384,16.146136656418108,-9.562506904603634,60.279588794989486,94.49242795087684,0.5037760459076622,0.8818317236520948,0.24929901841816676,328.8656030208643,18.777250983265702
panel_04_down,panel_04_down__corner_3,panel_04_down,corner_3,panel_landmarks,panel_04_down__corner_3::gamut_010_cycyy,10,gamut_010_cycyy,cycyy,0.4,0.0,0.6,0.3,0.5196152422706631,#b0d558,0.6901960784313725,0.8352941176470589,0.34509803921568627,80.47282173371678,-30.62907611862564,56.47710040787457,"[[0.49999999999999994, 0.44263520637871295], [0.3166666666666666, 0.5484827557301443], [0.27500000000000013, 0.47631397208144144], [0.5, 0.3464101615137757], [0.5, 0.34641016151377535], [0.5, 0.4426352063787127]]",6,2,2,simple,94,1747,746,94,94,94,1.0,0.65,0.65,5,98.0,,0,0.0,#7e5d78,0.49411765,0.3627451,0.46862745,43.53858984706295,18.719999587255202,-9.848369697551622,43.15837292060217,18.70279606874538,-9.896526229467673,60.43575642279104,90.54577153455405,1.6132911540792543,2.761388138307674,0.7727203166435498,332.2516745088111,21.152512149777575
panel_04_down,panel_04_down__corner_3,panel_04_down,corner_3,panel_landmarks,panel_04_down__corner_3::gamut_011_cy,11,gamut_011_cy,cy,0.5,0.0,0.5,0.25,0.4330127018922193,#9cd36e,0.611764705882353,0.8274509803921568,0.43137254901960786,78.9150462873468,-34.99013382693389,44.14872186254153,"[[0.4999999999999999, 0.3464101615137758], [0.2750000000000002, 0.47631397208144144], [0.22500000000000003, 0.3897114317029974], [0.45, 0.25980762113533157], [0.45, 0.25980762113533157], [0.5, 0.28867513459481287], [0.5, 0.34641016151377524]]",6,2,2,simple,131,2391,1055,132,131,132,1.0,0.65,0.65,6,98.0,0.9791713419562612,1,0.007575757575757576,#87597b,0.5294118,0.34901962,0.48235294,43.925272717279924,23.97050749415569,-11.066675796571769,43.932556885604676,24.001760070354656,-11.18583762574992,62.55291680512383,88.03057206523617,0.40957358499191715,0.7407033106819828,0.21988898338143828,335.21822972386803,26.401828397173585
panel_04_down,panel_04_down__corner_3,panel_04_down,corner_3,panel_landmarks,panel_04_down__corner_3::gamut_012_ccycy,12,gamut_012_ccycy,ccycy,0.6,0.0,0.4,0.2,0.34641016151377546,#88d184,0.5333333333333333,0.8196078431372549,0.5176470588235295,77.57843488375325,-37.888046728189686,31.195962138943845,"[[0.36666666666666653, 0.21169509870286277], [0.36666666666666714, 0.21169509870286302], [0.45, 0.25980762113533157], [0.225, 0.3897114317029973], [0.18333333333333335, 0.3175426480542941]]",6,2,2,simple,90,1735,746,90,90,90,1.0,0.65,0.65,5,98.0,,0,0.0,#925780,0.57254905,0.34117648,0.5019608,44.92339645116777,30.563845042701764,-12.60079504060283,44.82739531182722,30.445000868034906,-12.523413897309213,64.72157177396876,87.57950080636246,1.4557231941015143,2.4147954744343973,0.7656630599874049,337.59473282533,33.059471554299925
panel_04_down,panel_04_down__corner_3,panel_04_down,corner_3,panel_landmarks,panel_04_down__corner_3::gamut_013_ccy,13,gamut_013_ccy,ccy,0.6666666666666666,0.0,0.3333333333333333,0.16666666666666666,0.28867513459481287,#7bcf92,0.4823529411764706,0.8117647058823529,0.5725490196078431,76.6242576233587,-38.596781108295175,22.516384217852845,"[[0.29166666666666674, 0.16839382851364088], [0.29166666666666674, 0.16839382851364088], [0.3666666666666666, 0.21169509870286274], [0.18333333333333332, 0.3175426480542941], [0.14583333333333337, 0.2525907427704613]]",6,2,2,simple,103,1264,555,103,103,103,1.0,0.65,0.65,4,98.0,0.9556753510200457,0,0.0,#985482,0.59607846,0.32941177,0.50980395,45.08466327286288,34.982213977390984,-13.512702148166511,45.137971911792235,34.810927091343615,-13.49991640318032,65.86054806158192,87.78786700896279,0.4219963337511577,0.6974607284370583,0.19723604157529823,338.8797747450244,37.50131216511007
panel_04_down,panel_04_down__corner_3,panel_04_down,corner_3,panel_landmarks,panel_04_down__corner_3::gamut_014_ccyc,14,gamut_014_ccyc,ccyc,0.75,0.0,0.25,0.125,0.21650635094610965,#6bcda5,0.4196078431372549,0.803921568627451,0.6470588235294118,75.7627364620849,-38.23104893684348,11.116976934990475,"[[0.22499999999999984, 0.12990381056766567], [0.2916666666666667, 0.16839382851364085], [0.14583333333333337, 0.2525907427704613], [0.11250000000000002, 0.1948557158514987], [0.22500000000000003, 0.12990381056766576]]",6,2,2,simple,92,890,372,92,92,92,1.0,0.65,0.65,3,98.0,,0,0.0,#a15085,0.6333333,0.3137255,0.52156866,46.10130978249262,40.45266038245659,-14.027150902583886,44.96532882269793,40.48638349264376,-14.0076285531544,52.24037111834907,87.76761082327137,1.3714139539886576,3.102508419386864,1.1239934026901668,340.87576999537725,42.81563609783502
panel_04_down,panel_04_down__corner_3,panel_04_down,corner_3,panel_landmarks,panel_04_down__corner_3::gamut_015_ccycc,15,gamut_015_ccycc,ccycc,0.8,0.0,0.2,0.1,0.17320508075688773,#61ccb0,0.3803921568627451,0.8,0.6901960784313725,75.36328019947463,-37.63795429928929,4.586277188762633,"[[0.22499999999999995, 0.12990381056766578], [0.11249999999999999, 0.19485571585149866], [0.04999999999999999, 0.08660254037844385], [0.1, 0.05773502691896256]]",6,2,2,simple,89,1026,454,89,89,89,1.0,0.65,0.65,4,98.0,,0,0.0,#a34881,0.6392157,0.28235295,0.5058824,44.13177832361844,44.265069826930734,-14.08277884513829,44.440141707736466,44.121912002443885,-14.115330734617276,54.60085991324512,89.62168110250288,2.049220879795364,3.687052075688026,1.1506731049851973,342.3517112241583,46.45127626647225
panel_04_down,panel_04_down__corner_3,panel_04_down,corner_3,panel_landmarks,panel_04_down__corner_3::gamut_016_c,16,gamut_016_c,c,1.0,0.0,0.0,0.0,0.0,#3ac8dc,0.22745098039215686,0.7843137254901961,0.8627450980392157,74.42655654335444,-30.326087604312878,-20.705156122725967,"[[0.1, 0.057735026918962574], [0.05, 0.08660254037844387], [0.0, 0.0], [0.10000000000000002, 0.0]]",6,2,2,simple,58,530,227,58,58,58,1.0,0.65,0.65,3,98.0,,0,0.0,#c43883,0.76862746,0.21960784,0.5137255,47.27910988093578,61.26621535131838,-10.33844484627775,47.32243949323743,61.332717774067596,-10.391738629894464,65.7563017839668,96.09163607564523,0.21823718912871798,0.4111008015213611,0.13011425795064263,350.4217853051398,62.13237952399414
panel_04_down,panel_04_down__corner_3,panel_04_down,corner_3,panel_landmarks,panel_04_down__corner_3::gamut_017_ccmcc,17,gamut_017_ccmcc,ccmcc,0.8,0.2,0.0,0.2,0.0,#55a5ce,0.3333333333333333,0.6470588235294118,0.807843137254902,64.39915620027084,-12.522958683054753,-28.313954637547667,"[[0.22499999999999998, 0.12990381056766578], [0.22499999999999992, 0.12990381056766576], [0.1, 0.05773502691896257], [0.10000000000000002, 0.0], [0.22499999999999998, 0.0]]",6,2,2,simple,43,1057,470,43,43,43,1.0,0.65,0.65,6,98.0,,0,0.0,#923e89,0.57254905,0.24313726,0.5372549,40.3665956224762,45.43788861959697,-25.188706222348078,40.37277869338343,45.30784637997163,-25.267943013551317,46.1189135723214,62.82349055586919,0.23412277779933666,0.4087470717921254,0.12528843953358054,330.9980001708313,51.952599967303435
panel_04_down,panel_04_down__corner_3,panel_04_down,corner_3,panel_landmarks,panel_04_down__corner_3::gamut_018_ccmc,18,gamut_018_ccmc,ccmc,0.75,0.25,0.0,0.25,0.0,#5c9cca,0.3607843137254902,0.611764705882353,0.792156862745098,61.92440441812144,-7.364048329696504,-29.88546306665585,"[[0.29166666666666663, 0.16839382851364085], [0.29166666666666674, 0.16839382851364088], [0.22499999999999992, 0.12990381056766573], [0.22499999999999995, 0.12990381056766576], [0.22499999999999998, 0.0], [0.29166666666666674, 0.0]]",6,2,2,simple,59,882,390,59,59,59,1.0,0.65,0.65,5,98.0,,0,0.0,#8a418a,0.5411765,0.25490198,0.5411765,39.613817242378836,42.093203153804524,-27.027463904677617,39.60452786023569,42.18876695405682,-26.994010419424,40.535793425881316,54.33185238548879,0.32515437671508385,0.5194269218334295,0.13575154438016523,327.2960407254946,50.02321018153584
panel_04_down,panel_04_down__corner_3,panel_04_down,corner_3,panel_landmarks,panel_04_down__corner_3::gamut_019_ccm,19,gamut_019_ccm,ccm,0.6666666666666666,0.3333333333333333,0.0,0.3333333333333333,0.0,#678dc4,0.403921568627451,0.5529411764705883,0.7686274509803922,57.95834963869487,1.909786468417607,-32.625876079859225,"[[0.3666666666666667, 0.2116950987028628], [0.36666666666666675, 0.2116950987028628], [0.29166666666666674, 0.16839382851364085], [0.2916666666666667, 0.16839382851364082], [0.2916666666666667, 0.0], [0.3666666666666667, 0.0]]",6,2,2,simple,69,1303,557,69,69,69,1.0,0.65,0.65,6,98.0,,0,0.0,#7d428d,0.49019608,0.25882354,0.5529412,38.163672529040696,37.53754540616303,-31.149708649057196,38.1785246153311,37.7032288268005,-31.31170886888348,30.62968548590985,40.784133178054994,0.25921649219035026,0.5036052997108551,0.13578760203220683,320.31316023975955,48.77880342977777
panel_04_down,panel_04_down__corner_3,panel_04_down,corner_3,panel_landmarks,panel_04_down__corner_3::gamut_020_ccmcm,20,gamut_020_ccmcm,ccmcm,0.6,0.4,0.0,0.4,0.0,#7082c0,0.4392156862745098,0.5098039215686274,0.7529411764705882,55.29267420281303,9.505154374171154,-34.4733226879592,"[[0.44999999999999996, 0.25980762113533157], [0.4500000000000001, 0.2598076211353316], [0.3666666666666665, 0.21169509870286266], [0.36666666666666675, 0.21169509870286288], [0.3666666666666667, 0.0], [0.44999999999999996, 0.0]]",6,2,2,simple,79,1733,762,79,79,79,1.0,0.65,0.65,7,98.0,,0,0.0,#71428c,0.44313726,0.25882354,0.54901963,36.62752868694648,34.32500288234191,-33.053083718650655,36.58727369809811,34.15646096955314,-33.01580742771779,24.032617658986545,31.08745109890745,0.3086212114482976,0.5029603606588485,0.17240787405987745,316.0814635585997,47.651990159749985
panel_04_down,panel_04_down__corner_3,panel_04_down,corner_3,panel_landmarks,panel_04_down__corner_3::gamut_021_cm,21,gamut_021_cm,cm,0.5,0.5,0.0,0.5,0.0,#7e70b9,0.49411764705882355,0.4392156862745098,0.7254901960784313,51.29732537689088,22.192773865570615,-36.6472398512226,"[[0.55, 0.2598076211353316], [0.5, 0.2886751345948129], [0.4500000000000002, 0.25980762113533173], [0.44999999999999996, 0.25980762113533157], [0.44999999999999996, 0.0], [0.55, 0.0]]",6,2,2,simple,139,2461,1051,142,139,142,1.0,0.65,0.65,8,98.0,0.8978326275996164,3,0.02112676056338028,#61428d,0.38039216,0.25882354,0.5529412,34.552449512777706,30.315962150500198,-36.789607991485,34.62716910610312,30.142618383779187,-36.96057873379985,16.044962475111316,18.61175231686525,0.41360373545137646,0.5458172000770226,0.17531717309390113,309.48975176383084,47.671089952692476
panel_04_down,panel_04_down__corner_3,panel_04_down,corner_3,panel_landmarks,panel_04_down__corner_3::gamut_022_cmcmm,22,gamut_022_cmcmm,cmcmm,0.4,0.6,0.0,0.6,0.0,#8c5fb2,0.5490196078431373,0.37254901960784315,0.6980392156862745,48.227853537804535,34.47023920646486,-37.32564454758596,"[[0.6333333333333334, 0.2116950987028627], [0.6333333333333331, 0.211695098702863], [0.5500000000000002, 0.25980762113533157], [0.55, 0.2598076211353316], [0.55, 0.0], [0.6333333333333334, 0.0]]",6,2,2,simple,88,1763,781,88,88,88,1.0,0.65,0.65,7,98.0,,0,0.0,#564693,0.3372549,0.27450982,0.5764706,34.87035394946326,26.048892504719397,-40.45479620689531,34.96318368838311,26.160869700396333,-40.29521363210808,13.31451914935812,16.09762298075387,0.6280497997085395,1.734494168770613,0.6729935486885225,302.77753441120126,48.11585328001424
panel_04_down,panel_04_down__corner_3,panel_04_down,corner_3,panel_landmarks,panel_04_down__corner_3::gamut_023_cmm,23,gamut_023_cmm,cmm,0.3333333333333333,0.6666666666666666,0.0,0.6666666666666666,0.0,#9553ad,0.5843137254901961,0.3254901960784314,0.6784313725490196,46.43717552780805,42.58465688514468,-37.152504170448154,"[[0.7083333333333331, 0.168393828513641], [0.7083333333333331, 0.168393828513641], [0.6333333333333333, 0.2116950987028628], [0.6333333333333334, 0.0], [0.7083333333333333, 0.0]]",6,2,2,simple,62,1259,553,62,62,62,1.0,0.65,0.65,6,98.0,,0,0.0,#504796,0.3137255,0.2784314,0.5882353,34.930268615157615,25.047551736816693,-42.144803905216996,35.011921384764584,24.966374806374446,-42.14586075360194,14.765765219311838,21.56112289102048,0.5201867390165436,0.9555111205233834,0.3019896500668046,300.72391476723897,49.026159794722886
panel_04_down,panel_04_down__corner_3,panel_04_down,corner_3,panel_landmarks,panel_04_down__corner_3::gamut_024_mcmm,24,gamut_024_mcmm,mcmm,0.25,0.75,0.0,0.75,0.0,#a044a7,0.6274509803921569,0.26666666666666666,0.6549019607843137,44.800029665938034,51.92297921655648,-36.09631750039897,"[[0.7750000000000006, 0.12990381056766542], [0.7750000000000004, 0.12990381056766562], [0.7083333333333331, 0.16839382851364093], [0.7083333333333331, 0.0], [0.7750000000000006, 0.0]]",6,2,2,simple,62,919,396,62,62,62,1.0,0.65,0.65,5,98.0,,0,0.0,#424ea0,0.25882354,0.30588236,0.627451,36.39391808459639,20.754886703021988,-45.75769576361493,36.188260858727425,20.583052101461053,-45.79634586548512,20.11427636909356,33.69651217552275,0.7560770971541936,1.4291623471705803,0.4486657067608451,294.3982089724847,50.244721550137214
panel_04_down,panel_04_down__corner_3,panel_04_down,corner_3,panel_landmarks,panel_04_down__corner_3::gamut_025_mmcmm,25,gamut_025_mmcmm,mmcmm,0.2,0.8,0.0,0.8,0.0,#a73ca4,0.6549019607843137,0.23529411764705882,0.6431372549019608,44.4176754796398,56.71421828170675,-34.84717030635769,"[[0.7750000000000006, 0.12990381056766537], [0.7750000000000006, 0.0], [0.8999999999999999, 0.0], [0.8999999999999999, 0.05773502691896263]]",6,2,2,simple,65,1056,439,65,65,65,1.0,0.65,0.65,5,98.0,,0,0.0,#394fa2,0.22352941,0.30980393,0.63529414,36.179587280934605,18.427717973153264,-47.44309473427176,36.58913563857041,18.38761471800919,-47.40343219194866,23.992001793844285,41.138540509359764,0.9914432294257648,2.1881324331101224,0.7445878822250378,291.22703044108675,50.896247677634946
panel_04_down,panel_04_down__corner_3,panel_04_down,corner_3,panel_landmarks,panel_04_down__corner_3::gamut_026_m,26,gamut_026_m,m,0.0,1.0,0.0,1.0,0.0,#c31996,0.7647058823529411,0.09803921568627451,0.5882352941176471,44.94517938493525,71.41561872915153,-25.286338363609783,"[[0.8999999999999999, 0.05773502691896262], [0.8999999999999999, 0.0], [1.0, 0.0], [0.95, 0.08660254037844395]]",6,2,2,simple,66,519,241,66,66,66,1.0,0.65,0.65,3,98.0,,0,0.0,#1267bd,0.07058824,0.40392157,0.7411765,43.477636124790976,9.294608477296297,-51.677940330402286,43.57402350754856,9.237553850494471,-51.668760415507464,37.421920564192234,67.51066769263288,0.3489665306359566,0.7590342140476106,0.22776171832940195,280.1960042415558,52.507135358338175
panel_04_down,panel_04_down__corner_3,panel_04_down,corner_3,panel_landmarks,panel_04_down__corner_3::gamut_027_mmymm,27,gamut_027_mmymm,mmymm,0.0,0.8,0.2,0.9,0.17320508075688773,#cf4078,0.8117647058823529,0.25098039215686274,0.47058823529411764,49.84848124885772,60.188269024954224,0.4786347756794429,"[[0.7750000000000004, 0.12990381056766553], [0.7750000000000004, 0.1299038105676656], [0.8999999999999999, 0.05773502691896262], [0.95, 0.08660254037844393], [0.8875000000000002, 0.19485571585149836]]",6,2,2,simple,83,1029,438,83,83,83,1.0,0.65,0.65,4,98.0,,0,0.0,#2c67a0,0.17254902,0.40392157,0.627451,42.418731322059244,0.6322727713954923,-36.37729343857903,42.38686364881256,0.7257495783779169,-36.559231509716504,41.24339839121726,70.4306560970664,1.4583153326726899,2.557565779920564,0.7805376263736212,270.995756158462,36.38278778177853
panel_04_down,panel_04_down__corner_3,panel_04_down,corner_3,panel_landmarks,panel_04_down__corner_3::gamut_028_mmym,28,gamut_028_mmym,mmym,0.0,0.75,0.25,0.875,0.21650635094610965,#d24a70,0.8235294117647058,0.2901960784313726,0.4392156862745098,51.57960032045129,56.37809473471766,7.85956369537153,"[[0.7083333333333333, 0.16839382851364088], [0.708333333333333, 0.1683938285136411], [0.7750000000000006, 0.12990381056766553], [0.7750000000000005, 0.12990381056766556], [0.8875000000000002, 0.19485571585149838], [0.8541666666666666, 0.2525907427704614]]",6,2,2,simple,95,859,379,95,95,95,1.0,0.65,0.65,3,98.0,,0,0.0,#32699e,0.19607843,0.4117647,0.61960787,43.18682786323127,-0.786805922757372,-33.641388391393,43.31651242067175,-0.7971635090005494,-33.78176946001882,41.76819816418343,71.13784872208034,1.0034497191411555,1.7222128806369015,0.43130337611675557,268.6602086354568,33.65058805519805
panel_04_down,panel_04_down__corner_3,panel_04_down,corner_3,panel_landmarks,panel_04_down__corner_3::gamut_029_mmy,29,gamut_029_mmy,mmy,0.0,0.6666666666666666,0.3333333333333333,0.8333333333333333,0.28867513459481287,#d75b64,0.8431372549019608,0.3568627450980392,0.39215686274509803,54.92109472478978,49.47976671792647,19.744343642877826,"[[0.6333333333333329, 0.21169509870286304], [0.6333333333333332, 0.2116950987028628], [0.708333333333333, 0.16839382851364093], [0.7083333333333333, 0.16839382851364088], [0.8541666666666666, 0.25259074277046145], [0.8166666666666667, 0.3175426480542943]]",6,2,2,simple,88,1265,539,88,88,88,1.0,0.65,0.65,4,98.0,,0,0.0,#3c6c98,0.23529412,0.42352942,0.59607846,44.20862965541016,-2.920215990424857,-28.373095110860426,44.24334740080664,-2.8058159437624637,-28.400002311501293,42.213076521861986,71.94305392404432,0.6426095775680176,1.0500117620570393,0.33156730564940257,264.12369401495414,28.522976485645128
panel_04_down,panel_04_down__corner_3,panel_04_down,corner_3,panel_landmarks,panel_04_down__corner_3::gamut_030_mmymy,30,gamut_030_mmymy,mmymy,0.0,0.6,0.4,0.8,0.34641016151377546,#db685a,0.8588235294117647,0.40784313725490196,0.35294117647058826,57.754183854481255,43.898425701771274,29.352331819167688,"[[0.5500000000000003, 0.2598076211353315], [0.5500000000000003, 0.2598076211353315], [0.6333333333333333, 0.21169509870286285], [0.6333333333333329, 0.21169509870286302], [0.8166666666666665, 0.3175426480542942], [0.775, 0.38971143170299727]]",6,2,2,simple,68,1736,730,68,68,68,1.0,0.65,0.65,5,98.0,,0,0.0,#416d94,0.25490198,0.42745098,0.5803922,44.46762475191838,-3.2681963345661256,-25.658181150250535,44.47631728030484,-3.2693322726067344,-25.564939581340973,42.324153239881234,73.67075012692035,0.6989712600004913,1.4362545458222649,0.4415563211291197,262.741070910473,25.865486023277107
panel_04_down,panel_04_down__center,panel_04_down,center,panel_landmarks,panel_04_down__center::gamut_001_my,1,gamut_001_my,my,0.0,0.5,0.5,0.75,0.4330127018922193,#e17c4b,0.8823529411764706,0.48627450980392156,0.29411764705882354,62.45289702748056,35.06929839281481,43.41945673452145,"[[0.5, 0.34641016151377513], [0.5, 0.34641016151377513], [0.5, 0.28867513459481287], [0.55, 0.2598076211353315], [0.5500000000000003, 0.25980762113533146], [0.7750000000000001, 0.38971143170299727], [0.7250000000000001, 0.47631397208144116]]",6,2,2,simple,173,2701,1190,175,173,175,1.0,0.65,0.65,8,98.0,1.038591292689584,2,0.011428571428571429,#5c3e86,0.36078432,0.24313726,0.5254902,32.792107796344176,29.131509746461365,-35.73499498920234,32.8127364030997,29.503641892412265,-35.92747529470248,48.97520635973925,84.7375181339764,0.264601863577383,0.8208985896718398,0.2955135330113391,309.1872482550399,46.1046063532321
panel_04_down,panel_04_down__center,panel_04_down,center,panel_landmarks,panel_04_down__center::gamut_002_mymyy,2,gamut_002_mymyy,mymyy,0.0,0.4,0.6,0.7,0.5196152422706631,#e78f3c,0.9058823529411765,0.5607843137254902,0.23529411764705882,67.25038043422728,26.766151588117626,56.050858524577286,"[[0.49999999999999994, 0.44263520637871284], [0.49999999999999994, 0.44263520637871284], [0.49999999999999994, 0.3464101615137752], [0.7250000000000001, 0.47631397208144116], [0.6833333333333335, 0.5484827557301443]]",6,2,2,simple,82,1918,835,82,82,82,1.0,0.65,0.65,7,98.0,,0,0.0,#6c3f87,0.42352942,0.24705882,0.5294118,34.83863969668481,33.650785974932674,-32.91772553629846,34.892067549806015,33.31504135913115,-32.86327437913374,55.96128940339788,94.93854895707486,0.4004732235839577,0.6621270413086469,0.16550572151063087,315.6309224984226,47.073899893824404
panel_04_down,panel_04_down__center,panel_04_down,center,panel_landmarks,panel_04_down__center::gamut_003_myy,3,gamut_003_myy,myy,0.0,0.3333333333333333,0.6666666666666666,0.6666666666666666,0.5773502691896257,#eb9d32,0.9215686274509803,0.615686274509804,0.19607843137254902,70.87834005274337,20.623964460334378,63.79337035503971,"[[0.5, 0.5292377467571571], [0.4999999999999999, 0.5292377467571567], [0.49999999999999994, 0.4426352063787129], [0.6833333333333335, 0.5484827557301444], [0.6458333333333334, 0.6134346610139774]]",6,2,2,simple,83,1440,618,83,83,83,1.0,0.65,0.65,6,98.0,,0,0.0,#784088,0.47058824,0.2509804,0.53333336,36.81416976612298,36.77042619709112,-30.902779249086166,36.763441028908936,36.741035660573374,-30.57154266477157,59.99120956376729,101.923680633008,0.2889684779298685,0.623246247267234,0.21312976091203853,319.9554724515565,48.03171877034462
panel_04_down,panel_04_down__center,panel_04_down,center,panel_landmarks,panel_04_down__center::gamut_004_ymyy,4,gamut_004_ymyy,ymyy,0.0,0.25,0.75,0.625,0.649519052838329,#f0ad25,0.9411764705882353,0.6784313725490196,0.1450980392156863,75.17069205620427,13.897348872566884,71.97054159381838,"[[0.5, 0.6062177826491071], [0.5, 0.6062177826491071], [0.5, 0.529237746757157], [0.6458333333333334, 0.6134346610139774], [0.6125, 0.6711696879329399]]",6,2,2,simple,62,953,424,62,62,62,1.0,0.65,0.65,5,98.0,,0,0.0,#853f86,0.52156866,0.24705882,0.5254902,38.33632097846497,40.35592914620786,-26.13127392046196,38.40437345500134,40.562902328381114,-26.429369324674852,64.1304428039401,108.07772004436066,0.27117657044981297,0.5355472452243306,0.18966779885532006,327.0761329931915,48.077484272369794
panel_04_down,panel_04_down__center,panel_04_down,center,panel_landmarks,panel_04_down__center::gamut_005_yymyy,5,gamut_005_yymyy,yymyy,0.0,0.2,0.8,0.6000000000000001,0.6928203230275509,#f3b71e,0.9529411764705882,0.7176470588235294,0.11764705882352941,77.88658998186094,9.774007373456461,76.02676705068747,"[[0.5, 0.7505553499465134], [0.5, 0.6062177826491071], [0.6125, 0.6711696879329399], [0.55, 0.7794228634059948]]",6,2,2,simple,41,1154,479,41,41,41,1.0,0.65,0.65,6,98.0,,0,0.0,#8f3f86,0.56078434,0.24705882,0.5254902,39.77692302726122,43.53228986453617,-24.273159782426458,39.8231371722759,43.43198601646963,-24.351368338189726,66.5038337806742,112.48130366805879,0.2379052057129383,0.3976402339366931,0.18797364306672662,330.8564092829513,49.842216510436245
panel_04_down,panel_04_down__center,panel_04_down,center,panel_landmarks,panel_04_down__center::gamut_006_y,6,gamut_006_y,y,0.0,0.0,1.0,0.5,0.8660254037844386,#ffdf00,1.0,0.8745098039215686,0.0,88.94096720886532,-5.949434572648293,88.5567575521992,"[[0.45, 0.7794228634059948], [0.5, 0.7505553499465135], [0.5499999999999999, 0.7794228634059948], [0.5, 0.8660254037844386]]",6,2,2,simple,69,569,244,69,69,69,1.0,0.65,0.65,3,98.0,,0,0.0,#c63e86,0.7764706,0.24313726,0.5254902,48.48045575138873,59.892189046674375,-10.176053236430604,48.467682986854356,59.85290726862669,-10.108470201839427,72.44483379976894,125.38078128027642,0.33938506794966905,0.47582808136355914,0.20827968910053435,350.3571790960242,60.75052566252618
panel_04_down,panel_04_down__center,panel_04_down,center,panel_landmarks,panel_04_down__center::gamut_007_yycyy,7,gamut_007_yycyy,yycyy,0.2,0.0,0.8,0.4,0.6928203230275509,#d7da2c,0.8431372549019608,0.8549019607843137,0.17254901960784313,84.3667653359768,-19.647053313897157,76.98686095704784,"[[0.45, 0.7794228634059948], [0.38750000000000007, 0.6711696879329401], [0.5, 0.6062177826491071], [0.49999999999999994, 0.606217782649107], [0.5, 0.7505553499465134]]",6,2,2,simple,54,1142,483,54,54,54,1.0,0.65,0.65,5,98.0,,0,0.0,#c8506a,0.78431374,0.3137255,0.41568628,50.758213140776476,50.076865913955274,10.06989380307257,50.68328835987478,50.03545161810819,10.139202880228193,63.783299005256175,102.3173503675491,0.42266054844990936,0.8294444486135362,0.2551913136712283,11.369900791243879,51.07930364608953
panel_04_down,panel_04_down__center,panel_04_down,center,panel_landmarks,panel_04_down__center::gamut_008_ycyy,8,gamut_008_ycyy,ycyy,0.25,0.0,0.75,0.375,0.649519052838329,#cdd937,0.803921568627451,0.8509803921568627,0.21568627450980393,83.38010598564017,-22.911475895264044,72.6579380339764,"[[0.49999999999999994, 0.6062177826491072], [0.38750000000000007, 0.6711696879329401], [0.3541666666666665, 0.6134346610139771], [0.4999999999999999, 0.5292377467571566], [0.5, 0.529237746757157], [0.5, 0.606217782649107]]",6,2,2,simple,43,944,400,43,43,43,1.0,0.65,0.65,4,98.0,,0,0.0,#c95560,0.7882353,0.33333334,0.3764706,51.43104590018653,47.05979745479627,16.788794560353193,51.42377103760146,46.98428802985695,16.882860623138942,60.57848264080511,95.06883152247681,0.5609749215294841,0.9178916059836411,0.20818685545250912,19.634087565966865,49.96486925106674
panel_04_down,panel_04_down__center,panel_04_down,center,panel_landmarks,panel_04_down__center::gamut_009_cyy,9,gamut_009_cyy,cyy,0.3333333333333333,0.0,0.6666666666666666,0.3333333333333333,0.5773502691896257,#bdd749,0.7411764705882353,0.8431372549019608,0.28627450980392155,81.78436408497542,-27.531586792779173,64.35620557265086,"[[0.5000000000000001, 0.5292377467571565], [0.3541666666666665, 0.6134346610139771], [0.31666666666666654, 0.5484827557301443], [0.4999999999999999, 0.44263520637871295], [0.49999999999999994, 0.4426352063787134], [0.49999999999999994, 0.529237746757157]]",6,2,2,simple,46,1401,604,46,46,46,1.0,0.65,0.65,5,98.0,,0,0.0,#c55857,0.77254903,0.34509805,0.34117648,51.4775032128936,43.42213782762361,22.363427305025365,51.47650964771869,43.469588952484195,22.430729845394048,58.06096047736959,87.84264499695826,0.3099600959764545,0.5300968090220795,0.17513127383234944,27.249537771898645,48.842654865888434
panel_04_down,panel_04_down__center,panel_04_down,center,panel_landmarks,panel_04_down__center::gamut_010_cycyy,10,gamut_010_cycyy,cycyy,0.4,0.0,0.6,0.3,0.5196152422706631,#b0d558,0.6901960784313725,0.8352941176470589,0.34509803921568627,80.47282173371678,-30.62907611862564,56.47710040787457,"[[0.49999999999999994, 0.44263520637871295], [0.3166666666666666, 0.5484827557301443], [0.27500000000000013, 0.47631397208144144], [0.5, 0.3464101615137757], [0.5, 0.34641016151377535], [0.5, 0.4426352063787127]]",6,2,2,simple,93,1866,793,93,93,93,1.0,0.65,0.65,5,98.0,,0,0.0,#c35b52,0.7647059,0.35686275,0.32156864,51.49258900035262,40.81946250408647,25.25899526043699,51.58100175368982,40.802853104917055,25.48743452261911,56.62509866725465,83.18243594411986,0.37309707907615763,0.7372405917630882,0.27652434812673327,31.749132606261355,48.00255577247215
panel_04_down,panel_04_down__center,panel_04_down,center,panel_landmarks,panel_04_down__center::gamut_011_cy,11,gamut_011_cy,cy,0.5,0.0,0.5,0.25,0.4330127018922193,#9cd36e,0.611764705882353,0.8274509803921568,0.43137254901960786,78.9150462873468,-34.99013382693389,44.14872186254153,"[[0.4999999999999999, 0.3464101615137758], [0.2750000000000002, 0.47631397208144144], [0.22500000000000003, 0.3897114317029974], [0.45, 0.25980762113533157], [0.45, 0.25980762113533157], [0.5, 0.28867513459481287], [0.5, 0.34641016151377524]]",6,2,2,simple,144,2640,1117,145,144,145,1.0,0.65,0.65,6,98.0,0.7958777761614889,1,0.006896551724137931,#c35f47,0.7647059,0.37254903,0.2784314,52.112783836899936,38.060648522323326,32.24392993898354,52.20840217222411,38.26142828975532,32.15981814686051,54.829738011646555,78.71786420530218,0.35505919659430996,0.6518546606938516,0.24651154015391621,40.27034945807736,49.88270225087963
panel_04_down,panel_04_down__center,panel_04_down,center,panel_landmarks,panel_04_down__center::gamut_012_ccycy,12,gamut_012_ccycy,ccycy,0.6,0.0,0.4,0.2,0.34641016151377546,#88d184,0.5333333333333333,0.8196078431372549,0.5176470588235295,77.57843488375325,-37.888046728189686,31.195962138943845,"[[0.36666666666666653, 0.21169509870286277], [0.36666666666666714, 0.21169509870286302], [0.45, 0.25980762113533157], [0.225, 0.3897114317029973], [0.18333333333333335, 0.3175426480542941]]",6,2,2,simple,109,1913,817,112,109,112,1.0,0.65,0.65,5,98.0,1.4617711971792007,3,0.026785714285714284,#c3663f,0.7647059,0.4,0.24705882,53.58880067422858,34.180946779527154,38.07035148749074,53.45595717682373,34.06409011552239,38.153167292134945,52.40966237097098,76.26729052246148,0.7281561646575414,1.2168544296429467,0.3625486599872813,48.081350720836895,51.16335392764978
panel_04_down,panel_04_down__center,panel_04_down,center,panel_landmarks,panel_04_down__center::gamut_013_ccy,13,gamut_013_ccy,ccy,0.6666666666666666,0.0,0.3333333333333333,0.16666666666666666,0.28867513459481287,#7bcf92,0.4823529411764706,0.8117647058823529,0.5725490196078431,76.6242576233587,-38.596781108295175,22.516384217852845,"[[0.29166666666666674, 0.16839382851364088], [0.29166666666666674, 0.16839382851364088], [0.3666666666666666, 0.21169509870286274], [0.18333333333333332, 0.3175426480542941], [0.14583333333333337, 0.2525907427704613]]",6,2,2,simple,114,1379,595,117,114,117,1.0,0.65,0.65,4,98.0,1.4987160378297484,3,0.02564102564102564,#c8713e,0.78431374,0.44313726,0.24313726,56.531852100095215,29.99176860288727,42.472556623193704,56.53050616534561,29.86054725015744,42.48692687281808,48.86999645136666,74.20473521458253,0.6094562408410896,1.2401006009436462,0.3574999252380509,54.772377717938866,51.99446364796477
panel_04_down,panel_04_down__center,panel_04_down,center,panel_landmarks,panel_04_down__center::gamut_014_ccyc,14,gamut_014_ccyc,ccyc,0.75,0.0,0.25,0.125,0.21650635094610965,#6bcda5,0.4196078431372549,0.803921568627451,0.6470588235294118,75.7627364620849,-38.23104893684348,11.116976934990475,"[[0.22499999999999984, 0.12990381056766567], [0.2916666666666667, 0.16839382851364085], [0.14583333333333337, 0.2525907427704613], [0.11250000000000002, 0.1948557158514987], [0.22500000000000003, 0.12990381056766576]]",6,2,2,simple,54,985,425,54,54,54,1.0,0.65,0.65,4,98.0,,0,0.0,#d08537,0.8156863,0.52156866,0.21568628,62.12294889019595,22.228640776981585,51.805784637612305,62.00421287761622,22.07607185634227,51.88468698144603,43.08871355281277,74.14173559850887,0.5289440499651591,1.2676668987649546,0.5298251569195294,66.77696966029032,56.37332518763423
panel_04_down,panel_04_down__center,panel_04_down,center,panel_landmarks,panel_04_down__center::gamut_015_ccycc,15,gamut_015_ccycc,ccycc,0.8,0.0,0.2,0.1,0.17320508075688773,#61ccb0,0.3803921568627451,0.8,0.6901960784313725,75.36328019947463,-37.63795429928929,4.586277188762633,"[[0.22499999999999995, 0.12990381056766578], [0.11249999999999999, 0.19485571585149866], [0.04999999999999999, 0.08660254037844385], [0.1, 0.05773502691896256]]",6,2,2,simple,43,1154,513,43,43,43,1.0,0.65,0.65,6,98.0,,0,0.0,#cf8e32,0.8117647,0.5568628,0.19607843,63.911307698411605,17.991800185782225,55.14690058526023,63.667294592476544,17.840685873159757,55.06418227409427,41.341187195246405,76.04073840039231,1.1717002424726413,1.5684224225071386,0.46078342259714866,71.93096830747083,58.0076332743001
panel_04_down,panel_04_down__center,panel_04_down,center,panel_landmarks,panel_04_down__center::gamut_016_c,16,gamut_016_c,c,1.0,0.0,0.0,0.0,0.0,#3ac8dc,0.22745098039215686,0.7843137254901961,0.8627450980392157,74.42655654335444,-30.326087604312878,-20.705156122725967,"[[0.1, 0.057735026918962574], [0.05, 0.08660254037844387], [0.0, 0.0], [0.10000000000000002, 0.0]]",6,2,2,simple,51,590,247,51,51,51,1.0,0.65,0.65,3,98.0,,0,0.0,#ebda10,0.92156863,0.85490197,0.0627451,86.01436668785419,-11.796101984510532,84.23670910850221,86.06459903855635,-11.786599093674434,84.24042146755502,45.740426871770566,107.19343631596251,0.17294127907629026,0.27899615246234355,0.085658158004079,97.97158681031647,85.05863379727771
panel_04_down,panel_04_down__center,panel_04_down,center,panel_landmarks,panel_04_down__center::gamut_017_ccmcc,17,gamut_017_ccmcc,ccmcc,0.8,0.2,0.0,0.2,0.0,#55a5ce,0.3333333333333333,0.6470588235294118,0.807843137254902,64.39915620027084,-12.522958683054753,-28.313954637547667,"[[0.22499999999999998, 0.12990381056766578], [0.22499999999999992, 0.12990381056766576], [0.1, 0.05773502691896257], [0.10000000000000002, 0.0], [0.22499999999999998, 0.0]]",6,2,2,simple,78,1147,497,78,78,78,1.0,0.65,0.65,5,98.0,,0,0.0,#79ad1e,0.4745098,0.6784314,0.11764706,64.96410494417569,-37.24783413238014,61.25843545827892,64.8373282353555,-37.16446278767093,61.00560585829477,49.75514437056687,92.92390274061258,0.5944178240768871,1.1938154912102932,0.3455856660090817,121.30144873679177,71.69377282825495
panel_04_down,panel_04_down__center,panel_04_down,center,panel_landmarks,panel_04_down__center::gamut_018_ccmc,18,gamut_018_ccmc,ccmc,0.75,0.25,0.0,0.25,0.0,#5c9cca,0.3607843137254902,0.611764705882353,0.792156862745098,61.92440441812144,-7.364048329696504,-29.88546306665585,"[[0.29166666666666663, 0.16839382851364085], [0.29166666666666674, 0.16839382851364088], [0.22499999999999992, 0.12990381056766573], [0.22499999999999995, 0.12990381056766576], [0.22499999999999998, 0.0], [0.29166666666666674, 0.0]]",6,2,2,simple,55,974,407,55,55,55,1.0,0.65,0.65,4,98.0,,0,0.0,#6ca726,0.42352942,0.654902,0.14901961,62.472459682012996,-39.27082872762993,56.204924040564784,62.37578178479969,-39.516596035228105,56.1340299036491,50.49335366240081,91.81447463338954,0.3390380122409761,0.7815678482814477,0.2695406522425654,124.94230714167071,68.56523518052353
panel_04_down,panel_04_down__center,panel_04_down,center,panel_landmarks,panel_04_down__center::gamut_019_ccm,19,gamut_019_ccm,ccm,0.6666666666666666,0.3333333333333333,0.0,0.3333333333333333,0.0,#678dc4,0.403921568627451,0.5529411764705883,0.7686274509803922,57.95834963869487,1.909786468417607,-32.625876079859225,"[[0.3666666666666667, 0.2116950987028628], [0.36666666666666675, 0.2116950987028628], [0.29166666666666674, 0.16839382851364085], [0.2916666666666667, 0.16839382851364082], [0.2916666666666667, 0.0], [0.3666666666666667, 0.0]]",6,2,2,simple,113,1406,574,116,113,116,1.0,0.65,0.65,4,98.0,1.6150252076156795,3,0.02586206896551724,#519c33,0.31764707,0.6117647,0.2,57.81256035116381,-42.57440584388533,46.149186904045635,57.82297767797376,-42.539297330862446,46.41834073494124,49.08144540110216,90.46753654384808,0.6682692636265455,1.4238142222129855,0.43659073029052137,132.6927316026173,62.7879565272226
panel_04_down,panel_04_down__center,panel_04_down,center,panel_landmarks,panel_04_down__center::gamut_020_ccmcm,20,gamut_020_ccmcm,ccmcm,0.6,0.4,0.0,0.4,0.0,#7082c0,0.4392156862745098,0.5098039215686274,0.7529411764705882,55.29267420281303,9.505154374171154,-34.4733226879592,"[[0.44999999999999996, 0.25980762113533157], [0.4500000000000001, 0.2598076211353316], [0.3666666666666665, 0.21169509870286266], [0.36666666666666675, 0.21169509870286288], [0.3666666666666667, 0.0], [0.44999999999999996, 0.0]]",6,2,2,simple,114,1872,796,117,114,117,1.0,0.65,0.65,5,98.0,1.2077155984709607,3,0.02564102564102564,#43973a,0.2627451,0.59019613,0.22745098,55.56717596471174,-43.775679962536785,40.113687762956665,55.50953077647918,-43.84801080073491,40.12800271695961,47.50028877719842,91.66321392378752,0.5305931534310747,0.896315066616944,0.26568869551066215,137.49952506775128,59.37523138587692
panel_04_down,panel_04_down__center,panel_04_down,center,panel_landmarks,panel_04_down__center::gamut_021_cm,21,gamut_021_cm,cm,0.5,0.5,0.0,0.5,0.0,#7e70b9,0.49411764705882355,0.4392156862745098,0.7254901960784313,51.29732537689088,22.192773865570615,-36.6472398512226,"[[0.55, 0.2598076211353316], [0.5, 0.2886751345948129], [0.4500000000000002, 0.25980762113533173], [0.44999999999999996, 0.25980762113533157], [0.44999999999999996, 0.0], [0.55, 0.0]]",6,2,2,simple,70,2644,1128,70,70,70,1.0,0.65,0.65,7,98.0,,0,0.0,#359143,0.20784314,0.5686275,0.2627451,53.41023196765214,-43.99293802904397,32.9227538676179,53.35079169926283,-43.99316615509798,33.211567408253636,46.24531413857515,96.04684721164831,0.37976326103593216,0.5382240121803168,0.19766011612444234,143.1901214239291,54.94803289158814
panel_04_down,panel_04_down__center,panel_04_down,center,panel_landmarks,panel_04_down__center::gamut_022_cmcmm,22,gamut_022_cmcmm,cmcmm,0.4,0.6,0.0,0.6,0.0,#8c5fb2,0.5490196078431373,0.37254901960784315,0.6980392156862745,48.227853537804535,34.47023920646486,-37.32564454758596,"[[0.6333333333333334, 0.2116950987028627], [0.6333333333333331, 0.211695098702863], [0.5500000000000002, 0.25980762113533157], [0.55, 0.2598076211353316], [0.55, 0.0], [0.6333333333333334, 0.0]]",6,2,2,simple,114,1899,806,117,114,117,1.0,0.65,0.65,5,98.0,1.1379520667854917,3,0.02564102564102564,#2b8853,0.16862746,0.53333336,0.3254902,50.38779373884563,-39.66190755284871,20.78749410433074,50.30498294699781,-39.71610295579306,20.697736001308552,44.24576050741692,94.21983553792361,0.4274508963909535,0.8205290865915822,0.26040071867505976,152.34018631503432,44.779312431839585
panel_04_down,panel_04_down__center,panel_04_down,center,panel_landmarks,panel_04_down__center::gamut_023_cmm,23,gamut_023_cmm,cmm,0.3333333333333333,0.6666666666666666,0.0,0.6666666666666666,0.0,#9553ad,0.5843137254901961,0.3254901960784314,0.6784313725490196,46.43717552780805,42.58465688514468,-37.152504170448154,"[[0.7083333333333331, 0.168393828513641], [0.7083333333333331, 0.168393828513641], [0.6333333333333333, 0.2116950987028628], [0.6333333333333334, 0.0], [0.7083333333333333, 0.0]]",6,2,2,simple,49,1348,596,49,49,49,1.0,0.65,0.65,5,98.0,,0,0.0,#27845b,0.15294118,0.5176471,0.35686275,49.090086650050424,-37.30633540875336,14.397623769591373,49.05637396140835,-37.216819282884074,14.433576971905005,43.808391399536816,95.11584661748346,0.4995162024332937,0.9766904418690238,0.2659552595878482,158.89691611837043,39.98817615047112
panel_04_down,panel_04_down__center,panel_04_down,center,panel_landmarks,panel_04_down__center::gamut_024_mcmm,24,gamut_024_mcmm,mcmm,0.25,0.75,0.0,0.75,0.0,#a044a7,0.6274509803921569,0.26666666666666666,0.6549019607843137,44.800029665938034,51.92297921655648,-36.09631750039897,"[[0.7750000000000006, 0.12990381056766542], [0.7750000000000004, 0.12990381056766562], [0.7083333333333331, 0.16839382851364093], [0.7083333333333331, 0.0], [0.7750000000000006, 0.0]]",6,2,2,simple,59,992,416,59,59,59,1.0,0.65,0.65,4,98.0,,0,0.0,#217c6e,0.12941177,0.4862745,0.43137255,46.852542500366745,-30.003440515012052,0.5644615379383211,46.986216090958784,-29.97196764182064,0.5085104416037286,40.177876450820015,89.77841488167647,0.451972580792119,0.8979084045100294,0.2883135946365639,178.92220863738078,30.00874971680224
panel_04_down,panel_04_down__center,panel_04_down,center,panel_landmarks,panel_04_down__center::gamut_025_mmcmm,25,gamut_025_mmcmm,mmcmm,0.2,0.8,0.0,0.8,0.0,#a73ca4,0.6549019607843137,0.23529411764705882,0.6431372549019608,44.4176754796398,56.71421828170675,-34.84717030635769,"[[0.7750000000000006, 0.12990381056766537], [0.7750000000000006, 0.0], [0.8999999999999999, 0.0], [0.8999999999999999, 0.05773502691896263]]",6,2,2,simple,52,1148,490,52,52,52,1.0,0.65,0.65,5,98.0,,0,0.0,#1e7778,0.11764706,0.46666667,0.47058824,45.464577482281584,-24.868911782402805,-7.932650759114646,45.61838207358612,-24.749420436780788,-7.729767196488856,37.12491276036886,85.91446023411588,0.7615966106900882,1.3174074947661831,0.3966112640574018,197.6915701836123,26.10344270986138
panel_04_down,panel_04_down__center,panel_04_down,center,panel_landmarks,panel_04_down__center::gamut_026_m,26,gamut_026_m,m,0.0,1.0,0.0,1.0,0.0,#c31996,0.7647058823529411,0.09803921568627451,0.5882352941176471,44.94517938493525,71.41561872915153,-25.286338363609783,"[[0.8999999999999999, 0.05773502691896262], [0.8999999999999999, 0.0], [1.0, 0.0], [0.95, 0.08660254037844395]]",6,2,2,simple,74,576,254,74,74,74,1.0,0.65,0.65,3,98.0,,0,0.0,#1266be,0.07058824,0.4,0.74509805,43.2817525656021,10.35419871418547,-52.63179347532778,43.193237680186236,10.347488857112365,-52.585996683279745,36.91329673833208,66.92561481446666,0.36274557604512453,0.40920129348786133,0.2206002497964126,281.12961194540776,53.640610692295404
panel_04_down,panel_04_down__center,panel_04_down,center,panel_landmarks,panel_04_down__center::gamut_027_mmymm,27,gamut_027_mmymm,mmymm,0.0,0.8,0.2,0.9,0.17320508075688773,#cf4078,0.8117647058823529,0.25098039215686274,0.47058823529411764,49.84848124885772,60.188269024954224,0.4786347756794429,"[[0.7750000000000004, 0.12990381056766553], [0.7750000000000004, 0.1299038105676656], [0.8999999999999999, 0.05773502691896262], [0.95, 0.08660254037844393], [0.8875000000000002, 0.19485571585149836]]",6,2,2,simple,59,1123,508,59,59,59,1.0,0.65,0.65,6,98.0,,0,0.0,#3c4d9f,0.23529412,0.3019608,0.62352943,35.419023451835415,19.937852091670898,-46.819194540852536,35.39716721790377,20.024032129957604,-46.84557999870442,33.59489387150126,63.76041070817362,0.39299521735226856,0.8122115452827982,0.23500851620057056,293.06662435541097,50.887669660572406
panel_04_down,panel_04_down__center,panel_04_down,center,panel_landmarks,panel_04_down__center::gamut_028_mmym,28,gamut_028_mmym,mmym,0.0,0.75,0.25,0.875,0.21650635094610965,#d24a70,0.8235294117647058,0.2901960784313726,0.4392156862745098,51.57960032045129,56.37809473471766,7.85956369537153,"[[0.7083333333333333, 0.16839382851364088], [0.708333333333333, 0.1683938285136411], [0.7750000000000006, 0.12990381056766553], [0.7750000000000005, 0.12990381056766556], [0.8875000000000002, 0.19485571585149838], [0.8541666666666666, 0.2525907427704614]]",6,2,2,simple,53,987,413,53,53,53,1.0,0.65,0.65,5,98.0,,0,0.0,#434a9c,0.2627451,0.2901961,0.6117647,34.98788942852616,22.00557787895441,-45.350429459115446,35.0090227476817,21.930519333232347,-45.47793878669235,34.33642060334403,65.48326623513451,0.39885388422632134,0.7909714281076945,0.2327475407888019,295.884246056483,50.407409275948055
panel_04_down,panel_04_down__center,panel_04_down,center,panel_landmarks,panel_04_down__center::gamut_029_mmy,29,gamut_029_mmy,mmy,0.0,0.6666666666666666,0.3333333333333333,0.8333333333333333,0.28867513459481287,#d75b64,0.8431372549019608,0.3568627450980392,0.39215686274509803,54.92109472478978,49.47976671792647,19.744343642877826,"[[0.6333333333333329, 0.21169509870286304], [0.6333333333333332, 0.2116950987028628], [0.708333333333333, 0.16839382851364093], [0.7083333333333333, 0.16839382851364088], [0.8541666666666666, 0.25259074277046145], [0.8166666666666667, 0.3175426480542943]]",6,2,2,simple,72,1392,612,72,72,72,1.0,0.65,0.65,6,98.0,,0,0.0,#4d4593,0.3019608,0.27058825,0.5764706,34.01118120940202,24.535364509600882,-42.147204945018714,33.981445132942916,24.553495449366633,-42.10574753151861,37.38438937707624,69.92861697016231,0.30732947468689586,0.4760356047268179,0.12078934019230121,300.2051840544366,48.768545152550864
panel_04_down,panel_04_down__center,panel_04_down,center,panel_landmarks,panel_04_down__center::gamut_030_mmymy,30,gamut_030_mmymy,mmymy,0.0,0.6,0.4,0.8,0.34641016151377546,#db685a,0.8588235294117647,0.40784313725490196,0.35294117647058826,57.754183854481255,43.898425701771274,29.352331819167688,"[[0.5500000000000003, 0.2598076211353315], [0.5500000000000003, 0.2598076211353315], [0.6333333333333333, 0.21169509870286285], [0.6333333333333329, 0.21169509870286302], [0.8166666666666665, 0.3175426480542942], [0.775, 0.38971143170299727]]",6,2,2,simple,96,1938,851,96,96,96,1.0,0.65,0.65,7,98.0,,0,0.0,#54428d,0.32941177,0.25882354,0.5529412,33.295429984514854,26.366134315423174,-39.075625295364844,33.31936102463496,26.44471710998724,-39.143563896130765,41.17278999275245,74.75290761566212,0.3466074968856192,0.48321475460127994,0.12213948653767763,304.00936350093787,47.13891737155927
panel_05_up,panel_05_up__corner_1,panel_05_up,corner_1,panel_landmarks,panel_05_up__corner_1::gamut_001_my,1,gamut_001_my,my,0.0,0.5,0.5,0.75,0.4330127018922193,#e17c4b,0.8823529411764706,0.48627450980392156,0.29411764705882354,62.45289702748056,35.06929839281481,43.41945673452145,"[[0.5, 0.34641016151377513], [0.5, 0.34641016151377513], [0.5, 0.28867513459481287], [0.55, 0.2598076211353315], [0.5500000000000003, 0.25980762113533146], [0.7750000000000001, 0.38971143170299727], [0.7250000000000001, 0.47631397208144116]]",6,2,2,simple,87,2970,1246,87,87,87,1.0,0.65,0.65,7,98.0,,0,0.0,#4eb155,0.30588236,0.69411767,0.33333334,64.73818270400291,-48.004134939750806,38.114592843582344,64.75032218226619,-47.95941908718744,38.29011691124891,52.250848779159995,83.27400216865365,0.38279606807899424,0.9126180154007109,0.29209494516129925,141.5509301630616,61.295343697102005
panel_05_up,panel_05_up__corner_1,panel_05_up,corner_1,panel_landmarks,panel_05_up__corner_1::gamut_002_mymyy,2,gamut_002_mymyy,mymyy,0.0,0.4,0.6,0.7,0.5196152422706631,#e78f3c,0.9058823529411765,0.5607843137254902,0.23529411764705882,67.25038043422728,26.766151588117626,56.050858524577286,"[[0.49999999999999994, 0.44263520637871284], [0.49999999999999994, 0.44263520637871284], [0.49999999999999994, 0.3464101615137752], [0.7250000000000001, 0.47631397208144116], [0.6833333333333335, 0.5484827557301443]]",6,2,2,simple,48,2087,903,48,48,48,1.0,0.65,0.65,6,98.0,,0,0.0,#42ab6c,0.25882354,0.67058825,0.42352942,62.72197461041539,-44.71387417552886,23.720815957533446,62.46116545626052,-44.589254375793324,23.375312858367227,45.34107820171991,78.58200935878114,1.380354707222906,2.637937201632536,0.7846912301981805,152.05394377020878,50.61627854234446
panel_05_up,panel_05_up__corner_1,panel_05_up,corner_1,panel_landmarks,panel_05_up__corner_1::gamut_003_myy,3,gamut_003_myy,myy,0.0,0.3333333333333333,0.6666666666666666,0.6666666666666666,0.5773502691896257,#eb9d32,0.9215686274509803,0.615686274509804,0.19607843137254902,70.87834005274337,20.623964460334378,63.79337035503971,"[[0.5, 0.5292377467571571], [0.4999999999999999, 0.5292377467571567], [0.49999999999999994, 0.4426352063787129], [0.6833333333333335, 0.5484827557301444], [0.6458333333333334, 0.6134346610139774]]",6,2,2,simple,77,1529,667,77,77,77,1.0,0.65,0.65,5,98.0,,0,0.0,#39a57a,0.22352941,0.64705884,0.47843137,60.96492960776895,-41.17576126682876,13.406750991577688,61.04765274183044,-41.199836015133116,13.56603908103298,42.47172581751363,80.35106232951449,0.6110664382537458,1.3746318718222224,0.5803780844876143,161.96484735620743,43.303398112077126
panel_05_up,panel_05_up__corner_1,panel_05_up,corner_1,panel_landmarks,panel_05_up__corner_1::gamut_004_ymyy,4,gamut_004_ymyy,ymyy,0.0,0.25,0.75,0.625,0.649519052838329,#f0ad25,0.9411764705882353,0.6784313725490196,0.1450980392156863,75.17069205620427,13.897348872566884,71.97054159381838,"[[0.5, 0.6062177826491071], [0.5, 0.6062177826491071], [0.5, 0.529237746757157], [0.6458333333333334, 0.6134346610139774], [0.6125, 0.6711696879329399]]",6,2,2,simple,74,1066,467,74,74,74,1.0,0.65,0.65,4,98.0,,0,0.0,#309f90,0.1882353,0.6215687,0.5647059,59.189184497438575,-34.07340283292973,-1.5099243759567171,59.03866133244493,-34.13067873873244,-1.3896476749875024,42.27396048898767,89.19630307460376,1.3094495001669286,2.142815428776579,0.6229753133834499,182.5373377752101,34.10684172180432
panel_05_up,panel_05_up__corner_1,panel_05_up,corner_1,panel_landmarks,panel_05_up__corner_1::gamut_005_yymyy,5,gamut_005_yymyy,yymyy,0.0,0.2,0.8,0.6000000000000001,0.6928203230275509,#f3b71e,0.9529411764705882,0.7176470588235294,0.11764705882352941,77.88658998186094,9.774007373456461,76.02676705068747,"[[0.5, 0.7505553499465134], [0.5, 0.6062177826491071], [0.6125, 0.6711696879329399], [0.55, 0.7794228634059948]]",6,2,2,simple,52,1253,547,52,52,52,1.0,0.65,0.65,6,98.0,,0,0.0,#2a979a,0.1627451,0.59411764,0.6039216,57.23508418590099,-28.648342245564173,-10.38087010708475,57.16750340350951,-28.613971882588796,-10.329401581715347,44.53870635257941,96.79380869185817,3.094570993693989,4.99986845634682,1.5152313154682544,199.91823743502982,30.47113351352625
panel_05_up,panel_05_up__corner_1,panel_05_up,corner_1,panel_landmarks,panel_05_up__corner_1::gamut_006_y,6,gamut_006_y,y,0.0,0.0,1.0,0.5,0.8660254037844386,#ffdf00,1.0,0.8745098039215686,0.0,88.94096720886532,-5.949434572648293,88.5567575521992,"[[0.45, 0.7794228634059948], [0.5, 0.7505553499465135], [0.5499999999999999, 0.7794228634059948], [0.5, 0.8660254037844386]]",6,2,2,simple,61,629,266,61,61,61,1.0,0.65,0.65,3,98.0,,0,0.0,#1780d9,0.09019608,0.5019608,0.8509804,52.46908602106136,4.928804295759981,-53.214510921238876,52.38320778139701,4.880307372910322,-53.131839183676064,66.04717070178131,146.79109905857064,0.31576706863519555,0.807237941804474,0.33729063128549136,275.29171962852445,53.442279932395785
panel_05_up,panel_05_up__corner_1,panel_05_up,corner_1,panel_landmarks,panel_05_up__corner_1::gamut_007_yycyy,7,gamut_007_yycyy,yycyy,0.2,0.0,0.8,0.4,0.6928203230275509,#d7da2c,0.8431372549019608,0.8549019607843137,0.17254901960784313,84.3667653359768,-19.647053313897157,76.98686095704784,"[[0.45, 0.7794228634059948], [0.38750000000000007, 0.6711696879329401], [0.5, 0.6062177826491071], [0.49999999999999994, 0.606217782649107], [0.5, 0.7505553499465134]]",6,2,2,simple,58,1276,566,58,58,58,1.0,0.65,0.65,6,98.0,,0,0.0,#3561bd,0.20784314,0.37843138,0.73921573,42.499357676507984,16.089789065752175,-52.56339266396205,43.09104166978513,16.124346237144728,-52.73369257496781,73.91273103824288,140.75961757784097,2.3194956898711956,4.131091308326914,1.2461711276676002,287.01948369904017,54.97082463021869
panel_05_up,panel_05_up__corner_1,panel_05_up,corner_1,panel_landmarks,panel_05_up__corner_1::gamut_008_ycyy,8,gamut_008_ycyy,ycyy,0.25,0.0,0.75,0.375,0.649519052838329,#cdd937,0.803921568627451,0.8509803921568627,0.21568627450980393,83.38010598564017,-22.911475895264044,72.6579380339764,"[[0.49999999999999994, 0.6062177826491072], [0.38750000000000007, 0.6711696879329401], [0.3541666666666665, 0.6134346610139771], [0.4999999999999999, 0.5292377467571566], [0.5, 0.529237746757157], [0.5, 0.606217782649107]]",6,2,2,simple,80,1074,473,80,80,80,1.0,0.65,0.65,4,98.0,,0,0.0,#3c5cb9,0.23529412,0.36078432,0.7254902,41.27034400403079,19.629164651408903,-52.830045333092166,41.43062600026833,19.48280983610486,-52.857469251462724,75.79203468409482,139.03298932916138,1.2542174593950366,2.6342653686713353,0.8911030878919863,290.38270257231255,56.35883067282974
panel_05_up,panel_05_up__corner_1,panel_05_up,corner_1,panel_landmarks,panel_05_up__corner_1::gamut_009_cyy,9,gamut_009_cyy,cyy,0.3333333333333333,0.0,0.6666666666666666,0.3333333333333333,0.5773502691896257,#bdd749,0.7411764705882353,0.8431372549019608,0.28627450980392155,81.78436408497542,-27.531586792779173,64.35620557265086,"[[0.5000000000000001, 0.5292377467571565], [0.3541666666666665, 0.6134346610139771], [0.31666666666666654, 0.5484827557301443], [0.4999999999999999, 0.44263520637871295], [0.49999999999999994, 0.4426352063787134], [0.49999999999999994, 0.529237746757157]]",6,2,2,simple,80,1547,678,80,80,80,1.0,0.65,0.65,5,98.0,,0,0.0,#4452b2,0.26666668,0.32156864,0.69803923,38.71641804948344,24.83522926745321,-52.88119033073182,38.761610954309916,24.673990023736202,-52.836667631257114,78.65146512240776,135.43167427972216,0.3400809561407292,1.0140211160859243,0.3403856085326579,295.156722713972,58.42267456700394
panel_05_up,panel_05_up__corner_1,panel_05_up,corner_1,panel_landmarks,panel_05_up__corner_1::gamut_010_cycyy,10,gamut_010_cycyy,cycyy,0.4,0.0,0.6,0.3,0.5196152422706631,#b0d558,0.6901960784313725,0.8352941176470589,0.34509803921568627,80.47282173371678,-30.62907611862564,56.47710040787457,"[[0.49999999999999994, 0.44263520637871295], [0.3166666666666666, 0.5484827557301443], [0.27500000000000013, 0.47631397208144144], [0.5, 0.3464101615137757], [0.5, 0.34641016151377535], [0.5, 0.4426352063787127]]",6,2,2,simple,59,2124,900,59,59,59,1.0,0.65,0.65,6,98.0,,0,0.0,#474aa9,0.2784314,0.2901961,0.6627451,36.24971152737559,26.975473271886514,-51.07250711100596,36.22667354064718,26.920650259887413,-51.028490134342725,70.93501483267907,129.77243799925853,1.1239637327521135,1.8812595321720584,0.6118955596221178,297.8421151219349,57.758784101173894
panel_05_up,panel_05_up__corner_1,panel_05_up,corner_1,panel_landmarks,panel_05_up__corner_1::gamut_011_cy,11,gamut_011_cy,cy,0.5,0.0,0.5,0.25,0.4330127018922193,#9cd36e,0.611764705882353,0.8274509803921568,0.43137254901960786,78.9150462873468,-34.99013382693389,44.14872186254153,"[[0.4999999999999999, 0.3464101615137758], [0.2750000000000002, 0.47631397208144144], [0.22500000000000003, 0.3897114317029974], [0.45, 0.25980762113533157], [0.45, 0.25980762113533157], [0.5, 0.28867513459481287], [0.5, 0.34641016151377524]]",6,2,2,simple,103,2853,1266,106,103,106,1.0,0.65,0.65,7,98.0,0.6626430272933154,3,0.02830188679245283,#4b419e,0.29411766,0.25490198,0.61960787,33.51842022248393,29.946527406024853,-49.44262153104263,33.52996095383729,30.025370129335553,-49.281031323482274,68.17311458695102,122.62529587476159,0.3070688860248149,0.5102479881213303,0.12807483617288032,301.2025532193534,57.804561476943306
panel_05_up,panel_05_up__corner_1,panel_05_up,corner_1,panel_landmarks,panel_05_up__corner_1::gamut_012_ccycy,12,gamut_012_ccycy,ccycy,0.6,0.0,0.4,0.2,0.34641016151377546,#88d184,0.5333333333333333,0.8196078431372549,0.5176470588235295,77.57843488375325,-37.888046728189686,31.195962138943845,"[[0.36666666666666653, 0.21169509870286277], [0.36666666666666714, 0.21169509870286302], [0.45, 0.25980762113533157], [0.225, 0.3897114317029973], [0.18333333333333335, 0.3175426480542941]]",6,2,2,simple,61,2100,906,61,61,61,1.0,0.65,0.65,6,98.0,,0,0.0,#4c3d98,0.29803923,0.23921569,0.59607846,32.124653508924865,31.062200321887527,-47.936570086148414,32.04093212998276,30.983746834990097,-47.91368490185015,64.9483758526932,114.37718507592605,0.32322311413863974,0.6451492138553367,0.22045112903512057,302.9426506651196,57.120705882029235
panel_05_up,panel_05_up__corner_1,panel_05_up,corner_1,panel_landmarks,panel_05_up__corner_1::gamut_013_ccy,13,gamut_013_ccy,ccy,0.6666666666666666,0.0,0.3333333333333333,0.16666666666666666,0.28867513459481287,#7bcf92,0.4823529411764706,0.8117647058823529,0.5725490196078431,76.6242576233587,-38.596781108295175,22.516384217852845,"[[0.29166666666666674, 0.16839382851364088], [0.29166666666666674, 0.16839382851364088], [0.3666666666666666, 0.21169509870286274], [0.18333333333333332, 0.3175426480542941], [0.14583333333333337, 0.2525907427704613]]",6,2,2,simple,74,1538,666,74,74,74,1.0,0.65,0.65,5,98.0,,0,0.0,#4c3b94,0.29803923,0.23137255,0.5803922,31.33156013890064,30.83647580476495,-46.85172490636994,31.37593427937395,31.000982533312833,-46.79054805408966,62.89835996253226,108.09412645673088,0.26814579471647665,0.5632130340180014,0.189502169076576,303.35177803898034,56.088968316060324
panel_05_up,panel_05_up__corner_1,panel_05_up,corner_1,panel_landmarks,panel_05_up__corner_1::gamut_014_ccyc,14,gamut_014_ccyc,ccyc,0.75,0.0,0.25,0.125,0.21650635094610965,#6bcda5,0.4196078431372549,0.803921568627451,0.6470588235294118,75.7627364620849,-38.23104893684348,11.116976934990475,"[[0.22499999999999984, 0.12990381056766567], [0.2916666666666667, 0.16839382851364085], [0.14583333333333337, 0.2525907427704613], [0.11250000000000002, 0.1948557158514987], [0.22500000000000003, 0.12990381056766576]]",6,2,2,simple,79,1062,475,79,79,79,1.0,0.65,0.65,4,98.0,,0,0.0,#4c378f,0.29803923,0.21568628,0.56078434,30.03881455022315,31.675911817213326,-45.47395947779067,30.09716657989935,31.645742655890512,-45.607810517461814,61.09667039346169,100.89694881881566,0.23543480579508044,0.4595382913272644,0.1109446680414482,304.86001019045966,55.41880890130735
panel_05_up,panel_05_up__corner_1,panel_05_up,corner_1,panel_landmarks,panel_05_up__corner_1::gamut_015_ccycc,15,gamut_015_ccycc,ccycc,0.8,0.0,0.2,0.1,0.17320508075688773,#61ccb0,0.3803921568627451,0.8,0.6901960784313725,75.36328019947463,-37.63795429928929,4.586277188762633,"[[0.22499999999999995, 0.12990381056766578], [0.11249999999999999, 0.19485571585149866], [0.04999999999999999, 0.08660254037844385], [0.1, 0.05773502691896256]]",6,2,2,simple,64,1236,529,64,64,64,1.0,0.65,0.65,5,98.0,,0,0.0,#493286,0.28627452,0.19607843,0.5254902,27.820539674351053,31.416951132595486,-43.52178595579946,27.91114347501596,31.44281831817896,-43.59851710998755,61.662570206320794,96.66063252620971,0.33857549071775356,0.6819969659321796,0.21759430771259242,305.8242835810233,53.67653743722964
panel_05_up,panel_05_up__corner_1,panel_05_up,corner_1,panel_landmarks,panel_05_up__corner_1::gamut_016_c,16,gamut_016_c,c,1.0,0.0,0.0,0.0,0.0,#3ac8dc,0.22745098039215686,0.7843137254901961,0.8627450980392157,74.42655654335444,-30.326087604312878,-20.705156122725967,"[[0.1, 0.057735026918962574], [0.05, 0.08660254037844387], [0.0, 0.0], [0.10000000000000002, 0.0]]",6,2,2,simple,49,663,288,49,49,49,1.0,0.65,0.65,4,98.0,,0,0.0,#482b7d,0.28235295,0.16862746,0.49019608,25.521099246317064,32.95267345677261,-41.91519694688463,25.377285754189177,32.84062675045295,-41.69776526201756,60.07292660558347,82.73941736935771,0.2804230511380418,0.43372422183420684,0.20157209352183175,308.1735386047989,53.317562050836614
panel_05_up,panel_05_up__corner_1,panel_05_up,corner_1,panel_landmarks,panel_05_up__corner_1::gamut_017_ccmcc,17,gamut_017_ccmcc,ccmcc,0.8,0.2,0.0,0.2,0.0,#55a5ce,0.3333333333333333,0.6470588235294118,0.807843137254902,64.39915620027084,-12.522958683054753,-28.313954637547667,"[[0.22499999999999998, 0.12990381056766578], [0.22499999999999992, 0.12990381056766576], [0.1, 0.05773502691896257], [0.10000000000000002, 0.0], [0.22499999999999998, 0.0]]",6,2,2,simple,70,1261,555,70,70,70,1.0,0.65,0.65,6,98.0,,0,0.0,#55406f,0.33137256,0.24901962,0.43529412,30.985290787009646,19.06270486479475,-23.33410494344424,31.45315929443118,18.962932549916427,-23.377937184364335,42.785511682077384,46.24866967372514,2.739368543069495,4.853443278976694,1.4703737752884132,309.246968691551,30.130834211384496
panel_05_up,panel_05_up__corner_1,panel_05_up,corner_1,panel_landmarks,panel_05_up__corner_1::gamut_018_ccmc,18,gamut_018_ccmc,ccmc,0.75,0.25,0.0,0.25,0.0,#5c9cca,0.3607843137254902,0.611764705882353,0.792156862745098,61.92440441812144,-7.364048329696504,-29.88546306665585,"[[0.29166666666666663, 0.16839382851364085], [0.29166666666666674, 0.16839382851364088], [0.22499999999999992, 0.12990381056766573], [0.22499999999999995, 0.12990381056766576], [0.22499999999999998, 0.0], [0.29166666666666674, 0.0]]",6,2,2,simple,80,1087,466,80,80,80,1.0,0.65,0.65,5,98.0,,0,0.0,#5a486c,0.3529412,0.28235295,0.42352942,33.83114219037516,16.117596590483437,-18.834912029301254,33.12616442673912,16.05294063916156,-18.859373991140245,37.31081222351408,38.24570183672287,2.158683448541181,3.757940640677626,1.1135922733218215,310.55459162028376,24.789732370581987
panel_05_up,panel_05_up__corner_1,panel_05_up,corner_1,panel_landmarks,panel_05_up__corner_1::gamut_019_ccm,19,gamut_019_ccm,ccm,0.6666666666666666,0.3333333333333333,0.0,0.3333333333333333,0.0,#678dc4,0.403921568627451,0.5529411764705883,0.7686274509803922,57.95834963869487,1.909786468417607,-32.625876079859225,"[[0.3666666666666667, 0.2116950987028628], [0.36666666666666675, 0.2116950987028628], [0.29166666666666674, 0.16839382851364085], [0.2916666666666667, 0.16839382851364082], [0.2916666666666667, 0.0], [0.3666666666666667, 0.0]]",6,2,2,simple,56,1568,682,56,56,56,1.0,0.65,0.65,7,98.0,,0,0.0,#5c4d64,0.36078432,0.3019608,0.39215687,35.0097698866578,11.086740097133035,-11.002672602458608,35.00021312174225,10.917337455813115,-10.888533372577635,29.67054735732838,32.8392557644699,1.1658145986327082,1.883891599327069,0.6409402702577036,315.2180542076757,15.619686628683391
panel_05_up,panel_05_up__corner_1,panel_05_up,corner_1,panel_landmarks,panel_05_up__corner_1::gamut_020_ccmcm,20,gamut_020_ccmcm,ccmcm,0.6,0.4,0.0,0.4,0.0,#7082c0,0.4392156862745098,0.5098039215686274,0.7529411764705882,55.29267420281303,9.505154374171154,-34.4733226879592,"[[0.44999999999999996, 0.25980762113533157], [0.4500000000000001, 0.2598076211353316], [0.3666666666666665, 0.21169509870286266], [0.36666666666666675, 0.21169509870286288], [0.3666666666666667, 0.0], [0.44999999999999996, 0.0]]",6,2,2,simple,61,2155,927,61,61,61,1.0,0.65,0.65,8,98.0,,0,0.0,#61545f,0.38039216,0.32941177,0.37254903,37.51618546533664,7.831196859232143,-4.629287541012572,37.05945781763831,8.04538441193756,-5.059157374317347,24.94883671529584,34.77746568465896,1.923466665647464,3.213344647772318,1.0388636406364058,329.41121835429726,9.097139516651461
panel_05_up,panel_05_up__corner_1,panel_05_up,corner_1,panel_landmarks,panel_05_up__corner_1::gamut_021_cm,21,gamut_021_cm,cm,0.5,0.5,0.0,0.5,0.0,#7e70b9,0.49411764705882355,0.4392156862745098,0.7254901960784313,51.29732537689088,22.192773865570615,-36.6472398512226,"[[0.55, 0.2598076211353316], [0.5, 0.2886751345948129], [0.4500000000000002, 0.25980762113533173], [0.44999999999999996, 0.25980762113533157], [0.44999999999999996, 0.0], [0.55, 0.0]]",6,2,2,simple,218,2949,1282,223,218,0,0.0,0.65,0.65,8,98.0,1.9491151974035499,5,0.02242152466367713,#685d5a,0.40784314,0.3647059,0.3529412,40.35745591956764,4.042040916609785,2.770535669347418,40.284079902694195,4.009277130358226,3.025004828410755,25.301295925958836,44.75366886991295,0.7189603604352288,1.3737407410673421,0.43771308811907084,34.42790464695105,4.900404337059751
panel_05_up,panel_05_up__corner_1,panel_05_up,corner_1,panel_landmarks,panel_05_up__corner_1::gamut_022_cmcmm,22,gamut_022_cmcmm,cmcmm,0.4,0.6,0.0,0.6,0.0,#8c5fb2,0.5490196078431373,0.37254901960784315,0.6980392156862745,48.227853537804535,34.47023920646486,-37.32564454758596,"[[0.6333333333333334, 0.2116950987028627], [0.6333333333333331, 0.211695098702863], [0.5500000000000002, 0.25980762113533157], [0.55, 0.2598076211353316], [0.55, 0.0], [0.6333333333333334, 0.0]]",6,2,2,simple,42,2099,905,42,42,42,1.0,0.65,0.65,8,98.0,,0,0.0,#726a55,0.44509804,0.4137255,0.33137256,44.79823868201883,-0.5409149548434578,13.009222956364985,44.26585219056373,-0.5476636034109373,12.851292147553774,37.40298846591917,61.40962514464829,3.135550193703432,4.579780431751732,1.4519229680265309,92.38094945592195,13.02046354462033
panel_05_up,panel_05_up__corner_1,panel_05_up,corner_1,panel_landmarks,panel_05_up__corner_1::gamut_023_cmm,23,gamut_023_cmm,cmm,0.3333333333333333,0.6666666666666666,0.0,0.6666666666666666,0.0,#9553ad,0.5843137254901961,0.3254901960784314,0.6784313725490196,46.43717552780805,42.58465688514468,-37.152504170448154,"[[0.7083333333333331, 0.168393828513641], [0.7083333333333331, 0.168393828513641], [0.6333333333333333, 0.2116950987028628], [0.6333333333333334, 0.0], [0.7083333333333333, 0.0]]",6,2,2,simple,44,1593,657,44,44,44,1.0,0.65,0.65,7,98.0,,0,0.0,#746f4e,0.45490196,0.43333334,0.30588236,46.32420832974701,-3.0729468840455243,18.92668173734699,46.2643841860349,-3.025824741395473,19.056000793263113,44.603817431310084,72.31531397714636,1.243986229884904,2.088558356356608,0.72417888568428,99.22210299161367,19.174521744726494
panel_05_up,panel_05_up__corner_1,panel_05_up,corner_1,panel_landmarks,panel_05_up__corner_1::gamut_024_mcmm,24,gamut_024_mcmm,mcmm,0.25,0.75,0.0,0.75,0.0,#a044a7,0.6274509803921569,0.26666666666666666,0.6549019607843137,44.800029665938034,51.92297921655648,-36.09631750039897,"[[0.7750000000000006, 0.12990381056766542], [0.7750000000000004, 0.12990381056766562], [0.7083333333333331, 0.16839382851364093], [0.7083333333333331, 0.0], [0.7750000000000006, 0.0]]",6,2,2,simple,82,1076,464,82,82,82,1.0,0.65,0.65,5,98.0,,0,0.0,#807944,0.5019608,0.4745098,0.26666668,50.39572914137968,-5.928020596128237,30.509100199820733,50.48414995781816,-5.8160657848380986,30.294041244868794,54.434349603811064,88.39870869513561,3.311117435168228,5.072721447712029,1.7032768465717976,100.9957514453759,31.079681838635704
panel_05_up,panel_05_up__corner_1,panel_05_up,corner_1,panel_landmarks,panel_05_up__corner_1::gamut_025_mmcmm,25,gamut_025_mmcmm,mmcmm,0.2,0.8,0.0,0.8,0.0,#a73ca4,0.6549019607843137,0.23529411764705882,0.6431372549019608,44.4176754796398,56.71421828170675,-34.84717030635769,"[[0.7750000000000006, 0.12990381056766537], [0.7750000000000006, 0.0], [0.8999999999999999, 0.0], [0.8999999999999999, 0.05773502691896263]]",6,2,2,simple,74,1274,555,74,74,74,1.0,0.65,0.65,6,98.0,,0,0.0,#888438,0.53333336,0.5176471,0.21960784,54.085960159756546,-8.372346014334065,39.30488515745928,52.94617649062214,-8.535780510007887,39.56333658261899,60.67358932160892,99.13760088900389,5.557924602075229,9.755751267438951,2.784927407226783,102.02487208891813,40.18669151628183
panel_05_up,panel_05_up__corner_1,panel_05_up,corner_1,panel_landmarks,panel_05_up__corner_1::gamut_026_m,26,gamut_026_m,m,0.0,1.0,0.0,1.0,0.0,#c31996,0.7647058823529411,0.09803921568627451,0.5882352941176471,44.94517938493525,71.41561872915153,-25.286338363609783,"[[0.8999999999999999, 0.05773502691896262], [0.8999999999999999, 0.0], [1.0, 0.0], [0.95, 0.08660254037844395]]",6,2,2,simple,77,622,269,77,77,77,1.0,0.65,0.65,3,98.0,,0,0.0,#eadc0a,0.91764706,0.8627451,0.039215688,86.35691998148567,-13.272579714331878,85.02624709040096,86.26246034400394,-13.232560407910725,84.97250750009442,81.70473555916688,145.10647719653053,0.0,0.30009017857483605,0.13323698229925046,98.87225793115465,86.05593568459534
panel_05_up,panel_05_up__corner_1,panel_05_up,corner_1,panel_landmarks,panel_05_up__corner_1::gamut_027_mmymm,27,gamut_027_mmymm,mmymm,0.0,0.8,0.2,0.9,0.17320508075688773,#cf4078,0.8117647058823529,0.25098039215686274,0.47058823529411764,49.84848124885772,60.188269024954224,0.4786347756794429,"[[0.7750000000000004, 0.12990381056766553], [0.7750000000000004, 0.1299038105676656], [0.8999999999999999, 0.05773502691896262], [0.95, 0.08660254037844393], [0.8875000000000002, 0.19485571585149836]]",6,2,2,simple,76,1263,542,76,76,76,1.0,0.65,0.65,5,98.0,,0,0.0,#86bd29,0.5254902,0.73921573,0.15882353,70.45150198062416,-38.52740398985679,63.145604899057574,69.96465985022962,-38.515616630590834,63.00562299652006,74.22188570948114,118.72833573534606,2.3150584926662727,3.486885990495696,1.1366862931725976,121.38886791214605,73.97113137072812
panel_05_up,panel_05_up__corner_1,panel_05_up,corner_1,panel_landmarks,panel_05_up__corner_1::gamut_028_mmym,28,gamut_028_mmym,mmym,0.0,0.75,0.25,0.875,0.21650635094610965,#d24a70,0.8235294117647058,0.2901960784313726,0.4392156862745098,51.57960032045129,56.37809473471766,7.85956369537153,"[[0.7083333333333333, 0.16839382851364088], [0.708333333333333, 0.1683938285136411], [0.7750000000000006, 0.12990381056766553], [0.7750000000000005, 0.12990381056766556], [0.8875000000000002, 0.19485571585149838], [0.8541666666666666, 0.2525907427704614]]",6,2,2,simple,65,1082,455,65,65,65,1.0,0.65,0.65,4,98.0,,0,0.0,#7dbd38,0.49019608,0.7411765,0.21960784,70.17737830677666,-41.69952966889612,57.68251949601164,70.19435021502905,-41.66668863060398,57.81318997892254,71.41523750723633,111.56802713769535,1.319147841785302,2.343178623836968,0.6863314322514177,125.86371194728594,71.17670847977526
panel_05_up,panel_05_up__corner_1,panel_05_up,corner_1,panel_landmarks,panel_05_up__corner_1::gamut_029_mmy,29,gamut_029_mmy,mmy,0.0,0.6666666666666666,0.3333333333333333,0.8333333333333333,0.28867513459481287,#d75b64,0.8431372549019608,0.3568627450980392,0.39215686274509803,54.92109472478978,49.47976671792647,19.744343642877826,"[[0.6333333333333329, 0.21169509870286304], [0.6333333333333332, 0.2116950987028628], [0.708333333333333, 0.16839382851364093], [0.7083333333333333, 0.16839382851364088], [0.8541666666666666, 0.25259074277046145], [0.8166666666666667, 0.3175426480542943]]",6,2,2,simple,53,1518,640,53,53,53,1.0,0.65,0.65,5,98.0,,0,0.0,#6bb943,0.41960785,0.7254902,0.2627451,68.18801669049515,-44.669554707109924,50.822773576057614,68.1708555385364,-44.66228303946358,50.756018930520966,65.47466904963255,100.0298692908798,0.5410514300802968,0.9903722329626851,0.3131966265054261,131.3131411262192,67.66330934631195
panel_05_up,panel_05_up__corner_1,panel_05_up,corner_1,panel_landmarks,panel_05_up__corner_1::gamut_030_mmymy,30,gamut_030_mmymy,mmymy,0.0,0.6,0.4,0.8,0.34641016151377546,#db685a,0.8588235294117647,0.40784313725490196,0.35294117647058826,57.754183854481255,43.898425701771274,29.352331819167688,"[[0.5500000000000003, 0.2598076211353315], [0.5500000000000003, 0.2598076211353315], [0.6333333333333333, 0.21169509870286285], [0.6333333333333329, 0.21169509870286302], [0.8166666666666665, 0.3175426480542942], [0.775, 0.38971143170299727]]",6,2,2,simple,137,2052,886,140,137,140,1.0,0.65,0.65,5,98.0,2.6524683328072167,3,0.02142857142857143,#60b64c,0.3764706,0.7137255,0.29803923,66.8513861824279,-46.46922996973635,45.286463307454184,67.0094818983551,-46.454819717187476,45.44640181167889,60.404850381340545,92.21154389796196,1.1272804680803836,2.1336165438338397,0.6292166232889641,135.73852403469243,64.88646309422049
panel_05_up,panel_05_up__corner_2,panel_05_up,corner_2,panel_landmarks,panel_05_up__corner_2::gamut_001_my,1,gamut_001_my,my,0.0,0.5,0.5,0.75,0.4330127018922193,#e17c4b,0.8823529411764706,0.48627450980392156,0.29411764705882354,62.45289702748056,35.06929839281481,43.41945673452145,"[[0.5, 0.34641016151377513], [0.5, 0.34641016151377513], [0.5, 0.28867513459481287], [0.55, 0.2598076211353315], [0.5500000000000003, 0.25980762113533146], [0.7750000000000001, 0.38971143170299727], [0.7250000000000001, 0.47631397208144116]]",6,2,2,simple,67,2744,1162,67,67,67,1.0,0.65,0.65,7,98.0,,0,0.0,#461a5a,0.27450982,0.101960786,0.3529412,18.952632102377365,32.55204816444032,-29.251656938531934,19.061103433578705,32.60444600252824,-28.84968153280816,53.75160142437094,84.73311253428768,0.692073477373256,1.0782157610605867,0.2957663571935352,318.05675921393276,43.764086570493
panel_05_up,panel_05_up__corner_2,panel_05_up,corner_2,panel_landmarks,panel_05_up__corner_2::gamut_002_mymyy,2,gamut_002_mymyy,mymyy,0.0,0.4,0.6,0.7,0.5196152422706631,#e78f3c,0.9058823529411765,0.5607843137254902,0.23529411764705882,67.25038043422728,26.766151588117626,56.050858524577286,"[[0.49999999999999994, 0.44263520637871284], [0.49999999999999994, 0.44263520637871284], [0.49999999999999994, 0.3464101615137752], [0.7250000000000001, 0.47631397208144116], [0.6833333333333335, 0.5484827557301443]]",6,2,2,simple,54,1929,882,54,54,54,1.0,0.65,0.65,6,98.0,,0,0.0,#4d1a57,0.3019608,0.101960786,0.34117648,20.063681787048985,33.78244116850837,-25.833897121056033,20.231340338444042,33.941329942677484,-25.96661879637974,61.87014341794269,94.76774797282351,0.6533937150907081,1.0962875738880167,0.3041209036822552,322.5943590831794,42.52815034497782
panel_05_up,panel_05_up__corner_2,panel_05_up,corner_2,panel_landmarks,panel_05_up__corner_2::gamut_003_myy,3,gamut_003_myy,myy,0.0,0.3333333333333333,0.6666666666666666,0.6666666666666666,0.5773502691896257,#eb9d32,0.9215686274509803,0.615686274509804,0.19607843137254902,70.87834005274337,20.623964460334378,63.79337035503971,"[[0.5, 0.5292377467571571], [0.4999999999999999, 0.5292377467571567], [0.49999999999999994, 0.4426352063787129], [0.6833333333333335, 0.5484827557301444], [0.6458333333333334, 0.6134346610139774]]",6,2,2,simple,58,1486,625,58,58,58,1.0,0.65,0.65,5,98.0,,0,0.0,#521b57,0.32156864,0.10392157,0.3392157,20.957360904615214,35.11496331595457,-23.725657326068948,21.140204251473858,34.94577651109588,-23.71507475857351,67.78863835085502,101.79230527494747,0.46999565159309376,0.8031253739234828,0.1920161003945721,325.9548123539726,42.37885633467336
panel_05_up,panel_05_up__corner_2,panel_05_up,corner_2,panel_landmarks,panel_05_up__corner_2::gamut_004_ymyy,4,gamut_004_ymyy,ymyy,0.0,0.25,0.75,0.625,0.649519052838329,#f0ad25,0.9411764705882353,0.6784313725490196,0.1450980392156863,75.17069205620427,13.897348872566884,71.97054159381838,"[[0.5, 0.6062177826491071], [0.5, 0.6062177826491071], [0.5, 0.529237746757157], [0.6458333333333334, 0.6134346610139774], [0.6125, 0.6711696879329399]]",6,2,2,simple,69,998,439,69,69,69,1.0,0.65,0.65,4,98.0,,0,0.0,#5e1c58,0.36862746,0.10980392,0.34509805,23.389389137353113,37.4476836468666,-21.191309595866226,23.532799792878446,37.736542833710224,-21.024686295189007,73.53873047129404,109.15609060901895,0.5276720677867928,1.010781070753967,0.29348195361922363,330.49486628233313,43.02790504897551
panel_05_up,panel_05_up__corner_2,panel_05_up,corner_2,panel_landmarks,panel_05_up__corner_2::gamut_005_yymyy,5,gamut_005_yymyy,yymyy,0.0,0.2,0.8,0.6000000000000001,0.6928203230275509,#f3b71e,0.9529411764705882,0.7176470588235294,0.11764705882352941,77.88658998186094,9.774007373456461,76.02676705068747,"[[0.5, 0.7505553499465134], [0.5, 0.6062177826491071], [0.6125, 0.6711696879329399], [0.55, 0.7794228634059948]]",6,2,2,simple,46,1225,518,46,46,46,1.0,0.65,0.65,6,98.0,,0,0.0,#681e59,0.40588236,0.11764706,0.34901962,25.429849234358,39.73368695970418,-18.89516574854362,25.416050790781266,39.743523584288575,-18.95049768566482,75.37209577777135,112.51428965737244,0.47494705157269923,0.8187011389970451,0.24847360946931024,334.56679822612176,43.99764957445684
panel_05_up,panel_05_up__corner_2,panel_05_up,corner_2,panel_landmarks,panel_05_up__corner_2::gamut_006_y,6,gamut_006_y,y,0.0,0.0,1.0,0.5,0.8660254037844386,#ffdf00,1.0,0.8745098039215686,0.0,88.94096720886532,-5.949434572648293,88.5567575521992,"[[0.45, 0.7794228634059948], [0.5, 0.7505553499465135], [0.5499999999999999, 0.7794228634059948], [0.5, 0.8660254037844386]]",6,2,2,simple,57,595,260,57,57,57,1.0,0.65,0.65,3,98.0,,0,0.0,#9e205f,0.61960787,0.1254902,0.37254903,36.23432090773704,54.80747747469408,-5.046160086749785,36.28812165032618,54.83365682968067,-5.119884742113967,76.30698378352983,123.41352890329568,0.2336551875468504,0.3281165263296839,0.15137476588384122,354.7395711006838,55.039288864957236
panel_05_up,panel_05_up__corner_2,panel_05_up,corner_2,panel_landmarks,panel_05_up__corner_2::gamut_007_yycyy,7,gamut_007_yycyy,yycyy,0.2,0.0,0.8,0.4,0.6928203230275509,#d7da2c,0.8431372549019608,0.8549019607843137,0.17254901960784313,84.3667653359768,-19.647053313897157,76.98686095704784,"[[0.45, 0.7794228634059948], [0.38750000000000007, 0.6711696879329401], [0.5, 0.6062177826491071], [0.49999999999999994, 0.606217782649107], [0.5, 0.7505553499465134]]",6,2,2,simple,41,1204,521,41,41,41,1.0,0.65,0.65,6,98.0,,0,0.0,#a2314c,0.63529414,0.19215687,0.29803923,38.50675776226375,48.60875301443235,10.582017917449981,38.68736457002262,48.486231372777326,10.686871479568124,69.4053030290214,105.69578312924821,0.912781392850934,1.3439900068506503,0.3906677541308345,12.281540349111765,49.74726095799968
panel_05_up,panel_05_up__corner_2,panel_05_up,corner_2,panel_landmarks,panel_05_up__corner_2::gamut_008_ycyy,8,gamut_008_ycyy,ycyy,0.25,0.0,0.75,0.375,0.649519052838329,#cdd937,0.803921568627451,0.8509803921568627,0.21568627450980393,83.38010598564017,-22.911475895264044,72.6579380339764,"[[0.49999999999999994, 0.6062177826491072], [0.38750000000000007, 0.6711696879329401], [0.3541666666666665, 0.6134346610139771], [0.4999999999999999, 0.5292377467571566], [0.5, 0.529237746757157], [0.5, 0.606217782649107]]",6,2,2,simple,63,1022,441,63,63,63,1.0,0.65,0.65,4,98.0,,0,0.0,#a63847,0.6509804,0.21960784,0.2784314,40.29902660478025,45.76367033163303,15.822642382864771,40.211670196380055,45.8214531766897,15.82769076257823,65.96689702092934,99.00760547379639,0.9456982598060403,1.2716216093601627,0.39106932266217515,19.072662628478838,48.421787804648616
panel_05_up,panel_05_up__corner_2,panel_05_up,corner_2,panel_landmarks,panel_05_up__corner_2::gamut_009_cyy,9,gamut_009_cyy,cyy,0.3333333333333333,0.0,0.6666666666666666,0.3333333333333333,0.5773502691896257,#bdd749,0.7411764705882353,0.8431372549019608,0.28627450980392155,81.78436408497542,-27.531586792779173,64.35620557265086,"[[0.5000000000000001, 0.5292377467571565], [0.3541666666666665, 0.6134346610139771], [0.31666666666666654, 0.5484827557301443], [0.4999999999999999, 0.44263520637871295], [0.49999999999999994, 0.4426352063787134], [0.49999999999999994, 0.529237746757157]]",6,2,2,simple,40,1452,608,40,40,40,1.0,0.65,0.65,5,98.0,,0,0.0,#aa4044,0.6666667,0.24901962,0.26666668,42.1091951643935,43.73933098132673,20.612762173487887,42.034549866130476,43.672069856174105,20.675547441793835,63.29956499038632,92.55890875359242,0.7534985362243549,0.9827069316841095,0.28727991745093423,25.23280346483523,48.35302512888745
panel_05_up,panel_05_up__corner_2,panel_05_up,corner_2,panel_landmarks,panel_05_up__corner_2::gamut_010_cycyy,10,gamut_010_cycyy,cycyy,0.4,0.0,0.6,0.3,0.5196152422706631,#b0d558,0.6901960784313725,0.8352941176470589,0.34509803921568627,80.47282173371678,-30.62907611862564,56.47710040787457,"[[0.49999999999999994, 0.44263520637871295], [0.3166666666666666, 0.5484827557301443], [0.27500000000000013, 0.47631397208144144], [0.5, 0.3464101615137757], [0.5, 0.34641016151377535], [0.5, 0.4426352063787127]]",6,2,2,simple,115,2018,831,118,115,118,1.0,0.65,0.65,5,98.0,1.9903262524074345,3,0.025423728813559324,#ad4943,0.6784314,0.28627452,0.2627451,44.461147938860606,40.6114051606769,23.96971980647856,44.34658018984751,40.666888286612604,23.951052864957152,60.124905690429685,86.19035106076437,0.998785321597431,1.6362090534802924,0.468291674746721,30.550013057728677,47.15754124979106
panel_05_up,panel_05_up__corner_2,panel_05_up,corner_2,panel_landmarks,panel_05_up__corner_2::gamut_011_cy,11,gamut_011_cy,cy,0.5,0.0,0.5,0.25,0.4330127018922193,#9cd36e,0.611764705882353,0.8274509803921568,0.43137254901960786,78.9150462873468,-34.99013382693389,44.14872186254153,"[[0.4999999999999999, 0.3464101615137758], [0.2750000000000002, 0.47631397208144144], [0.22500000000000003, 0.3897114317029974], [0.45, 0.25980762113533157], [0.45, 0.25980762113533157], [0.5, 0.28867513459481287], [0.5, 0.34641016151377524]]",6,2,2,simple,76,2715,1204,76,76,76,1.0,0.65,0.65,7,98.0,,0,0.0,#b75740,0.7176471,0.34117648,0.2509804,48.596192260433185,37.03163750669519,31.6064094659553,48.52407861805368,37.17550913668884,31.34368728347973,55.837678888524984,79.14340184622097,1.0941965806634026,1.823882686249717,0.5196672069562995,40.480673338665326,48.685801788169236
panel_05_up,panel_05_up__corner_2,panel_05_up,corner_2,panel_landmarks,panel_05_up__corner_2::gamut_012_ccycy,12,gamut_012_ccycy,ccycy,0.6,0.0,0.4,0.2,0.34641016151377546,#88d184,0.5333333333333333,0.8196078431372549,0.5176470588235295,77.57843488375325,-37.888046728189686,31.195962138943845,"[[0.36666666666666653, 0.21169509870286277], [0.36666666666666714, 0.21169509870286302], [0.45, 0.25980762113533157], [0.225, 0.3897114317029973], [0.18333333333333335, 0.3175426480542941]]",6,2,2,simple,132,1976,862,135,132,135,1.0,0.65,0.65,5,98.0,3.739453891844936,3,0.022222222222222223,#c66d49,0.7764706,0.42745098,0.28627452,55.47868298225692,32.40020662088569,35.390006501483185,55.31794253928331,32.51544806684926,35.30472463014269,51.08666459065693,73.79991599647282,1.441360530638029,2.9851120520157655,0.8753480785119473,47.52531991100955,47.98151674604615
panel_05_up,panel_05_up__corner_2,panel_05_up,corner_2,panel_landmarks,panel_05_up__corner_2::gamut_013_ccy,13,gamut_013_ccy,ccy,0.6666666666666666,0.0,0.3333333333333333,0.16666666666666666,0.28867513459481287,#7bcf92,0.4823529411764706,0.8117647058823529,0.5725490196078431,76.6242576233587,-38.596781108295175,22.516384217852845,"[[0.29166666666666674, 0.16839382851364088], [0.29166666666666674, 0.16839382851364088], [0.3666666666666666, 0.21169509870286274], [0.18333333333333332, 0.3175426480542941], [0.14583333333333337, 0.2525907427704613]]",6,2,2,simple,48,1441,626,48,48,48,1.0,0.65,0.65,5,98.0,,0,0.0,#cf7c4b,0.80980396,0.4862745,0.29411766,59.878816919164,27.82297275497142,39.574582287728674,59.78829146068757,27.842070168549697,39.68770174444596,46.897451580995714,70.59019485045876,0.7367160510492617,1.5015702075404365,0.4801471111566955,54.890803742988794,48.37628940061536
panel_05_up,panel_05_up__corner_2,panel_05_up,corner_2,panel_landmarks,panel_05_up__corner_2::gamut_014_ccyc,14,gamut_014_ccyc,ccyc,0.75,0.0,0.25,0.125,0.21650635094610965,#6bcda5,0.4196078431372549,0.803921568627451,0.6470588235294118,75.7627364620849,-38.23104893684348,11.116976934990475,"[[0.22499999999999984, 0.12990381056766567], [0.2916666666666667, 0.16839382851364085], [0.14583333333333337, 0.2525907427704613], [0.11250000000000002, 0.1948557158514987], [0.22500000000000003, 0.12990381056766576]]",6,2,2,simple,57,1018,430,57,57,57,1.0,0.65,0.65,4,98.0,,0,0.0,#d48f46,0.83137256,0.56078434,0.27450982,65.03196733263596,19.581959730167352,48.25529212802399,65.16057759424778,19.630348662465753,48.221516162225576,41.07358087594584,69.54673128636966,1.5797981762704902,2.697150506725159,0.817574337790517,67.91272435484234,52.07711940223681
panel_05_up,panel_05_up__corner_2,panel_05_up,corner_2,panel_landmarks,panel_05_up__corner_2::gamut_015_ccycc,15,gamut_015_ccycc,ccycc,0.8,0.0,0.2,0.1,0.17320508075688773,#61ccb0,0.3803921568627451,0.8,0.6901960784313725,75.36328019947463,-37.63795429928929,4.586277188762633,"[[0.22499999999999995, 0.12990381056766578], [0.11249999999999999, 0.19485571585149866], [0.04999999999999999, 0.08660254037844385], [0.1, 0.05773502691896256]]",6,2,2,simple,62,1212,510,62,62,62,1.0,0.65,0.65,5,98.0,,0,0.0,#d99c47,0.8509804,0.6117647,0.2764706,68.74207412007102,14.280075429785516,52.59511598330265,68.55774495124902,14.372622041564295,52.5317505768959,38.77214255906351,71.02232594962767,2.6248236009119834,4.231257777999044,1.3124472995777132,74.80984232086672,54.49923650453666
panel_05_up,panel_05_up__corner_2,panel_05_up,corner_2,panel_landmarks,panel_05_up__corner_2::gamut_016_c,16,gamut_016_c,c,1.0,0.0,0.0,0.0,0.0,#3ac8dc,0.22745098039215686,0.7843137254901961,0.8627450980392157,74.42655654335444,-30.326087604312878,-20.705156122725967,"[[0.1, 0.057735026918962574], [0.05, 0.08660254037844387], [0.0, 0.0], [0.10000000000000002, 0.0]]",6,2,2,simple,43,601,269,43,43,43,1.0,0.65,0.65,4,98.0,,0,0.0,#ebdd09,0.92156863,0.8666667,0.03529412,86.78461951023176,-13.352485061558838,85.50126711037036,86.83098607710143,-13.366050588141741,85.48213023143995,45.88215739218371,108.26185496073987,0.17194801295844087,0.27491348634634305,0.08209219338760312,98.87602255598233,86.53759607706961
panel_05_up,panel_05_up__corner_2,panel_05_up,corner_2,panel_landmarks,panel_05_up__corner_2::gamut_017_ccmcc,17,gamut_017_ccmcc,ccmcc,0.8,0.2,0.0,0.2,0.0,#55a5ce,0.3333333333333333,0.6470588235294118,0.807843137254902,64.39915620027084,-12.522958683054753,-28.313954637547667,"[[0.22499999999999998, 0.12990381056766578], [0.22499999999999992, 0.12990381056766576], [0.1, 0.05773502691896257], [0.10000000000000002, 0.0], [0.22499999999999998, 0.0]]",6,2,2,simple,67,1193,535,67,67,67,1.0,0.65,0.65,6,98.0,,0,0.0,#898441,0.5372549,0.5176471,0.25490198,54.21694786248379,-7.834517618418357,36.653120093692436,54.31912280158603,-7.880796687357126,36.463018570285676,43.13369222923023,65.9270782409262,4.425015468388846,6.369571071559533,2.066366737619633,102.06527748059688,37.48107360943584
panel_05_up,panel_05_up__corner_2,panel_05_up,corner_2,panel_landmarks,panel_05_up__corner_2::gamut_018_ccmc,18,gamut_018_ccmc,ccmc,0.75,0.25,0.0,0.25,0.0,#5c9cca,0.3607843137254902,0.611764705882353,0.792156862745098,61.92440441812144,-7.364048329696504,-29.88546306665585,"[[0.29166666666666663, 0.16839382851364085], [0.29166666666666674, 0.16839382851364088], [0.22499999999999992, 0.12990381056766573], [0.22499999999999995, 0.12990381056766576], [0.22499999999999998, 0.0], [0.29166666666666674, 0.0]]",6,2,2,simple,67,1056,441,67,67,67,1.0,0.65,0.65,5,98.0,,0,0.0,#7d7745,0.49019608,0.46666667,0.27058825,49.38873325602546,-4.866052347882732,27.90839758969199,49.2333590391305,-4.859034811583326,27.943460088057616,41.7226307024772,59.190483736616926,2.163309580930746,3.900257729874794,1.186834834474258,99.8905506843816,28.32943913099341
panel_05_up,panel_05_up__corner_2,panel_05_up,corner_2,panel_landmarks,panel_05_up__corner_2::gamut_019_ccm,19,gamut_019_ccm,ccm,0.6666666666666666,0.3333333333333333,0.0,0.3333333333333333,0.0,#678dc4,0.403921568627451,0.5529411764705883,0.7686274509803922,57.95834963869487,1.909786468417607,-32.625876079859225,"[[0.3666666666666667, 0.2116950987028628], [0.36666666666666675, 0.2116950987028628], [0.29166666666666674, 0.16839382851364085], [0.2916666666666667, 0.16839382851364082], [0.2916666666666667, 0.0], [0.3666666666666667, 0.0]]",6,2,2,simple,87,1466,633,87,87,87,1.0,0.65,0.65,6,98.0,,0,0.0,#6b6549,0.41960785,0.39607844,0.28627452,42.61419407112977,-2.023106498591165,16.861761109327,42.51535029578224,-2.047010894628996,16.697331334419438,38.82583253270226,51.96091792626563,0.8981225535176457,1.694641853766745,0.5530849560135455,96.84175229553887,16.982695534356562
panel_05_up,panel_05_up__corner_2,panel_05_up,corner_2,panel_landmarks,panel_05_up__corner_2::gamut_020_ccmcm,20,gamut_020_ccmcm,ccmcm,0.6,0.4,0.0,0.4,0.0,#7082c0,0.4392156862745098,0.5098039215686274,0.7529411764705882,55.29267420281303,9.505154374171154,-34.4733226879592,"[[0.44999999999999996, 0.25980762113533157], [0.4500000000000001, 0.2598076211353316], [0.3666666666666665, 0.21169509870286266], [0.36666666666666675, 0.21169509870286288], [0.3666666666666667, 0.0], [0.44999999999999996, 0.0]]",6,2,2,simple,84,2007,842,84,84,84,1.0,0.65,0.65,7,98.0,,0,0.0,#615746,0.37843138,0.34117648,0.27254903,37.408901838259126,0.8619427613457964,11.25127683949459,37.41827746872424,0.9102090229374452,11.358465459097339,34.81609190791699,49.85251671598224,2.6683840474979297,4.320149399626845,1.3058922122952588,85.61921642707182,11.284244584498502
panel_05_up,panel_05_up__corner_2,panel_05_up,corner_2,panel_landmarks,panel_05_up__corner_2::gamut_021_cm,21,gamut_021_cm,cm,0.5,0.5,0.0,0.5,0.0,#7e70b9,0.49411764705882355,0.4392156862745098,0.7254901960784313,51.29732537689088,22.192773865570615,-36.6472398512226,"[[0.55, 0.2598076211353316], [0.5, 0.2886751345948129], [0.4500000000000002, 0.25980762113533173], [0.44999999999999996, 0.25980762113533157], [0.44999999999999996, 0.0], [0.55, 0.0]]",6,2,2,simple,189,2789,1227,193,189,0,0.0,0.65,0.65,8,98.0,2.8460582192866157,4,0.02072538860103627,#524644,0.32156864,0.27450982,0.26666668,30.830003120112167,4.383973655696538,3.270129681103773,30.884844789968355,4.515861094479603,3.4362704930838035,29.620452487430715,48.264490421616784,1.1025517066274382,1.7396090540208673,0.5614408053034771,36.72029640912524,5.469275376599457
panel_05_up,panel_05_up__corner_2,panel_05_up,corner_2,panel_landmarks,panel_05_up__corner_2::gamut_022_cmcmm,22,gamut_022_cmcmm,cmcmm,0.4,0.6,0.0,0.6,0.0,#8c5fb2,0.5490196078431373,0.37254901960784315,0.6980392156862745,48.227853537804535,34.47023920646486,-37.32564454758596,"[[0.6333333333333334, 0.2116950987028627], [0.6333333333333331, 0.211695098702863], [0.5500000000000002, 0.25980762113533157], [0.55, 0.2598076211353316], [0.55, 0.0], [0.6333333333333334, 0.0]]",6,2,2,simple,101,2072,873,104,101,104,1.0,0.65,0.65,7,98.0,2.7467961126392275,3,0.028846153846153848,#463842,0.27450982,0.21960784,0.25882354,25.29726808721764,7.926794292750533,-4.025542800504955,25.580039545463954,8.021264942255481,-3.9999648491469477,26.928737511321504,48.36592802128376,1.0376303804835358,2.0042730401796653,0.6085075747744285,333.07672016285596,8.890391588579195
panel_05_up,panel_05_up__corner_2,panel_05_up,corner_2,panel_landmarks,panel_05_up__corner_2::gamut_023_cmm,23,gamut_023_cmm,cmm,0.3333333333333333,0.6666666666666666,0.0,0.6666666666666666,0.0,#9553ad,0.5843137254901961,0.3254901960784314,0.6784313725490196,46.43717552780805,42.58465688514468,-37.152504170448154,"[[0.7083333333333331, 0.168393828513641], [0.7083333333333331, 0.168393828513641], [0.6333333333333333, 0.2116950987028628], [0.6333333333333334, 0.0], [0.7083333333333333, 0.0]]",6,2,2,simple,82,1479,640,82,82,82,1.0,0.65,0.65,6,98.0,,0,0.0,#403141,0.2509804,0.19215687,0.25490198,22.467668642535024,9.9934021121586,-8.2085751071859,22.495235493196578,10.30998253331249,-7.863888345726245,26.008189308440933,49.7441270666196,0.9406905418250121,1.5150761615741424,0.4791084792582731,320.6003352708581,12.932470416189165
panel_05_up,panel_05_up__corner_2,panel_05_up,corner_2,panel_landmarks,panel_05_up__corner_2::gamut_024_mcmm,24,gamut_024_mcmm,mcmm,0.25,0.75,0.0,0.75,0.0,#a044a7,0.6274509803921569,0.26666666666666666,0.6549019607843137,44.800029665938034,51.92297921655648,-36.09631750039897,"[[0.7750000000000006, 0.12990381056766542], [0.7750000000000004, 0.12990381056766562], [0.7083333333333331, 0.16839382851364093], [0.7083333333333331, 0.0], [0.7750000000000006, 0.0]]",6,2,2,simple,56,1017,426,56,56,56,1.0,0.65,0.65,5,98.0,,0,0.0,#362542,0.21176471,0.14509805,0.25882354,17.851987017120997,14.77742621121149,-15.422089922162918,17.856211671252446,14.800671864306517,-15.310953749749586,25.92696813077176,50.3330189501092,0.8137445807936803,1.527625443199089,0.4418385620696254,313.77710289398607,21.359147525008563
panel_05_up,panel_05_up__corner_2,panel_05_up,corner_2,panel_landmarks,panel_05_up__corner_2::gamut_025_mmcmm,25,gamut_025_mmcmm,mmcmm,0.2,0.8,0.0,0.8,0.0,#a73ca4,0.6549019607843137,0.23529411764705882,0.6431372549019608,44.4176754796398,56.71421828170675,-34.84717030635769,"[[0.7750000000000006, 0.12990381056766537], [0.7750000000000006, 0.0], [0.8999999999999999, 0.0], [0.8999999999999999, 0.05773502691896263]]",6,2,2,simple,64,1221,534,64,64,64,1.0,0.65,0.65,6,98.0,,0,0.0,#311f41,0.19215687,0.12156863,0.25490198,15.363857011077375,16.46098522970017,-18.439239394641334,15.622012522145447,16.670364095035527,-18.254532223893413,27.077668529428355,52.284484654120774,1.3637012864422529,2.42135653362586,0.7612564018665335,311.755767137887,24.717798934882936
panel_05_up,panel_05_up__corner_2,panel_05_up,corner_2,panel_landmarks,panel_05_up__corner_2::gamut_026_m,26,gamut_026_m,m,0.0,1.0,0.0,1.0,0.0,#c31996,0.7647058823529411,0.09803921568627451,0.5882352941176471,44.94517938493525,71.41561872915153,-25.286338363609783,"[[0.8999999999999999, 0.05773502691896262], [0.8999999999999999, 0.0], [1.0, 0.0], [0.95, 0.08660254037844395]]",6,2,2,simple,43,597,269,43,43,43,1.0,0.65,0.65,4,98.0,,0,0.0,#270f48,0.15294118,0.05882353,0.28235295,10.855188229915406,25.71725874141978,-30.555924107087318,10.82563695010612,25.78850466506418,-30.608673660763664,31.047224322026562,57.255882985292565,0.14790578318100012,0.2950799393606888,0.0713052148599625,310.08549433406864,39.9379756023163
panel_05_up,panel_05_up__corner_2,panel_05_up,corner_2,panel_landmarks,panel_05_up__corner_2::gamut_027_mmymm,27,gamut_027_mmymm,mmymm,0.0,0.8,0.2,0.9,0.17320508075688773,#cf4078,0.8117647058823529,0.25098039215686274,0.47058823529411764,49.84848124885772,60.188269024954224,0.4786347756794429,"[[0.7750000000000004, 0.12990381056766553], [0.7750000000000004, 0.1299038105676656], [0.8999999999999999, 0.05773502691896262], [0.95, 0.08660254037844393], [0.8875000000000002, 0.19485571585149836]]",6,2,2,simple,63,1220,519,63,63,63,1.0,0.65,0.65,5,98.0,,0,0.0,#32134c,0.19607843,0.07450981,0.29803923,13.62477104237026,27.688158634919276,-29.071005732322476,13.564124167245954,27.613076222618695,-28.95082050780589,34.93240583507099,56.93501216861369,0.26152895497658757,0.30228944388356027,0.15167098689422215,313.60435522162913,40.14669977571234
panel_05_up,panel_05_up__corner_2,panel_05_up,corner_2,panel_landmarks,panel_05_up__corner_2::gamut_028_mmym,28,gamut_028_mmym,mmym,0.0,0.75,0.25,0.875,0.21650635094610965,#d24a70,0.8235294117647058,0.2901960784313726,0.4392156862745098,51.57960032045129,56.37809473471766,7.85956369537153,"[[0.7083333333333333, 0.16839382851364088], [0.708333333333333, 0.1683938285136411], [0.7750000000000006, 0.12990381056766553], [0.7750000000000005, 0.12990381056766556], [0.8875000000000002, 0.19485571585149838], [0.8541666666666666, 0.2525907427704614]]",6,2,2,simple,61,1022,435,61,61,61,1.0,0.65,0.65,4,98.0,,0,0.0,#36144f,0.21176471,0.078431375,0.30980393,14.755635316702886,28.9059913637113,-29.388483662207186,14.714220654433621,28.718711591188846,-29.296120428920627,36.72832100898847,59.14505807061967,0.3759697932965033,0.4792595427093013,0.11461043724409263,314.5257845431961,41.221830486803604
panel_05_up,panel_05_up__corner_2,panel_05_up,corner_2,panel_landmarks,panel_05_up__corner_2::gamut_029_mmy,29,gamut_029_mmy,mmy,0.0,0.6666666666666666,0.3333333333333333,0.8333333333333333,0.28867513459481287,#d75b64,0.8431372549019608,0.3568627450980392,0.39215686274509803,54.92109472478978,49.47976671792647,19.744343642877826,"[[0.6333333333333329, 0.21169509870286304], [0.6333333333333332, 0.2116950987028628], [0.708333333333333, 0.16839382851364093], [0.7083333333333333, 0.16839382851364088], [0.8541666666666666, 0.25259074277046145], [0.8166666666666667, 0.3175426480542943]]",6,2,2,simple,62,1431,630,62,62,62,1.0,0.65,0.65,5,98.0,,0,0.0,#3c1653,0.23529412,0.08627451,0.3254902,16.185317247906937,30.424440477883646,-29.470525774376235,16.33630263985938,30.494587906418975,-29.59763235460129,41.06988452558157,65.46502338356275,0.359043956177761,0.6776701641668386,0.19996326861097216,315.91244172101176,42.35750780924745
panel_05_up,panel_05_up__corner_2,panel_05_up,corner_2,panel_landmarks,panel_05_up__corner_2::gamut_030_mmymy,30,gamut_030_mmymy,mmymy,0.0,0.6,0.4,0.8,0.34641016151377546,#db685a,0.8588235294117647,0.40784313725490196,0.35294117647058826,57.754183854481255,43.898425701771274,29.352331819167688,"[[0.5500000000000003, 0.2598076211353315], [0.5500000000000003, 0.2598076211353315], [0.6333333333333333, 0.21169509870286285], [0.6333333333333329, 0.21169509870286302], [0.8166666666666665, 0.3175426480542942], [0.775, 0.38971143170299727]]",6,2,2,simple,45,2023,868,45,45,45,1.0,0.65,0.65,6,98.0,,0,0.0,#3f1754,0.24705882,0.09019608,0.32941177,17.035392112745143,30.92297472386893,-28.949741038924724,17.261840787427047,30.914507754710893,-29.126038680760804,45.592706459126305,72.28771699629986,0.6399373994486328,1.2130980949670023,0.35510718066224645,316.8876219968107,42.35938941951169
panel_05_up,panel_05_up__corner_3,panel_05_up,corner_3,panel_landmarks,panel_05_up__corner_3::gamut_001_my,1,gamut_001_my,my,0.0,0.5,0.5,0.75,0.4330127018922193,#e17c4b,0.8823529411764706,0.48627450980392156,0.29411764705882354,62.45289702748056,35.06929839281481,43.41945673452145,"[[0.5, 0.34641016151377513], [0.5, 0.34641016151377513], [0.5, 0.28867513459481287], [0.55, 0.2598076211353315], [0.5500000000000003, 0.25980762113533146], [0.7750000000000001, 0.38971143170299727], [0.7250000000000001, 0.47631397208144116]]",6,2,2,simple,96,2405,1014,96,96,96,1.0,0.65,0.65,6,98.0,,0,0.0,#511d62,0.31764707,0.11372549,0.38431373,22.07363678817154,35.55732901440606,-29.880439903965062,22.11741747698477,35.58596121061246,-29.90784437320738,52.51714098701934,83.68750013337868,0.35787102544484695,0.5540156642061991,0.1258411868721837,319.95813785126177,46.4452832426845
panel_05_up,panel_05_up__corner_3,panel_05_up,corner_3,panel_landmarks,panel_05_up__corner_3::gamut_002_mymyy,2,gamut_002_mymyy,mymyy,0.0,0.4,0.6,0.7,0.5196152422706631,#e78f3c,0.9058823529411765,0.5607843137254902,0.23529411764705882,67.25038043422728,26.766151588117626,56.050858524577286,"[[0.49999999999999994, 0.44263520637871284], [0.49999999999999994, 0.44263520637871284], [0.49999999999999994, 0.3464101615137752], [0.7250000000000001, 0.47631397208144116], [0.6833333333333335, 0.5484827557301443]]",6,2,2,simple,88,1842,763,88,88,88,1.0,0.65,0.65,5,98.0,,0,0.0,#4c1d62,0.29803923,0.11372549,0.38431373,21.268326371471282,34.495520764968255,-31.470932841846356,21.255849573393338,34.51319614027841,-31.547180600131643,62.57080846984074,99.16731521872543,0.2564493623709771,0.42605947110840314,0.09372073738009629,317.62519551195703,46.69433120607211
panel_05_up,panel_05_up__corner_3,panel_05_up,corner_3,panel_landmarks,panel_05_up__corner_3::gamut_003_myy,3,gamut_003_myy,myy,0.0,0.3333333333333333,0.6666666666666666,0.6666666666666666,0.5773502691896257,#eb9d32,0.9215686274509803,0.615686274509804,0.19607843137254902,70.87834005274337,20.623964460334378,63.79337035503971,"[[0.5, 0.5292377467571571], [0.4999999999999999, 0.5292377467571567], [0.49999999999999994, 0.4426352063787129], [0.6833333333333335, 0.5484827557301444], [0.6458333333333334, 0.6134346610139774]]",6,2,2,simple,103,1284,564,106,103,106,1.0,0.65,0.65,4,98.0,0.3583964276393591,3,0.02830188679245283,#4a1d62,0.2901961,0.11372549,0.38431373,21.080559891586383,33.97689543601809,-31.96687134021853,21.07890354613951,33.944514947108125,-31.954473542943397,69.25735925761883,108.75726901754462,0.1555925626027585,0.20199448268605477,0.05571526816572575,316.7458852691976,46.65094089889497
panel_05_up,panel_05_up__corner_3,panel_05_up,corner_3,panel_landmarks,panel_05_up__corner_3::gamut_004_ymyy,4,gamut_004_ymyy,ymyy,0.0,0.25,0.75,0.625,0.649519052838329,#f0ad25,0.9411764705882353,0.6784313725490196,0.1450980392156863,75.17069205620427,13.897348872566884,71.97054159381838,"[[0.5, 0.6062177826491071], [0.5, 0.6062177826491071], [0.5, 0.529237746757157], [0.6458333333333334, 0.6134346610139774], [0.6125, 0.6711696879329399]]",6,2,2,simple,101,907,379,103,101,103,1.0,0.65,0.65,3,98.0,0.7518273820864098,2,0.019417475728155338,#451c62,0.27058825,0.10980392,0.38431373,19.807479218139363,33.317290874232434,-33.54181344865786,19.818329192082757,33.357546446618414,-33.55733692180426,77.23212594609133,120.72728171258761,0.2683930916762805,0.5941035684539058,0.15911934048047288,314.8075931813103,47.27679262199137
panel_05_up,panel_05_up__corner_3,panel_05_up,corner_3,panel_landmarks,panel_05_up__corner_3::gamut_005_yymyy,5,gamut_005_yymyy,yymyy,0.0,0.2,0.8,0.6000000000000001,0.6928203230275509,#f3b71e,0.9529411764705882,0.7176470588235294,0.11764705882352941,77.88658998186094,9.774007373456461,76.02676705068747,"[[0.5, 0.7505553499465134], [0.5, 0.6062177826491071], [0.6125, 0.6711696879329399], [0.55, 0.7794228634059948]]",6,2,2,simple,59,1114,454,59,59,59,1.0,0.65,0.65,5,98.0,,0,0.0,#401a5e,0.2509804,0.101960786,0.36862746,18.449083752553754,32.10753173625008,-33.21962979870179,18.367874150422686,32.0600620854943,-33.117971435527465,81.79720828266831,126.35813658722842,0.3621647938888979,0.66841641612425,0.19190608017836414,314.0247185130401,46.1999718415185
panel_05_up,panel_05_up__corner_3,panel_05_up,corner_3,panel_landmarks,panel_05_up__corner_3::gamut_006_y,6,gamut_006_y,y,0.0,0.0,1.0,0.5,0.8660254037844386,#ffdf00,1.0,0.8745098039215686,0.0,88.94096720886532,-5.949434572648293,88.5567575521992,"[[0.45, 0.7794228634059948], [0.5, 0.7505553499465135], [0.5499999999999999, 0.7794228634059948], [0.5, 0.8660254037844386]]",6,2,2,simple,45,545,231,45,45,45,1.0,0.65,0.65,3,98.0,,0,0.0,#321557,0.19607843,0.08235294,0.34117648,14.967131451792397,29.692861207941956,-34.39620610235625,14.859813189436862,29.724626696974322,-34.437043245434886,96.89274581631443,147.85104969720004,0.23089546481034762,0.2815585479718607,0.15566379077521195,310.80272277406215,45.43968530865805
panel_05_up,panel_05_up__corner_3,panel_05_up,corner_3,panel_landmarks,panel_05_up__corner_3::gamut_007_yycyy,7,gamut_007_yycyy,yycyy,0.2,0.0,0.8,0.4,0.6928203230275509,#d7da2c,0.8431372549019608,0.8549019607843137,0.17254901960784313,84.3667653359768,-19.647053313897157,76.98686095704784,"[[0.45, 0.7794228634059948], [0.38750000000000007, 0.6711696879329401], [0.5, 0.6062177826491071], [0.49999999999999994, 0.606217782649107], [0.5, 0.7505553499465134]]",6,2,2,simple,66,1061,464,66,66,66,1.0,0.65,0.65,5,98.0,,0,0.0,#331e63,0.2,0.11764706,0.3882353,18.067526303576294,28.241356541516797,-37.39683850636985,18.01051174621517,28.290412761826065,-37.33508581604757,93.54029334636307,140.6147915323738,0.42051799905918974,0.9511051862991523,0.31990575284654205,307.05938455607975,46.86254100640063
panel_05_up,panel_05_up__corner_3,panel_05_up,corner_3,panel_landmarks,panel_05_up__corner_3::gamut_008_ycyy,8,gamut_008_ycyy,ycyy,0.25,0.0,0.75,0.375,0.649519052838329,#cdd937,0.803921568627451,0.8509803921568627,0.21568627450980393,83.38010598564017,-22.911475895264044,72.6579380339764,"[[0.49999999999999994, 0.6062177826491072], [0.38750000000000007, 0.6711696879329401], [0.3541666666666665, 0.6134346610139771], [0.4999999999999999, 0.5292377467571566], [0.5, 0.529237746757157], [0.5, 0.606217782649107]]",6,2,2,simple,52,896,413,52,52,52,1.0,0.65,0.65,4,98.0,,0,0.0,#332168,0.2,0.12941177,0.40784314,19.325641832695165,27.7529166210064,-38.55928958242073,19.164170608556354,27.903060405150224,-38.78969078092239,92.28906392570406,137.98234222407274,0.42341703521607243,0.6658344480367815,0.1819468831886218,305.7443232965993,47.50834867761153
panel_05_up,panel_05_up__corner_3,panel_05_up,corner_3,panel_landmarks,panel_05_up__corner_3::gamut_009_cyy,9,gamut_009_cyy,cyy,0.3333333333333333,0.0,0.6666666666666666,0.3333333333333333,0.5773502691896257,#bdd749,0.7411764705882353,0.8431372549019608,0.28627450980392155,81.78436408497542,-27.531586792779173,64.35620557265086,"[[0.5000000000000001, 0.5292377467571565], [0.3541666666666665, 0.6134346610139771], [0.31666666666666654, 0.5484827557301443], [0.4999999999999999, 0.44263520637871295], [0.49999999999999994, 0.4426352063787134], [0.49999999999999994, 0.529237746757157]]",6,2,2,simple,110,1300,570,113,110,113,1.0,0.65,0.65,4,98.0,0.5746315462622268,3,0.02654867256637168,#33236c,0.2,0.13725491,0.42352942,19.997247073291724,27.902518898593353,-40.0553458191524,20.10224801134037,27.841289097082498,-39.94961172418006,91.37012268642377,133.38800533204224,0.22212620782414658,0.39609622279304546,0.14324681161051064,304.8610355021002,48.81578934707754
panel_05_up,panel_05_up__corner_3,panel_05_up,corner_3,panel_landmarks,panel_05_up__corner_3::gamut_010_cycyy,10,gamut_010_cycyy,cycyy,0.4,0.0,0.6,0.3,0.5196152422706631,#b0d558,0.6901960784313725,0.8352941176470589,0.34509803921568627,80.47282173371678,-30.62907611862564,56.47710040787457,"[[0.49999999999999994, 0.44263520637871295], [0.3166666666666666, 0.5484827557301443], [0.27500000000000013, 0.47631397208144144], [0.5, 0.3464101615137757], [0.5, 0.34641016151377535], [0.5, 0.4426352063787127]]",6,2,2,simple,98,1801,773,98,98,98,1.0,0.65,0.65,5,98.0,,0,0.0,#31256f,0.19215687,0.14509805,0.43529412,20.53201551125826,27.305539152506995,-41.18598233591501,20.46026283162087,27.229211269965088,-41.125248689738655,90.03710110510181,128.40326175075447,0.299195417937376,0.5823601207300453,0.20463244943235936,303.54363681646004,49.41535803152088
panel_05_up,panel_05_up__corner_3,panel_05_up,corner_3,panel_landmarks,panel_05_up__corner_3::gamut_011_cy,11,gamut_011_cy,cy,0.5,0.0,0.5,0.25,0.4330127018922193,#9cd36e,0.611764705882353,0.8274509803921568,0.43137254901960786,78.9150462873468,-34.99013382693389,44.14872186254153,"[[0.4999999999999999, 0.3464101615137758], [0.2750000000000002, 0.47631397208144144], [0.22500000000000003, 0.3897114317029974], [0.45, 0.25980762113533157], [0.45, 0.25980762113533157], [0.5, 0.28867513459481287], [0.5, 0.34641016151377524]]",6,2,2,simple,129,2479,1068,132,129,132,1.0,0.65,0.65,6,98.0,0.6511376154610696,3,0.022727272727272728,#2f2875,0.18431373,0.15686275,0.45882353,21.601356906813066,27.016724942525688,-43.31168015514567,21.507419923982834,26.920696193827336,-43.19723554805458,77.26422706391722,121.56903983317247,0.18944836075372012,0.4046222098269304,0.17517022830786988,301.954866158607,51.04708673843914
panel_05_up,panel_05_up__corner_3,panel_05_up,corner_3,panel_landmarks,panel_05_up__corner_3::gamut_012_ccycy,12,gamut_012_ccycy,ccycy,0.6,0.0,0.4,0.2,0.34641016151377546,#88d184,0.5333333333333333,0.8196078431372549,0.5176470588235295,77.57843488375325,-37.888046728189686,31.195962138943845,"[[0.36666666666666653, 0.21169509870286277], [0.36666666666666714, 0.21169509870286302], [0.45, 0.25980762113533157], [0.225, 0.3897114317029973], [0.18333333333333335, 0.3175426480542941]]",6,2,2,simple,72,1755,737,72,72,72,1.0,0.65,0.65,5,98.0,,0,0.0,#2b317f,0.16862746,0.19215687,0.49803922,24.45593873090113,23.863737156090416,-45.15935010348605,24.48275622698763,24.00917263656916,-45.220473724468,71.29258608237784,111.6486279272593,0.35299981618835197,0.6315181034302737,0.18555372681020255,297.85349691334073,51.07685241696277
panel_05_up,panel_05_up__corner_3,panel_05_up,corner_3,panel_landmarks,panel_05_up__corner_3::gamut_013_ccy,13,gamut_013_ccy,ccy,0.6666666666666666,0.0,0.3333333333333333,0.16666666666666666,0.28867513459481287,#7bcf92,0.4823529411764706,0.8117647058823529,0.5725490196078431,76.6242576233587,-38.596781108295175,22.516384217852845,"[[0.29166666666666674, 0.16839382851364088], [0.29166666666666674, 0.16839382851364088], [0.3666666666666666, 0.21169509870286274], [0.18333333333333332, 0.3175426480542941], [0.14583333333333337, 0.2525907427704613]]",6,2,2,simple,108,1288,571,111,108,111,1.0,0.65,0.65,4,98.0,0.6980149941958173,3,0.02702702702702703,#2d3b92,0.1764706,0.23137255,0.57254905,28.88062329572145,24.410380199207605,-49.67244494461922,28.858089492990736,24.418343965751834,-49.629778484280315,65.09484976945663,107.0541173925104,0.29131837280511286,0.46704703832993155,0.13043627998147644,296.170747487452,55.34634990896956
panel_05_up,panel_05_up__corner_3,panel_05_up,corner_3,panel_landmarks,panel_05_up__corner_3::gamut_014_ccyc,14,gamut_014_ccyc,ccyc,0.75,0.0,0.25,0.125,0.21650635094610965,#6bcda5,0.4196078431372549,0.803921568627451,0.6470588235294118,75.7627364620849,-38.23104893684348,11.116976934990475,"[[0.22499999999999984, 0.12990381056766567], [0.2916666666666667, 0.16839382851364085], [0.14583333333333337, 0.2525907427704613], [0.11250000000000002, 0.1948557158514987], [0.22500000000000003, 0.12990381056766576]]",6,2,2,simple,99,932,388,102,99,102,1.0,0.65,0.65,3,98.0,2.542763356915868,3,0.029411764705882353,#2c49a2,0.17254902,0.28627452,0.63529414,33.819835808456034,21.202451679435658,-51.77971410535099,33.52162260152538,21.368756787468804,-51.70915121240582,56.85926098037571,96.16413912976917,0.7380329038158063,1.9522233464421341,0.6346540100522946,292.2678286461801,55.95250441267744
panel_05_up,panel_05_up__corner_3,panel_05_up,corner_3,panel_landmarks,panel_05_up__corner_3::gamut_015_ccycc,15,gamut_015_ccycc,ccycc,0.8,0.0,0.2,0.1,0.17320508075688773,#61ccb0,0.3803921568627451,0.8,0.6901960784313725,75.36328019947463,-37.63795429928929,4.586277188762633,"[[0.22499999999999995, 0.12990381056766578], [0.11249999999999999, 0.19485571585149866], [0.04999999999999999, 0.08660254037844385], [0.1, 0.05773502691896256]]",6,2,2,simple,43,1077,457,43,43,43,1.0,0.65,0.65,5,98.0,,0,0.0,#2a55b1,0.16470589,0.33333334,0.69411767,38.28889919023098,18.95828218750653,-53.2682051145131,37.43105499149645,19.09670524382096,-53.23786760285418,50.7697302083009,89.02126057447136,2.477895230486152,4.687812949463436,1.474665763571283,289.5907664133706,56.541295878525524
panel_05_up,panel_05_up__corner_3,panel_05_up,corner_3,panel_landmarks,panel_05_up__corner_3::gamut_016_c,16,gamut_016_c,c,1.0,0.0,0.0,0.0,0.0,#3ac8dc,0.22745098039215686,0.7843137254901961,0.8627450980392157,74.42655654335444,-30.326087604312878,-20.705156122725967,"[[0.1, 0.057735026918962574], [0.05, 0.08660254037844387], [0.0, 0.0], [0.10000000000000002, 0.0]]",6,2,2,simple,60,564,235,60,60,60,1.0,0.65,0.65,3,98.0,,0,0.0,#137bd6,0.07450981,0.48235294,0.8392157,50.90594256444433,6.403368348016247,-54.21201693571487,50.867725443132,6.514117091303044,-54.20800144610033,30.02580757089178,54.99983580011852,0.31031947071965715,0.5059376251564905,0.18806555283003054,276.7364012811035,54.5888807948891
panel_05_up,panel_05_up__corner_3,panel_05_up,corner_3,panel_landmarks,panel_05_up__corner_3::gamut_017_ccmcc,17,gamut_017_ccmcc,ccmcc,0.8,0.2,0.0,0.2,0.0,#55a5ce,0.3333333333333333,0.6470588235294118,0.807843137254902,64.39915620027084,-12.522958683054753,-28.313954637547667,"[[0.22499999999999998, 0.12990381056766578], [0.22499999999999992, 0.12990381056766576], [0.1, 0.05773502691896257], [0.10000000000000002, 0.0], [0.22499999999999998, 0.0]]",6,2,2,simple,43,1074,476,43,43,43,1.0,0.65,0.65,6,98.0,,0,0.0,#3d63ba,0.23921569,0.3882353,0.7294118,43.3850980426558,16.188067507961314,-50.51077166007902,42.86427286068962,16.536276709428794,-50.52404936398536,24.48558119625723,41.93581227452946,1.6779507607728885,2.7050576304333123,0.8375184166785129,287.7700016824829,53.04141385124415
panel_05_up,panel_05_up__corner_3,panel_05_up,corner_3,panel_landmarks,panel_05_up__corner_3::gamut_018_ccmc,18,gamut_018_ccmc,ccmc,0.75,0.25,0.0,0.25,0.0,#5c9cca,0.3607843137254902,0.611764705882353,0.792156862745098,61.92440441812144,-7.364048329696504,-29.88546306665585,"[[0.29166666666666663, 0.16839382851364085], [0.29166666666666674, 0.16839382851364088], [0.22499999999999992, 0.12990381056766573], [0.22499999999999995, 0.12990381056766576], [0.22499999999999998, 0.0], [0.29166666666666674, 0.0]]",6,2,2,simple,62,925,397,62,62,62,1.0,0.65,0.65,5,98.0,,0,0.0,#4455ac,0.26666668,0.33333334,0.6745098,39.14056536503847,20.461949061022707,-48.60122702236139,39.0253982549063,20.59080207298731,-48.54753676359179,26.096216517461453,40.542191273175995,0.6176616459854778,1.4631823630714633,0.4926788301637539,292.8319263209741,52.73301269086567
panel_05_up,panel_05_up__corner_3,panel_05_up,corner_3,panel_landmarks,panel_05_up__corner_3::gamut_019_ccm,19,gamut_019_ccm,ccm,0.6666666666666666,0.3333333333333333,0.0,0.3333333333333333,0.0,#678dc4,0.403921568627451,0.5529411764705883,0.7686274509803922,57.95834963869487,1.909786468417607,-32.625876079859225,"[[0.3666666666666667, 0.2116950987028628], [0.36666666666666675, 0.2116950987028628], [0.29166666666666674, 0.16839382851364085], [0.2916666666666667, 0.16839382851364082], [0.2916666666666667, 0.0], [0.3666666666666667, 0.0]]",6,2,2,simple,69,1314,584,69,69,69,1.0,0.65,0.65,6,98.0,,0,0.0,#4b4a99,0.29411766,0.2901961,0.6,35.25636707363745,23.215132534093048,-43.81445986551533,35.170828228570514,23.24397649463601,-43.84692472153151,24.294118361609396,33.08295921605276,0.8401564794171469,1.4527127359523544,0.4832717166086619,297.91692150379214,49.5847685472299
panel_05_up,panel_05_up__corner_3,panel_05_up,corner_3,panel_landmarks,panel_05_up__corner_3::gamut_020_ccmcm,20,gamut_020_ccmcm,ccmcm,0.6,0.4,0.0,0.4,0.0,#7082c0,0.4392156862745098,0.5098039215686274,0.7529411764705882,55.29267420281303,9.505154374171154,-34.4733226879592,"[[0.44999999999999996, 0.25980762113533157], [0.4500000000000001, 0.2598076211353316], [0.3666666666666665, 0.21169509870286266], [0.36666666666666675, 0.21169509870286288], [0.3666666666666667, 0.0], [0.44999999999999996, 0.0]]",6,2,2,simple,63,1790,766,63,63,63,1.0,0.65,0.65,7,98.0,,0,0.0,#4b418c,0.29411766,0.25490198,0.54901963,32.34667780524099,24.69004959555013,-40.737570619097205,32.20040824194698,24.684747773777843,-40.6567194723676,22.69679194501177,28.21950736112192,0.8615491514209802,1.7168931489873336,0.4927609564138297,301.2190331651132,47.63557713491731
panel_05_up,panel_05_up__corner_3,panel_05_up,corner_3,panel_landmarks,panel_05_up__corner_3::gamut_021_cm,21,gamut_021_cm,cm,0.5,0.5,0.0,0.5,0.0,#7e70b9,0.49411764705882355,0.4392156862745098,0.7254901960784313,51.29732537689088,22.192773865570615,-36.6472398512226,"[[0.55, 0.2598076211353316], [0.5, 0.2886751345948129], [0.4500000000000002, 0.25980762113533173], [0.44999999999999996, 0.25980762113533157], [0.44999999999999996, 0.0], [0.55, 0.0]]",6,2,2,simple,151,2514,1096,155,151,155,1.0,0.65,0.65,8,98.0,0.7563590791994824,4,0.025806451612903226,#4e377e,0.30588236,0.21568628,0.49411765,28.98615592299509,27.35530701270339,-36.870588505367394,28.988919758701453,27.397921033812953,-36.81024422230702,19.886252683466303,22.90174481381289,0.3925406056894781,0.5543396064564995,0.12962461809877346,306.57273940980747,45.91027247241503
panel_05_up,panel_05_up__corner_3,panel_05_up,corner_3,panel_landmarks,panel_05_up__corner_3::gamut_022_cmcmm,22,gamut_022_cmcmm,cmcmm,0.4,0.6,0.0,0.6,0.0,#8c5fb2,0.5490196078431373,0.37254901960784315,0.6980392156862745,48.227853537804535,34.47023920646486,-37.32564454758596,"[[0.6333333333333334, 0.2116950987028627], [0.6333333333333331, 0.211695098702863], [0.5500000000000002, 0.25980762113533157], [0.55, 0.2598076211353316], [0.55, 0.0], [0.6333333333333334, 0.0]]",6,2,2,simple,72,1816,774,72,72,72,1.0,0.65,0.65,7,98.0,,0,0.0,#532e73,0.3254902,0.18039216,0.4490196,26.98122990493397,30.840434303943688,-32.8133372870971,26.970392606895498,30.802875331856082,-32.77691715677572,18.180952435124443,22.021703300160077,0.381053892798309,0.6144371356331838,0.18170361020459613,313.2247267437696,45.03162768513552
panel_05_up,panel_05_up__corner_3,panel_05_up,corner_3,panel_landmarks,panel_05_up__corner_3::gamut_023_cmm,23,gamut_023_cmm,cmm,0.3333333333333333,0.6666666666666666,0.0,0.6666666666666666,0.0,#9553ad,0.5843137254901961,0.3254901960784314,0.6784313725490196,46.43717552780805,42.58465688514468,-37.152504170448154,"[[0.7083333333333331, 0.168393828513641], [0.7083333333333331, 0.168393828513641], [0.6333333333333333, 0.2116950987028628], [0.6333333333333334, 0.0], [0.7083333333333333, 0.0]]",6,2,2,simple,77,1311,591,77,77,77,1.0,0.65,0.65,6,98.0,,0,0.0,#5b2c6d,0.35686275,0.17254902,0.42745098,27.038790495204076,33.39922385781602,-29.27300568741672,27.051146245214017,33.38396315349306,-29.29023923601032,16.735512938932043,22.86385833836426,0.40044406179746805,0.517033261067532,0.13268648419497797,318.7668067966843,44.411901741312974
panel_05_up,panel_05_up__corner_3,panel_05_up,corner_3,panel_landmarks,panel_05_up__corner_3::gamut_024_mcmm,24,gamut_024_mcmm,mcmm,0.25,0.75,0.0,0.75,0.0,#a044a7,0.6274509803921569,0.26666666666666666,0.6549019607843137,44.800029665938034,51.92297921655648,-36.09631750039897,"[[0.7750000000000006, 0.12990381056766542], [0.7750000000000004, 0.12990381056766562], [0.7083333333333331, 0.16839382851364093], [0.7083333333333331, 0.0], [0.7750000000000006, 0.0]]",6,2,2,simple,56,935,406,56,56,56,1.0,0.65,0.65,5,98.0,,0,0.0,#69296a,0.40980393,0.16078432,0.41568628,28.304091561261068,37.905832226091476,-25.13857081066352,28.334021419605715,37.921996972862914,-25.113016517897467,14.7890015880403,24.262493610963478,0.36016646000796826,0.4957997676974207,0.12482738531445223,326.4482683110892,45.4840615947536
panel_05_up,panel_05_up__corner_3,panel_05_up,corner_3,panel_landmarks,panel_05_up__corner_3::gamut_025_mmcmm,25,gamut_025_mmcmm,mmcmm,0.2,0.8,0.0,0.8,0.0,#a73ca4,0.6549019607843137,0.23529411764705882,0.6431372549019608,44.4176754796398,56.71421828170675,-34.84717030635769,"[[0.7750000000000006, 0.12990381056766537], [0.7750000000000006, 0.0], [0.8999999999999999, 0.0], [0.8999999999999999, 0.05773502691896263]]",6,2,2,simple,75,1068,458,75,75,75,1.0,0.65,0.65,5,98.0,,0,0.0,#712869,0.44313726,0.15686275,0.4117647,29.484771086094874,40.51986329053198,-22.138209864356963,29.502272329707786,40.50554499178832,-22.224393076372262,13.928307373530133,25.43160322754505,0.3490714556539178,0.5381188171722922,0.15562280932014216,331.3498150367468,46.17314865895235
panel_05_up,panel_05_up__corner_3,panel_05_up,corner_3,panel_landmarks,panel_05_up__corner_3::gamut_026_m,26,gamut_026_m,m,0.0,1.0,0.0,1.0,0.0,#c31996,0.7647058823529411,0.09803921568627451,0.5882352941176471,44.94517938493525,71.41561872915153,-25.286338363609783,"[[0.8999999999999999, 0.05773502691896262], [0.8999999999999999, 0.0], [1.0, 0.0], [0.95, 0.08660254037844395]]",6,2,2,simple,58,555,233,58,58,58,1.0,0.65,0.65,3,98.0,,0,0.0,#a02060,0.627451,0.1254902,0.3764706,36.70735097328438,55.49398974912173,-4.557331280962651,36.768849324700064,55.53500949489183,-4.716113491345197,11.280052568579402,27.405324682440128,0.3252534207176468,0.5513337841610386,0.17765252997562567,355.3052355928381,55.680806088634064
panel_05_up,panel_05_up__corner_3,panel_05_up,corner_3,panel_landmarks,panel_05_up__corner_3::gamut_027_mmymm,27,gamut_027_mmymm,mmymm,0.0,0.8,0.2,0.9,0.17320508075688773,#cf4078,0.8117647058823529,0.25098039215686274,0.47058823529411764,49.84848124885772,60.188269024954224,0.4786347756794429,"[[0.7750000000000004, 0.12990381056766553], [0.7750000000000004, 0.1299038105676656], [0.8999999999999999, 0.05773502691896262], [0.95, 0.08660254037844393], [0.8875000000000002, 0.19485571585149836]]",6,2,2,simple,48,1061,464,48,48,48,1.0,0.65,0.65,5,98.0,,0,0.0,#732163,0.4490196,0.12941177,0.3882353,28.29216643712178,43.14855475866286,-20.432248596170034,28.290647389911882,43.23255918898061,-20.249688296571705,22.027296855145558,34.52957593036165,0.4714963288813411,0.8073588089966263,0.2530912711548475,334.66091783830154,47.74174861122098
panel_05_up,panel_05_up__corner_3,panel_05_up,corner_3,panel_landmarks,panel_05_up__corner_3::gamut_028_mmym,28,gamut_028_mmym,mmym,0.0,0.75,0.25,0.875,0.21650635094610965,#d24a70,0.8235294117647058,0.2901960784313726,0.4392156862745098,51.57960032045129,56.37809473471766,7.85956369537153,"[[0.7083333333333333, 0.16839382851364088], [0.708333333333333, 0.1683938285136411], [0.7750000000000006, 0.12990381056766553], [0.7750000000000005, 0.12990381056766556], [0.8875000000000002, 0.19485571585149838], [0.8541666666666666, 0.2525907427704614]]",6,2,2,simple,51,895,408,51,51,51,1.0,0.65,0.65,4,98.0,,0,0.0,#6a2062,0.41568628,0.1254902,0.38431373,26.67689095460134,41.219077373887636,-22.700716712717185,26.769852875923007,41.13975698093921,-22.46549961729857,26.723800015855804,42.235902733657156,0.29844275960058897,0.8264001708418495,0.2600830993303772,331.156960963355,47.056719805205006
panel_05_up,panel_05_up__corner_3,panel_05_up,corner_3,panel_landmarks,panel_05_up__corner_3::gamut_029_mmy,29,gamut_029_mmy,mmy,0.0,0.6666666666666666,0.3333333333333333,0.8333333333333333,0.28867513459481287,#d75b64,0.8431372549019608,0.3568627450980392,0.39215686274509803,54.92109472478978,49.47976671792647,19.744343642877826,"[[0.6333333333333329, 0.21169509870286304], [0.6333333333333332, 0.2116950987028628], [0.708333333333333, 0.16839382851364093], [0.7083333333333333, 0.16839382851364088], [0.8541666666666666, 0.25259074277046145], [0.8166666666666667, 0.3175426480542943]]",6,2,2,simple,106,1313,567,107,106,107,1.0,0.65,0.65,4,98.0,0.7986980326392682,1,0.009345794392523364,#601f63,0.3764706,0.12156863,0.3882353,24.988108048246946,38.99492858347062,-26.10580194508072,25.054192059497456,39.05205165116627,-25.963251369293094,34.800828709620276,55.75079705726929,0.28728006969424835,0.6010475765204575,0.1988954120700234,326.1990132465244,46.926723201452646
panel_05_up,panel_05_up__corner_3,panel_05_up,corner_3,panel_landmarks,panel_05_up__corner_3::gamut_030_mmymy,30,gamut_030_mmymy,mmymy,0.0,0.6,0.4,0.8,0.34641016151377546,#db685a,0.8588235294117647,0.40784313725490196,0.35294117647058826,57.754183854481255,43.898425701771274,29.352331819167688,"[[0.5500000000000003, 0.2598076211353315], [0.5500000000000003, 0.2598076211353315], [0.6333333333333333, 0.21169509870286285], [0.6333333333333329, 0.21169509870286302], [0.8166666666666665, 0.3175426480542942], [0.775, 0.38971143170299727]]",6,2,2,simple,84,1789,750,84,84,84,1.0,0.65,0.65,5,98.0,,0,0.0,#5c1f63,0.36078432,0.12156863,0.3882353,24.100083773343655,38.1251485212829,-27.456863742725336,24.04688742328851,37.88301497064162,-27.3368195902497,41.33753855736986,66.28132378025788,0.36029401988122417,0.6188814332521133,0.1732606423203158,324.2394257669346,46.98304285970062
panel_05_up,panel_05_up__center,panel_05_up,center,panel_landmarks,panel_05_up__center::gamut_001_my,1,gamut_001_my,my,0.0,0.5,0.5,0.75,0.4330127018922193,#e17c4b,0.8823529411764706,0.48627450980392156,0.29411764705882354,62.45289702748056,35.06929839281481,43.41945673452145,"[[0.5, 0.34641016151377513], [0.5, 0.34641016151377513], [0.5, 0.28867513459481287], [0.55, 0.2598076211353315], [0.5500000000000003, 0.25980762113533146], [0.7750000000000001, 0.38971143170299727], [0.7250000000000001, 0.47631397208144116]]",6,2,2,simple,150,2701,1138,154,150,154,1.0,0.65,0.65,8,98.0,1.5157675590270956,4,0.025974025974025976,#61438c,0.38039216,0.2627451,0.54901963,34.876094551099726,29.49336258130428,-36.5529848424415,34.92090846526838,29.56383183852271,-36.599222726991094,48.136116025380645,84.77713433925543,0.6004939395625942,1.2526451730722845,0.40254871159610894,308.89888163578786,46.96785216766929
panel_05_up,panel_05_up__center,panel_05_up,center,panel_landmarks,panel_05_up__center::gamut_002_mymyy,2,gamut_002_mymyy,mymyy,0.0,0.4,0.6,0.7,0.5196152422706631,#e78f3c,0.9058823529411765,0.5607843137254902,0.23529411764705882,67.25038043422728,26.766151588117626,56.050858524577286,"[[0.49999999999999994, 0.44263520637871284], [0.49999999999999994, 0.44263520637871284], [0.49999999999999994, 0.3464101615137752], [0.7250000000000001, 0.47631397208144116], [0.6833333333333335, 0.5484827557301443]]",6,2,2,simple,91,1938,831,91,91,91,1.0,0.65,0.65,7,98.0,,0,0.0,#5f4f9f,0.37254903,0.30980393,0.62352943,38.77325889591493,26.00570420671722,-41.122753349727546,38.69923618376773,26.088865463671922,-41.04879949189594,54.68470363579538,101.26319951505448,0.5446269348921434,1.2182640071554287,0.34121808106898677,302.30893703051015,48.655703615812584
panel_05_up,panel_05_up__center,panel_05_up,center,panel_landmarks,panel_05_up__center::gamut_003_myy,3,gamut_003_myy,myy,0.0,0.3333333333333333,0.6666666666666666,0.6666666666666666,0.5773502691896257,#eb9d32,0.9215686274509803,0.615686274509804,0.19607843137254902,70.87834005274337,20.623964460334378,63.79337035503971,"[[0.5, 0.5292377467571571], [0.4999999999999999, 0.5292377467571567], [0.49999999999999994, 0.4426352063787129], [0.6833333333333335, 0.5484827557301444], [0.6458333333333334, 0.6134346610139774]]",6,2,2,simple,44,1426,645,44,44,44,1.0,0.65,0.65,7,98.0,,0,0.0,#5853a5,0.34509805,0.3254902,0.64705884,39.542026828732546,24.068832499337447,-43.53588814420766,39.682776060385976,24.02907006502164,-43.666784377378974,59.24952809620225,111.86331557878,0.978721242510132,1.4037625206313618,0.38051039962342637,298.9360286056662,49.74617828925277
panel_05_up,panel_05_up__center,panel_05_up,center,panel_landmarks,panel_05_up__center::gamut_004_ymyy,4,gamut_004_ymyy,ymyy,0.0,0.25,0.75,0.625,0.649519052838329,#f0ad25,0.9411764705882353,0.6784313725490196,0.1450980392156863,75.17069205620427,13.897348872566884,71.97054159381838,"[[0.5, 0.6062177826491071], [0.5, 0.6062177826491071], [0.5, 0.529237746757157], [0.6458333333333334, 0.6134346610139774], [0.6125, 0.6711696879329399]]",6,2,2,simple,75,1004,445,75,75,75,1.0,0.65,0.65,5,98.0,,0,0.0,#4f5bb3,0.30980393,0.35686275,0.7019608,41.85242454178035,21.485279583375426,-48.34931459110376,41.83139405476994,21.45468318809676,-48.19577197714678,63.25105410552977,125.0781812907235,0.43292160825269443,0.7625970992250014,0.2384134786122918,293.959218687061,52.90816062012861
panel_05_up,panel_05_up__center,panel_05_up,center,panel_landmarks,panel_05_up__center::gamut_005_yymyy,5,gamut_005_yymyy,yymyy,0.0,0.2,0.8,0.6000000000000001,0.6928203230275509,#f3b71e,0.9529411764705882,0.7176470588235294,0.11764705882352941,77.88658998186094,9.774007373456461,76.02676705068747,"[[0.5, 0.7505553499465134], [0.5, 0.6062177826491071], [0.6125, 0.6711696879329399], [0.55, 0.7794228634059948]]",6,2,2,simple,46,1163,484,46,46,46,1.0,0.65,0.65,6,98.0,,0,0.0,#4760ba,0.2784314,0.3764706,0.7294118,43.14946483436362,19.181878419389758,-50.27897924409163,43.1569633134912,19.270345643013155,-50.280354455335285,65.05059775291211,131.33284984424463,0.3942318803293501,0.7341258590828128,0.23081140226564478,290.8822984063246,53.81375487293232
panel_05_up,panel_05_up__center,panel_05_up,center,panel_landmarks,panel_05_up__center::gamut_006_y,6,gamut_006_y,y,0.0,0.0,1.0,0.5,0.8660254037844386,#ffdf00,1.0,0.8745098039215686,0.0,88.94096720886532,-5.949434572648293,88.5567575521992,"[[0.45, 0.7794228634059948], [0.5, 0.7505553499465135], [0.5499999999999999, 0.7794228634059948], [0.5, 0.8660254037844386]]",6,2,2,simple,72,583,252,72,72,72,1.0,0.65,0.65,3,98.0,,0,0.0,#147dd8,0.078431375,0.49019608,0.84705883,51.565792202173796,6.172424389854935,-54.21955268253076,51.5431800455638,6.258942178505497,-54.263825289442735,66.94466231913503,148.08415828754775,0.38784644408681523,0.7626489068280504,0.2435951825318167,276.4946657492648,54.569760086903486
panel_05_up,panel_05_up__center,panel_05_up,center,panel_landmarks,panel_05_up__center::gamut_007_yycyy,7,gamut_007_yycyy,yycyy,0.2,0.0,0.8,0.4,0.6928203230275509,#d7da2c,0.8431372549019608,0.8549019607843137,0.17254901960784313,84.3667653359768,-19.647053313897157,76.98686095704784,"[[0.45, 0.7794228634059948], [0.38750000000000007, 0.6711696879329401], [0.5, 0.6062177826491071], [0.49999999999999994, 0.606217782649107], [0.5, 0.7505553499465134]]",6,2,2,simple,61,1179,509,61,61,61,1.0,0.65,0.65,5,98.0,,0,0.0,#229296,0.13333334,0.57254905,0.5882353,55.206182371369806,-28.328011905406182,-10.859188809827769,55.18683884279562,-28.35386091749526,-10.572411296004159,43.77927497673768,92.96573078585253,1.1237426971560918,1.6132567203392036,0.4554257019994469,200.97370076694418,30.338065859911424
panel_05_up,panel_05_up__center,panel_05_up,center,panel_landmarks,panel_05_up__center::gamut_008_ycyy,8,gamut_008_ycyy,ycyy,0.25,0.0,0.75,0.375,0.649519052838329,#cdd937,0.803921568627451,0.8509803921568627,0.21568627450980393,83.38010598564017,-22.911475895264044,72.6579380339764,"[[0.49999999999999994, 0.6062177826491072], [0.38750000000000007, 0.6711696879329401], [0.3541666666666665, 0.6134346610139771], [0.4999999999999999, 0.5292377467571566], [0.5, 0.529237746757157], [0.5, 0.606217782649107]]",6,2,2,simple,59,968,425,59,59,59,1.0,0.65,0.65,4,98.0,,0,0.0,#28988c,0.15686275,0.59607846,0.54901963,56.87908985993347,-33.38793323609346,-2.5885241266618397,56.85918922919818,-33.39673953117297,-2.5213009290145045,37.84198419008576,80.46173054192624,0.3738836834377141,0.7371600856818724,0.2533866862890933,184.43320110445686,33.488125401881554
panel_05_up,panel_05_up__center,panel_05_up,center,panel_landmarks,panel_05_up__center::gamut_009_cyy,9,gamut_009_cyy,cyy,0.3333333333333333,0.0,0.6666666666666666,0.3333333333333333,0.5773502691896257,#bdd749,0.7411764705882353,0.8431372549019608,0.28627450980392155,81.78436408497542,-27.531586792779173,64.35620557265086,"[[0.5000000000000001, 0.5292377467571565], [0.3541666666666665, 0.6134346610139771], [0.31666666666666654, 0.5484827557301443], [0.4999999999999999, 0.44263520637871295], [0.49999999999999994, 0.4426352063787134], [0.49999999999999994, 0.529237746757157]]",6,2,2,simple,55,1430,611,55,55,55,1.0,0.65,0.65,5,98.0,,0,0.0,#31a079,0.19215687,0.627451,0.4745098,59.13428372867372,-40.63609241156496,11.477434549638899,59.11154613397386,-40.6509329844905,11.580661035039862,28.98484397151697,58.9993104414267,0.5895499202365916,1.0417519811281664,0.3166474842352783,164.22796714793446,42.22586305006082
panel_05_up,panel_05_up__center,panel_05_up,center,panel_landmarks,panel_05_up__center::gamut_010_cycyy,10,gamut_010_cycyy,cycyy,0.4,0.0,0.6,0.3,0.5196152422706631,#b0d558,0.6901960784313725,0.8352941176470589,0.34509803921568627,80.47282173371678,-30.62907611862564,56.47710040787457,"[[0.49999999999999994, 0.44263520637871295], [0.3166666666666666, 0.5484827557301443], [0.27500000000000013, 0.47631397208144144], [0.5, 0.3464101615137757], [0.5, 0.34641016151377535], [0.5, 0.4426352063787127]]",6,2,2,simple,41,1929,846,41,41,41,1.0,0.65,0.65,6,98.0,,0,0.0,#38a670,0.21960784,0.6509804,0.4392157,61.00949362327363,-43.64281636655393,19.03473199277399,60.78675008657731,-43.52977872766573,18.96734202580745,22.971557867751986,44.1600444848897,0.5499846545135794,1.2010704551480402,0.37269949036571676,156.4356679853936,47.61319609563594
panel_05_up,panel_05_up__center,panel_05_up,center,panel_landmarks,panel_05_up__center::gamut_011_cy,11,gamut_011_cy,cy,0.5,0.0,0.5,0.25,0.4330127018922193,#9cd36e,0.611764705882353,0.8274509803921568,0.43137254901960786,78.9150462873468,-34.99013382693389,44.14872186254153,"[[0.4999999999999999, 0.3464101615137758], [0.2750000000000002, 0.47631397208144144], [0.22500000000000003, 0.3897114317029974], [0.45, 0.25980762113533157], [0.45, 0.25980762113533157], [0.5, 0.28867513459481287], [0.5, 0.34641016151377524]]",6,2,2,simple,72,2719,1157,72,72,72,1.0,0.65,0.65,7,98.0,,0,0.0,#42aa5e,0.25882354,0.6666667,0.36862746,62.29526177528146,-47.036684421232934,30.719213365103105,62.588297196355455,-46.92555576123956,30.753995853195963,15.27965428088444,24.5293358436641,0.65024170499223,1.4835187318179557,0.47929764469787967,146.85182693349532,56.1793534237747
panel_05_up,panel_05_up__center,panel_05_up,center,panel_landmarks,panel_05_up__center::gamut_012_ccycy,12,gamut_012_ccycy,ccycy,0.6,0.0,0.4,0.2,0.34641016151377546,#88d184,0.5333333333333333,0.8196078431372549,0.5176470588235295,77.57843488375325,-37.888046728189686,31.195962138943845,"[[0.36666666666666653, 0.21169509870286277], [0.36666666666666714, 0.21169509870286302], [0.45, 0.25980762113533157], [0.225, 0.3897114317029973], [0.18333333333333335, 0.3175426480542941]]",6,2,2,simple,128,1899,818,130,128,130,1.0,0.65,0.65,5,98.0,1.4243890748108634,2,0.015384615384615385,#52b052,0.32156864,0.6901961,0.32156864,64.51313923114095,-47.50425576242884,39.84303506262105,64.53059983344188,-47.43985075911148,39.862619650359775,10.646590414582203,18.38328852049447,0.5426555720376527,1.0119519811366298,0.31732457208258646,140.01257844678946,62.00098191596246
panel_05_up,panel_05_up__center,panel_05_up,center,panel_landmarks,panel_05_up__center::gamut_013_ccy,13,gamut_013_ccy,ccy,0.6666666666666666,0.0,0.3333333333333333,0.16666666666666666,0.28867513459481287,#7bcf92,0.4823529411764706,0.8117647058823529,0.5725490196078431,76.6242576233587,-38.596781108295175,22.516384217852845,"[[0.29166666666666674, 0.16839382851364088], [0.29166666666666674, 0.16839382851364088], [0.3666666666666666, 0.21169509870286274], [0.18333333333333332, 0.3175426480542941], [0.14583333333333337, 0.2525907427704613]]",6,2,2,simple,53,1430,610,53,53,53,1.0,0.65,0.65,5,98.0,,0,0.0,#5fb547,0.37254903,0.70980394,0.2784314,66.41900705230884,-46.72014118974216,47.029748972927145,66.37716829807354,-46.74783391669367,47.06938707577708,11.892493290388334,27.76762809182806,0.255438145419514,0.4541562245383335,0.13331453594030243,134.81078212721013,66.29154456826288
panel_05_up,panel_05_up__center,panel_05_up,center,panel_landmarks,panel_05_up__center::gamut_014_ccyc,14,gamut_014_ccyc,ccyc,0.75,0.0,0.25,0.125,0.21650635094610965,#6bcda5,0.4196078431372549,0.803921568627451,0.6470588235294118,75.7627364620849,-38.23104893684348,11.116976934990475,"[[0.22499999999999984, 0.12990381056766567], [0.2916666666666667, 0.16839382851364085], [0.14583333333333337, 0.2525907427704613], [0.11250000000000002, 0.1948557158514987], [0.22500000000000003, 0.12990381056766576]]",6,2,2,simple,69,979,439,69,69,69,1.0,0.65,0.65,4,98.0,,0,0.0,#78bc34,0.47058824,0.7372549,0.20392157,69.61623215325214,-42.963474505864966,58.42809990498381,69.49845717350665,-43.01325470084007,58.192653705123675,18.9769538415027,47.94285894339906,0.424047346613317,0.8536368093867305,0.2914332073085186,126.32786746019502,72.5238098842227
panel_05_up,panel_05_up__center,panel_05_up,center,panel_landmarks,panel_05_up__center::gamut_015_ccycc,15,gamut_015_ccycc,ccycc,0.8,0.0,0.2,0.1,0.17320508075688773,#61ccb0,0.3803921568627451,0.8,0.6901960784313725,75.36328019947463,-37.63795429928929,4.586277188762633,"[[0.22499999999999995, 0.12990381056766578], [0.11249999999999999, 0.19485571585149866], [0.04999999999999999, 0.08660254037844385], [0.1, 0.05773502691896256]]",6,2,2,simple,43,1158,506,43,43,43,1.0,0.65,0.65,6,98.0,,0,0.0,#81bb28,0.5058824,0.73333335,0.15686275,69.67004929460064,-40.04266770636045,62.74258222780086,69.73454544738442,-40.14890782252186,62.80340603541531,23.744477363437507,58.483769889602904,0.5206596714946933,1.1134549745998852,0.37532177447497755,122.54624719825074,74.43149106160882
panel_05_up,panel_05_up__center,panel_05_up,center,panel_landmarks,panel_05_up__center::gamut_016_c,16,gamut_016_c,c,1.0,0.0,0.0,0.0,0.0,#3ac8dc,0.22745098039215686,0.7843137254901961,0.8627450980392157,74.42655654335444,-30.326087604312878,-20.705156122725967,"[[0.1, 0.057735026918962574], [0.05, 0.08660254037844387], [0.0, 0.0], [0.10000000000000002, 0.0]]",6,2,2,simple,51,590,247,51,51,51,1.0,0.65,0.65,3,98.0,,0,0.0,#ecdc09,0.9254902,0.8627451,0.03529412,86.5246828297424,-12.433339919455166,85.30929854967172,86.60194000139283,-12.75151238114717,85.34881975747805,45.88652304335788,108.19232726418836,0.2315279265197408,0.484879635582485,0.23656481568983312,98.29214721866316,86.21058148852575
panel_05_up,panel_05_up__center,panel_05_up,center,panel_landmarks,panel_05_up__center::gamut_017_ccmcc,17,gamut_017_ccmcc,ccmcc,0.8,0.2,0.0,0.2,0.0,#55a5ce,0.3333333333333333,0.6470588235294118,0.807843137254902,64.39915620027084,-12.522958683054753,-28.313954637547667,"[[0.22499999999999998, 0.12990381056766578], [0.22499999999999992, 0.12990381056766576], [0.1, 0.05773502691896257], [0.10000000000000002, 0.0], [0.22499999999999998, 0.0]]",6,2,2,simple,43,1194,513,43,43,43,1.0,0.65,0.65,6,98.0,,0,0.0,#d99c3c,0.8509804,0.6117647,0.23529412,68.42080851518746,13.664802389721897,57.143711169436685,68.93501546341025,13.661537710148643,57.1366846046612,47.237069861444404,89.47058266561771,1.2603125803163084,2.3500574614455996,0.6983756662262152,76.55138315324228,58.75483427400806
panel_05_up,panel_05_up__center,panel_05_up,center,panel_landmarks,panel_05_up__center::gamut_018_ccmc,18,gamut_018_ccmc,ccmc,0.75,0.25,0.0,0.25,0.0,#5c9cca,0.3607843137254902,0.611764705882353,0.792156862745098,61.92440441812144,-7.364048329696504,-29.88546306665585,"[[0.29166666666666663, 0.16839382851364085], [0.29166666666666674, 0.16839382851364088], [0.22499999999999992, 0.12990381056766573], [0.22499999999999995, 0.12990381056766576], [0.22499999999999998, 0.0], [0.29166666666666674, 0.0]]",6,2,2,simple,59,985,426,59,59,59,1.0,0.65,0.65,4,98.0,,0,0.0,#db9747,0.85882354,0.5921569,0.2784314,67.65790652781232,18.086721609555433,51.14127051529685,67.69322504845356,18.204463097048965,51.03928505206915,43.5503076176465,85.12312430769504,0.49029449964857574,0.9964095353218485,0.33876648361343475,70.52325051597313,54.24535969555673
panel_05_up,panel_05_up__center,panel_05_up,center,panel_landmarks,panel_05_up__center::gamut_019_ccm,19,gamut_019_ccm,ccm,0.6666666666666666,0.3333333333333333,0.0,0.3333333333333333,0.0,#678dc4,0.403921568627451,0.5529411764705883,0.7686274509803922,57.95834963869487,1.909786468417607,-32.625876079859225,"[[0.3666666666666667, 0.2116950987028628], [0.36666666666666675, 0.2116950987028628], [0.29166666666666674, 0.16839382851364085], [0.2916666666666667, 0.16839382851364082], [0.2916666666666667, 0.0], [0.3666666666666667, 0.0]]",6,2,2,simple,53,1414,610,53,53,53,1.0,0.65,0.65,5,98.0,,0,0.0,#d68450,0.8392157,0.5176471,0.3137255,62.85344675102027,26.658851773100455,40.44913428799518,62.86595390846143,26.55214627282703,40.61011567176795,40.7956350867001,77.30740811498328,0.5610149593541168,0.9357269384241038,0.25154539707702267,56.61228129697298,48.44405889795372
panel_05_up,panel_05_up__center,panel_05_up,center,panel_landmarks,panel_05_up__center::gamut_020_ccmcm,20,gamut_020_ccmcm,ccmcm,0.6,0.4,0.0,0.4,0.0,#7082c0,0.4392156862745098,0.5098039215686274,0.7529411764705882,55.29267420281303,9.505154374171154,-34.4733226879592,"[[0.44999999999999996, 0.25980762113533157], [0.4500000000000001, 0.2598076211353316], [0.3666666666666665, 0.21169509870286266], [0.36666666666666675, 0.21169509870286288], [0.3666666666666667, 0.0], [0.44999999999999996, 0.0]]",6,2,2,simple,113,1946,823,116,113,116,1.0,0.65,0.65,5,98.0,1.5205346561791673,3,0.02586206896551724,#d27953,0.8235294,0.4745098,0.3254902,59.90683799170199,31.05823354716436,35.580491809733175,59.96767015966296,31.077044980584347,35.55046070936943,38.544639469854594,73.43951698496595,0.6177602014403597,1.1012916345457515,0.3398191377020215,48.88227194935496,47.229072280669406
panel_05_up,panel_05_up__center,panel_05_up,center,panel_landmarks,panel_05_up__center::gamut_021_cm,21,gamut_021_cm,cm,0.5,0.5,0.0,0.5,0.0,#7e70b9,0.49411764705882355,0.4392156862745098,0.7254901960784313,51.29732537689088,22.192773865570615,-36.6472398512226,"[[0.55, 0.2598076211353316], [0.5, 0.2886751345948129], [0.4500000000000002, 0.25980762113533173], [0.44999999999999996, 0.25980762113533157], [0.44999999999999996, 0.0], [0.55, 0.0]]",6,2,2,simple,51,2686,1146,51,51,51,1.0,0.65,0.65,7,98.0,,0,0.0,#ca6851,0.7921569,0.40784314,0.31764707,55.12864201936807,36.76714557423794,30.57745893959082,55.09539139019765,36.476306136834715,30.5853215207518,34.99955868557787,68.89304337473354,0.6051033318626938,1.1845912720442875,0.4622113920837726,39.74866129190377,47.820539403895964
panel_05_up,panel_05_up__center,panel_05_up,center,panel_landmarks,panel_05_up__center::gamut_022_cmcmm,22,gamut_022_cmcmm,cmcmm,0.4,0.6,0.0,0.6,0.0,#8c5fb2,0.5490196078431373,0.37254901960784315,0.6980392156862745,48.227853537804535,34.47023920646486,-37.32564454758596,"[[0.6333333333333334, 0.2116950987028627], [0.6333333333333331, 0.211695098702863], [0.5500000000000002, 0.25980762113533157], [0.55, 0.2598076211353316], [0.55, 0.0], [0.6333333333333334, 0.0]]",6,2,2,simple,108,1917,818,110,108,110,1.0,0.65,0.65,5,98.0,1.432291315336401,2,0.01818181818181818,#bc5650,0.7372549,0.3372549,0.31176472,49.55586182965271,40.05812638710682,24.003342191288368,49.58113664956541,40.16941468204106,24.024526216350882,30.181154055279645,61.5973433159566,0.6412085181236945,1.1604799514852555,0.33331597798150325,30.93058099095356,46.69918549608234
panel_05_up,panel_05_up__center,panel_05_up,center,panel_landmarks,panel_05_up__center::gamut_023_cmm,23,gamut_023_cmm,cmm,0.3333333333333333,0.6666666666666666,0.0,0.6666666666666666,0.0,#9553ad,0.5843137254901961,0.3254901960784314,0.6784313725490196,46.43717552780805,42.58465688514468,-37.152504170448154,"[[0.7083333333333331, 0.168393828513641], [0.7083333333333331, 0.168393828513641], [0.6333333333333333, 0.2116950987028628], [0.6333333333333334, 0.0], [0.7083333333333333, 0.0]]",6,2,2,simple,46,1401,604,46,46,46,1.0,0.65,0.65,5,98.0,,0,0.0,#b64849,0.7137255,0.28235295,0.28627452,45.72143957663374,44.65236477430795,22.661484291388454,45.53563551960792,44.44084485966964,22.69218850836422,28.027262843468584,59.853996604900445,0.35564314163079125,0.7525022767930307,0.2728859520786149,26.908211021520174,50.073711168902825
panel_05_up,panel_05_up__center,panel_05_up,center,panel_landmarks,panel_05_up__center::gamut_024_mcmm,24,gamut_024_mcmm,mcmm,0.25,0.75,0.0,0.75,0.0,#a044a7,0.6274509803921569,0.26666666666666666,0.6549019607843137,44.800029665938034,51.92297921655648,-36.09631750039897,"[[0.7750000000000006, 0.12990381056766542], [0.7750000000000004, 0.12990381056766562], [0.7083333333333331, 0.16839382851364093], [0.7083333333333331, 0.0], [0.7750000000000006, 0.0]]",6,2,2,simple,61,1013,436,61,61,61,1.0,0.65,0.65,4,98.0,,0,0.0,#ab3b4a,0.67058825,0.23137255,0.2901961,41.66218962609796,46.816541645010034,16.518937113656975,41.6846398096034,46.80345731998806,16.57492655614605,23.71908723916207,52.9555168314847,0.3719263919816006,0.6378787815898777,0.17685439432041275,19.435085024384136,49.645381003310995
panel_05_up,panel_05_up__center,panel_05_up,center,panel_landmarks,panel_05_up__center::gamut_025_mmcmm,25,gamut_025_mmcmm,mmcmm,0.2,0.8,0.0,0.8,0.0,#a73ca4,0.6549019607843137,0.23529411764705882,0.6431372549019608,44.4176754796398,56.71421828170675,-34.84717030635769,"[[0.7750000000000006, 0.12990381056766537], [0.7750000000000006, 0.0], [0.8999999999999999, 0.0], [0.8999999999999999, 0.05773502691896263]]",6,2,2,simple,66,1142,515,66,66,66,1.0,0.65,0.65,5,98.0,,0,0.0,#a12f47,0.6313726,0.18431373,0.2784314,37.97456763240191,48.222463279459646,12.762382151613881,37.92818597229242,48.14595820543787,12.86020044707729,21.548864300596104,48.78824681209271,0.38510263482910023,0.7021157938737695,0.20681708813146832,14.823828923813323,49.88270605052082
panel_05_up,panel_05_up__center,panel_05_up,center,panel_landmarks,panel_05_up__center::gamut_026_m,26,gamut_026_m,m,0.0,1.0,0.0,1.0,0.0,#c31996,0.7647058823529411,0.09803921568627451,0.5882352941176471,44.94517938493525,71.41561872915153,-25.286338363609783,"[[0.8999999999999999, 0.05773502691896262], [0.8999999999999999, 0.0], [1.0, 0.0], [0.95, 0.08660254037844395]]",6,2,2,simple,43,583,269,43,43,43,1.0,0.65,0.65,4,98.0,,0,0.0,#9d205d,0.6156863,0.1254902,0.3647059,35.97187680931247,54.0626240282234,-3.8931348035790125,35.99288233905307,54.11631339178705,-3.9529423125185694,12.005793482983995,28.970946528635057,0.19200659734098363,0.42833654772704505,0.1274371207268676,355.88115041416603,54.20261816015787
panel_05_up,panel_05_up__center,panel_05_up,center,panel_landmarks,panel_05_up__center::gamut_027_mmymm,27,gamut_027_mmymm,mmymm,0.0,0.8,0.2,0.9,0.17320508075688773,#cf4078,0.8117647058823529,0.25098039215686274,0.47058823529411764,49.84848124885772,60.188269024954224,0.4786347756794429,"[[0.7750000000000004, 0.12990381056766553], [0.7750000000000004, 0.1299038105676656], [0.8999999999999999, 0.05773502691896262], [0.95, 0.08660254037844393], [0.8875000000000002, 0.19485571585149836]]",6,2,2,simple,65,1133,521,65,65,65,1.0,0.65,0.65,6,98.0,,0,0.0,#6a2562,0.41568628,0.14509805,0.38431373,27.321737879604825,38.71679691306018,-21.46370871525133,27.478681277549295,38.82054118628729,-21.50863102347334,23.482577999331436,38.07813965190546,0.22599496763640092,0.4697568955440487,0.16722437190837752,330.99701405587865,44.26828610890986
panel_05_up,panel_05_up__center,panel_05_up,center,panel_landmarks,panel_05_up__center::gamut_028_mmym,28,gamut_028_mmym,mmym,0.0,0.75,0.25,0.875,0.21650635094610965,#d24a70,0.8235294117647058,0.2901960784313726,0.4392156862745098,51.57960032045129,56.37809473471766,7.85956369537153,"[[0.7083333333333333, 0.16839382851364088], [0.708333333333333, 0.1683938285136411], [0.7750000000000006, 0.12990381056766553], [0.7750000000000005, 0.12990381056766556], [0.8875000000000002, 0.19485571585149838], [0.8541666666666666, 0.2525907427704614]]",6,2,2,simple,63,1004,430,63,63,63,1.0,0.65,0.65,5,98.0,,0,0.0,#692a6a,0.4117647,0.16470589,0.41568628,28.674340943611384,37.72433248231341,-24.814544747209546,28.569161402403182,37.73300280400958,-24.71837846817636,26.60594488051956,44.047827594639465,0.43145625499956125,0.7261698171648121,0.1573866787170362,326.66363363534265,45.15403517126007
panel_05_up,panel_05_up__center,panel_05_up,center,panel_landmarks,panel_05_up__center::gamut_029_mmy,29,gamut_029_mmy,mmy,0.0,0.6666666666666666,0.3333333333333333,0.8333333333333333,0.28867513459481287,#d75b64,0.8431372549019608,0.3568627450980392,0.39215686274509803,54.92109472478978,49.47976671792647,19.744343642877826,"[[0.6333333333333329, 0.21169509870286304], [0.6333333333333332, 0.2116950987028628], [0.708333333333333, 0.16839382851364093], [0.7083333333333333, 0.16839382851364088], [0.8541666666666666, 0.25259074277046145], [0.8166666666666667, 0.3175426480542943]]",6,2,2,simple,79,1433,612,79,79,79,1.0,0.65,0.65,6,98.0,,0,0.0,#643074,0.39215687,0.1882353,0.45490196,29.624746493837897,34.64918727301372,-29.44224568049926,29.500286771746318,34.562060197044396,-29.380454625536718,33.80102605445059,57.264054080723305,0.5083955701732502,1.0559881524295174,0.2789339429014928,319.6446456202798,45.46880259465003
panel_05_up,panel_05_up__center,panel_05_up,center,panel_landmarks,panel_05_up__center::gamut_030_mmymy,30,gamut_030_mmymy,mmymy,0.0,0.6,0.4,0.8,0.34641016151377546,#db685a,0.8588235294117647,0.40784313725490196,0.35294117647058826,57.754183854481255,43.898425701771274,29.352331819167688,"[[0.5500000000000003, 0.2598076211353315], [0.5500000000000003, 0.2598076211353315], [0.6333333333333333, 0.21169509870286285], [0.6333333333333329, 0.21169509870286302], [0.8166666666666665, 0.3175426480542942], [0.775, 0.38971143170299727]]",6,2,2,simple,91,1976,830,91,91,91,1.0,0.65,0.65,7,98.0,,0,0.0,#633980,0.3882353,0.22352941,0.5019608,32.11810845206642,32.49084267006483,-32.88794580171871,32.09340448922574,32.41379904841923,-32.90115669266842,39.30479642748213,68.27293366326504,0.5557560804835057,0.8684645510420951,0.26403638609343055,314.6519964009774,46.230637422251625
panel_06_down_right,panel_06_down_right__corner_1,panel_06_down_right,corner_1,panel_landmarks,panel_06_down_right__corner_1::gamut_001_my,1,gamut_001_my,my,0.0,0.5,0.5,0.75,0.4330127018922193,#e17c4b,0.8823529411764706,0.48627450980392156,0.29411764705882354,62.45289702748056,35.06929839281481,43.41945673452145,"[[0.5, 0.34641016151377513], [0.5, 0.34641016151377513], [0.5, 0.28867513459481287], [0.55, 0.2598076211353315], [0.5500000000000003, 0.25980762113533146], [0.7750000000000001, 0.38971143170299727], [0.7250000000000001, 0.47631397208144116]]",6,2,2,simple,72,2847,1213,72,72,72,1.0,0.65,0.65,7,98.0,,0,0.0,#bf604b,0.7490196,0.3764706,0.29411766,51.873493680959655,36.27073725660607,29.542964071058275,51.80822460053302,36.29212691164985,29.458636745935408,12.249783050895415,17.490691214213147,0.5612087641057569,1.053329132716534,0.29050715025635143,39.16324190918397,46.77983654569126
panel_06_down_right,panel_06_down_right__corner_1,panel_06_down_right,corner_1,panel_landmarks,panel_06_down_right__corner_1::gamut_002_mymyy,2,gamut_002_mymyy,mymyy,0.0,0.4,0.6,0.7,0.5196152422706631,#e78f3c,0.9058823529411765,0.5607843137254902,0.23529411764705882,67.25038043422728,26.766151588117626,56.050858524577286,"[[0.49999999999999994, 0.44263520637871284], [0.49999999999999994, 0.44263520637871284], [0.49999999999999994, 0.3464101615137752], [0.7250000000000001, 0.47631397208144116], [0.6833333333333335, 0.5484827557301443]]",6,2,2,simple,47,2033,893,47,47,47,1.0,0.65,0.65,6,98.0,,0,0.0,#c35d59,0.7647059,0.3647059,0.34901962,51.84374885366417,40.51091288525305,21.687575018658467,52.04224997523163,40.58441493293504,21.63889464237626,25.955549987012947,40.08887642579408,0.8137773507833532,1.9830792650701556,0.6707852966576712,28.1624334799165,45.950897412199694
panel_06_down_right,panel_06_down_right__corner_1,panel_06_down_right,corner_1,panel_landmarks,panel_06_down_right__corner_1::gamut_003_myy,3,gamut_003_myy,myy,0.0,0.3333333333333333,0.6666666666666666,0.6666666666666666,0.5773502691896257,#eb9d32,0.9215686274509803,0.615686274509804,0.19607843137254902,70.87834005274337,20.623964460334378,63.79337035503971,"[[0.5, 0.5292377467571571], [0.4999999999999999, 0.5292377467571567], [0.49999999999999994, 0.4426352063787129], [0.6833333333333335, 0.5484827557301444], [0.6458333333333334, 0.6134346610139774]]",6,2,2,simple,53,1474,636,53,53,53,1.0,0.65,0.65,5,98.0,,0,0.0,#cb5c63,0.79607844,0.36078432,0.3882353,53.22765560471926,44.6148345248652,17.72674283110296,53.33986461369717,44.49859937137415,17.76017900265393,34.58843005810125,54.856564596828775,0.43622879377762114,0.925949476778357,0.37665206024839737,21.66933216834633,48.00750848649786
panel_06_down_right,panel_06_down_right__corner_1,panel_06_down_right,corner_1,panel_landmarks,panel_06_down_right__corner_1::gamut_004_ymyy,4,gamut_004_ymyy,ymyy,0.0,0.25,0.75,0.625,0.649519052838329,#f0ad25,0.9411764705882353,0.6784313725490196,0.1450980392156863,75.17069205620427,13.897348872566884,71.97054159381838,"[[0.5, 0.6062177826491071], [0.5, 0.6062177826491071], [0.5, 0.529237746757157], [0.6458333333333334, 0.6134346610139774], [0.6125, 0.6711696879329399]]",6,2,2,simple,71,1044,450,71,71,71,1.0,0.65,0.65,4,98.0,,0,0.0,#cf5a6f,0.8117647,0.3529412,0.43529412,53.73837400322931,48.177877027928915,11.422312190516015,53.717318851211466,48.14710081241351,11.44780003245041,44.58927390814242,72.80512998140567,0.8594596132941674,1.7157068127589998,0.5938048044249019,13.33777599783275,49.5134027380047
panel_06_down_right,panel_06_down_right__corner_1,panel_06_down_right,corner_1,panel_landmarks,panel_06_down_right__corner_1::gamut_005_yymyy,5,gamut_005_yymyy,yymyy,0.0,0.2,0.8,0.6000000000000001,0.6928203230275509,#f3b71e,0.9529411764705882,0.7176470588235294,0.11764705882352941,77.88658998186094,9.774007373456461,76.02676705068747,"[[0.5, 0.7505553499465134], [0.5, 0.6062177826491071], [0.6125, 0.6711696879329399], [0.55, 0.7794228634059948]]",6,2,2,simple,41,1225,520,41,41,41,1.0,0.65,0.65,6,98.0,,0,0.0,#d15677,0.81960785,0.3372549,0.46666667,53.50787274681993,51.65962910161564,6.5879617481271024,53.661531118861916,51.371113434223744,6.77519722081151,51.15275786475308,84.67865636290772,1.3015104972931055,2.4515667003387276,0.741849206247966,7.267491641749928,52.0780041755757
panel_06_down_right,panel_06_down_right__corner_1,panel_06_down_right,corner_1,panel_landmarks,panel_06_down_right__corner_1::gamut_006_y,6,gamut_006_y,y,0.0,0.0,1.0,0.5,0.8660254037844386,#ffdf00,1.0,0.8745098039215686,0.0,88.94096720886532,-5.949434572648293,88.5567575521992,"[[0.45, 0.7794228634059948], [0.5, 0.7505553499465135], [0.5499999999999999, 0.7794228634059948], [0.5, 0.8660254037844386]]",6,2,2,simple,57,613,260,57,57,57,1.0,0.65,0.65,3,98.0,,0,0.0,#cf4090,0.8117647,0.2509804,0.5647059,50.79695623111952,62.81082488695289,-12.791270818564637,50.802387297374956,62.79674375046873,-12.739021602460056,72.95119541450144,128.27455596907447,0.16870269950189148,0.33516077636345637,0.07949776699867366,348.4892578434242,64.10004939259659
panel_06_down_right,panel_06_down_right__corner_1,panel_06_down_right,corner_1,panel_landmarks,panel_06_down_right__corner_1::gamut_007_yycyy,7,gamut_007_yycyy,yycyy,0.2,0.0,0.8,0.4,0.6928203230275509,#d7da2c,0.8431372549019608,0.8549019607843137,0.17254901960784313,84.3667653359768,-19.647053313897157,76.98686095704784,"[[0.45, 0.7794228634059948], [0.38750000000000007, 0.6711696879329401], [0.5, 0.6062177826491071], [0.49999999999999994, 0.606217782649107], [0.5, 0.7505553499465134]]",6,2,2,simple,45,1253,533,45,45,45,1.0,0.65,0.65,6,98.0,,0,0.0,#824175,0.50980395,0.25490198,0.45882353,37.50234521792406,34.41217438829888,-15.473220384220788,36.03807326962182,34.25985715163813,-15.497064032276146,74.01001911191432,116.90825725496568,5.450375086076194,9.154351703604533,2.4996282582866067,335.7892295396493,37.730866610632724
panel_06_down_right,panel_06_down_right__corner_1,panel_06_down_right,corner_1,panel_landmarks,panel_06_down_right__corner_1::gamut_008_ycyy,8,gamut_008_ycyy,ycyy,0.25,0.0,0.75,0.375,0.649519052838329,#cdd937,0.803921568627451,0.8509803921568627,0.21568627450980393,83.38010598564017,-22.911475895264044,72.6579380339764,"[[0.49999999999999994, 0.6062177826491072], [0.38750000000000007, 0.6711696879329401], [0.3541666666666665, 0.6134346610139771], [0.4999999999999999, 0.5292377467571566], [0.5, 0.529237746757157], [0.5, 0.606217782649107]]",6,2,2,simple,72,1044,457,72,72,72,1.0,0.65,0.65,4,98.0,,0,0.0,#6a385f,0.4137255,0.21764706,0.37254903,30.760957198932676,28.686234656101135,-14.096436245747906,31.858265278592114,28.717089769163717,-14.08607942087687,76.35818920929994,113.83066375035601,4.470761360472623,7.63820006695675,2.3692862201720897,333.83046517477555,31.962627763926626
panel_06_down_right,panel_06_down_right__corner_1,panel_06_down_right,corner_1,panel_landmarks,panel_06_down_right__corner_1::gamut_009_cyy,9,gamut_009_cyy,cyy,0.3333333333333333,0.0,0.6666666666666666,0.3333333333333333,0.5773502691896257,#bdd749,0.7411764705882353,0.8431372549019608,0.28627450980392155,81.78436408497542,-27.531586792779173,64.35620557265086,"[[0.5000000000000001, 0.5292377467571565], [0.3541666666666665, 0.6134346610139771], [0.31666666666666654, 0.5484827557301443], [0.4999999999999999, 0.44263520637871295], [0.49999999999999994, 0.4426352063787134], [0.49999999999999994, 0.529237746757157]]",6,2,2,simple,58,1492,625,58,58,58,1.0,0.65,0.65,5,98.0,,0,0.0,#533250,0.3254902,0.19607843,0.31176472,25.839600500751487,20.226590400474336,-11.884303105262106,25.800753687775543,20.348486012864978,-11.917225155989293,76.20330304783793,105.93996047188159,1.993254289287564,2.9259892202386224,0.8799816196726364,329.56327678648427,23.45957415483715
panel_06_down_right,panel_06_down_right__corner_1,panel_06_down_right,corner_1,panel_landmarks,panel_06_down_right__corner_1::gamut_010_cycyy,10,gamut_010_cycyy,cycyy,0.4,0.0,0.6,0.3,0.5196152422706631,#b0d558,0.6901960784313725,0.8352941176470589,0.34509803921568627,80.47282173371678,-30.62907611862564,56.47710040787457,"[[0.49999999999999994, 0.44263520637871295], [0.3166666666666666, 0.5484827557301443], [0.27500000000000013, 0.47631397208144144], [0.5, 0.3464101615137757], [0.5, 0.34641016151377535], [0.5, 0.4426352063787127]]",6,2,2,simple,54,2030,882,54,54,54,1.0,0.65,0.65,6,98.0,,0,0.0,#452a43,0.26862746,0.16470589,0.2627451,21.175125090343954,16.803011016355107,-10.690559840136427,22.46898182265222,16.80977872645427,-10.72964196497278,77.94135649617941,101.37807603413134,3.4973180559341275,6.382386943909839,2.1405379903223536,327.53430608217394,19.915552940134223
panel_06_down_right,panel_06_down_right__corner_1,panel_06_down_right,corner_1,panel_landmarks,panel_06_down_right__corner_1::gamut_011_cy,11,gamut_011_cy,cy,0.5,0.0,0.5,0.25,0.4330127018922193,#9cd36e,0.611764705882353,0.8274509803921568,0.43137254901960786,78.9150462873468,-34.99013382693389,44.14872186254153,"[[0.4999999999999999, 0.3464101615137758], [0.2750000000000002, 0.47631397208144144], [0.22500000000000003, 0.3897114317029974], [0.45, 0.25980762113533157], [0.45, 0.25980762113533157], [0.5, 0.28867513459481287], [0.5, 0.34641016151377524]]",6,2,2,simple,93,2768,1218,93,93,93,1.0,0.65,0.65,7,98.0,,0,0.0,#342737,0.20392157,0.15294118,0.21568628,17.889227662107814,9.821789005194702,-7.980511691180747,17.89266280373087,9.441237397364437,-7.210733996908572,74.39288452937379,91.92233655478812,1.0558984850474082,2.0999205231771194,0.7205253816649858,320.90505842763594,12.655279772317803
panel_06_down_right,panel_06_down_right__corner_1,panel_06_down_right,corner_1,panel_landmarks,panel_06_down_right__corner_1::gamut_012_ccycy,12,gamut_012_ccycy,ccycy,0.6,0.0,0.4,0.2,0.34641016151377546,#88d184,0.5333333333333333,0.8196078431372549,0.5176470588235295,77.57843488375325,-37.888046728189686,31.195962138943845,"[[0.36666666666666653, 0.21169509870286277], [0.36666666666666714, 0.21169509870286302], [0.45, 0.25980762113533157], [0.225, 0.3897114317029973], [0.18333333333333335, 0.3175426480542941]]",6,2,2,simple,44,2073,854,44,44,44,1.0,0.65,0.65,6,98.0,,0,0.0,#332834,0.19803922,0.15686275,0.20392157,17.641436227420694,7.829653012070802,-5.825138782995931,17.078766718388195,7.858314828701538,-6.0520075173035925,70.78798868966139,83.98281842699895,1.9161127789322125,3.1752176742679623,1.08673968455391,323.3513321903694,9.758878425853695
panel_06_down_right,panel_06_down_right__corner_1,panel_06_down_right,corner_1,panel_landmarks,panel_06_down_right__corner_1::gamut_013_ccy,13,gamut_013_ccy,ccy,0.6666666666666666,0.0,0.3333333333333333,0.16666666666666666,0.28867513459481287,#7bcf92,0.4823529411764706,0.8117647058823529,0.5725490196078431,76.6242576233587,-38.596781108295175,22.516384217852845,"[[0.29166666666666674, 0.16839382851364088], [0.29166666666666674, 0.16839382851364088], [0.3666666666666666, 0.21169509870286274], [0.18333333333333332, 0.3175426480542941], [0.14583333333333337, 0.2525907427704613]]",6,2,2,simple,56,1490,622,56,56,56,1.0,0.65,0.65,5,98.0,,0,0.0,#2f2530,0.18431373,0.14509805,0.1882353,16.210048780079603,7.1820191863132266,-5.424200156928277,16.055881055141437,7.180843680416517,-5.4038965201748095,66.73779720012263,80.78521796577171,1.2605667125703586,2.25628862871622,0.7109444303299836,322.9381739241702,9.000185938912153
panel_06_down_right,panel_06_down_right__corner_1,panel_06_down_right,corner_1,panel_landmarks,panel_06_down_right__corner_1::gamut_014_ccyc,14,gamut_014_ccyc,ccyc,0.75,0.0,0.25,0.125,0.21650635094610965,#6bcda5,0.4196078431372549,0.803921568627451,0.6470588235294118,75.7627364620849,-38.23104893684348,11.116976934990475,"[[0.22499999999999984, 0.12990381056766567], [0.2916666666666667, 0.16839382851364085], [0.14583333333333337, 0.2525907427704613], [0.11250000000000002, 0.1948557158514987], [0.22500000000000003, 0.12990381056766576]]",6,2,2,simple,66,1047,448,66,66,30,0.45454545454545453,0.65,0.65,4,98.0,,0,0.0,#2b242b,0.16666667,0.1392157,0.16862746,15.003380955630442,5.0787632730286685,-3.9520280829994814,14.50825654285858,5.098408221137229,-3.8667847827459108,66.2281836462846,76.1217053634922,2.898582442067326,3.988941070131077,1.230248036485053,322.11181174592616,6.435243767898885
panel_06_down_right,panel_06_down_right__corner_1,panel_06_down_right,corner_1,panel_landmarks,panel_06_down_right__corner_1::gamut_015_ccycc,15,gamut_015_ccycc,ccycc,0.8,0.0,0.2,0.1,0.17320508075688773,#61ccb0,0.3803921568627451,0.8,0.6901960784313725,75.36328019947463,-37.63795429928929,4.586277188762633,"[[0.22499999999999995, 0.12990381056766578], [0.11249999999999999, 0.19485571585149866], [0.04999999999999999, 0.08660254037844385], [0.1, 0.05773502691896256]]",6,2,2,simple,59,1235,515,59,59,0,0.0,0.65,0.65,5,98.0,,0,0.0,#231e24,0.13725491,0.11764706,0.14117648,12.20315533831835,3.787727821431025,-2.6471800721026173,13.274424303570125,3.7706570485385353,-2.5882129421688433,67.26983972876916,75.87892603080635,2.97410157293225,5.471840541399348,1.5695593393914398,325.05093981991945,4.621086926620168
panel_06_down_right,panel_06_down_right__corner_1,panel_06_down_right,corner_1,panel_landmarks,panel_06_down_right__corner_1::gamut_016_c,16,gamut_016_c,c,1.0,0.0,0.0,0.0,0.0,#3ac8dc,0.22745098039215686,0.7843137254901961,0.8627450980392157,74.42655654335444,-30.326087604312878,-20.705156122725967,"[[0.1, 0.057735026918962574], [0.05, 0.08660254037844387], [0.0, 0.0], [0.10000000000000002, 0.0]]",6,2,2,simple,45,611,278,45,45,0,0.0,0.65,0.65,4,98.0,,0,0.0,#171815,0.09019608,0.09411765,0.08235294,8.069418638673064,-0.745365720712779,1.5934276937130787,8.039552572864979,-1.075684438200353,1.558085940900895,63.61502511317777,75.99681373764663,0.7224994784867902,1.892452242618186,0.5781916192625263,115.06902020141672,1.759142368515255
panel_06_down_right,panel_06_down_right__corner_1,panel_06_down_right,corner_1,panel_landmarks,panel_06_down_right__corner_1::gamut_017_ccmcc,17,gamut_017_ccmcc,ccmcc,0.8,0.2,0.0,0.2,0.0,#55a5ce,0.3333333333333333,0.6470588235294118,0.807843137254902,64.39915620027084,-12.522958683054753,-28.313954637547667,"[[0.22499999999999998, 0.12990381056766578], [0.22499999999999992, 0.12990381056766576], [0.1, 0.05773502691896257], [0.10000000000000002, 0.0], [0.22499999999999998, 0.0]]",6,2,2,simple,64,1231,541,64,64,34,0.53125,0.65,0.65,6,98.0,,0,0.0,#1e231c,0.11764706,0.13529412,0.10784314,12.847882839750854,-3.9923219211276604,4.577910515320774,12.944431998455416,-3.940613965796347,4.602897801398176,49.95218322983906,61.742856606165226,3.473467693278697,4.857292222328573,1.4213327153190252,131.0911578348618,6.074199454101007
panel_06_down_right,panel_06_down_right__corner_1,panel_06_down_right,corner_1,panel_landmarks,panel_06_down_right__corner_1::gamut_018_ccmc,18,gamut_018_ccmc,ccmc,0.75,0.25,0.0,0.25,0.0,#5c9cca,0.3607843137254902,0.611764705882353,0.792156862745098,61.92440441812144,-7.364048329696504,-29.88546306665585,"[[0.29166666666666663, 0.16839382851364085], [0.29166666666666674, 0.16839382851364088], [0.22499999999999992, 0.12990381056766573], [0.22499999999999995, 0.12990381056766576], [0.22499999999999998, 0.0], [0.29166666666666674, 0.0]]",6,2,2,simple,76,1060,469,76,76,76,1.0,0.65,0.65,5,98.0,,0,0.0,#1f251a,0.12156863,0.14509805,0.101960786,13.795722838612004,-5.306685929203553,6.414818523797807,14.120766090699634,-5.2350002172309456,6.314725676354193,48.18727751145924,60.3184314631523,2.9281376837114363,4.73946682124234,1.3962574317074257,129.5993982740257,8.325311540384927
panel_06_down_right,panel_06_down_right__corner_1,panel_06_down_right,corner_1,panel_landmarks,panel_06_down_right__corner_1::gamut_019_ccm,19,gamut_019_ccm,ccm,0.6666666666666666,0.3333333333333333,0.0,0.3333333333333333,0.0,#678dc4,0.403921568627451,0.5529411764705883,0.7686274509803922,57.95834963869487,1.909786468417607,-32.625876079859225,"[[0.3666666666666667, 0.2116950987028628], [0.36666666666666675, 0.2116950987028628], [0.29166666666666674, 0.16839382851364085], [0.2916666666666667, 0.16839382851364082], [0.2916666666666667, 0.0], [0.3666666666666667, 0.0]]",6,2,2,simple,76,1500,636,76,76,76,1.0,0.65,0.65,6,98.0,,0,0.0,#242c1e,0.14117648,0.17254902,0.115686275,16.833368983502737,-7.084036811329012,8.517104066624487,16.865040088109133,-7.111145648428368,8.527819570931523,45.39331525646367,58.86338171062882,1.6246154456963793,2.3752128197805176,0.7358460345855233,129.751734249219,11.078115328248568
panel_06_down_right,panel_06_down_right__corner_1,panel_06_down_right,corner_1,panel_landmarks,panel_06_down_right__corner_1::gamut_020_ccmcm,20,gamut_020_ccmcm,ccmcm,0.6,0.4,0.0,0.4,0.0,#7082c0,0.4392156862745098,0.5098039215686274,0.7529411764705882,55.29267420281303,9.505154374171154,-34.4733226879592,"[[0.44999999999999996, 0.25980762113533157], [0.4500000000000001, 0.2598076211353316], [0.3666666666666665, 0.21169509870286266], [0.36666666666666675, 0.21169509870286288], [0.3666666666666667, 0.0], [0.44999999999999996, 0.0]]",6,2,2,simple,102,2057,891,105,102,105,1.0,0.65,0.65,7,98.0,4.829970576507436,3,0.02857142857142857,#27301f,0.15294118,0.1882353,0.12156863,18.61299087158972,-7.56756027745846,9.921750541954722,17.66947577076763,-7.467281304766967,10.092112748229416,44.188308286524006,60.06495885243084,2.283610575268642,4.129452961482718,1.2060714256036753,127.33364634435634,12.478345337814066
panel_06_down_right,panel_06_down_right__corner_1,panel_06_down_right,corner_1,panel_landmarks,panel_06_down_right__corner_1::gamut_021_cm,21,gamut_021_cm,cm,0.5,0.5,0.0,0.5,0.0,#7e70b9,0.49411764705882355,0.4392156862745098,0.7254901960784313,51.29732537689088,22.192773865570615,-36.6472398512226,"[[0.55, 0.2598076211353316], [0.5, 0.2886751345948129], [0.4500000000000002, 0.25980762113533173], [0.44999999999999996, 0.25980762113533157], [0.44999999999999996, 0.0], [0.55, 0.0]]",6,2,2,simple,180,2909,1239,184,180,184,1.0,0.65,0.65,8,98.0,2.043604554180847,4,0.021739130434782608,#28321b,0.15686275,0.19607843,0.105882354,19.253251709099246,-9.413710809826364,13.814590327181781,19.231443214865575,-9.296756392258805,13.626667930633486,44.63316296607758,67.61796237477941,0.7324241497337592,1.5796655531629948,0.5091680028011439,124.27178903653623,16.717082793325698
panel_06_down_right,panel_06_down_right__corner_1,panel_06_down_right,corner_1,panel_landmarks,panel_06_down_right__corner_1::gamut_022_cmcmm,22,gamut_022_cmcmm,cmcmm,0.4,0.6,0.0,0.6,0.0,#8c5fb2,0.5490196078431373,0.37254901960784315,0.6980392156862745,48.227853537804535,34.47023920646486,-37.32564454758596,"[[0.6333333333333334, 0.2116950987028627], [0.6333333333333331, 0.211695098702863], [0.5500000000000002, 0.25980762113533157], [0.55, 0.2598076211353316], [0.55, 0.0], [0.6333333333333334, 0.0]]",6,2,2,simple,94,2037,867,94,94,94,1.0,0.65,0.65,7,98.0,,0,0.0,#2b381e,0.16862746,0.21764706,0.11764706,21.523841763476156,-10.506736352800111,14.411910993131782,22.291120267465605,-10.479309392281836,14.448111214960448,51.15811295152079,73.57178282895583,3.56218533042133,6.922950656594273,2.0240660975360503,126.09322554403246,17.835209201498145
panel_06_down_right,panel_06_down_right__corner_1,panel_06_down_right,corner_1,panel_landmarks,panel_06_down_right__corner_1::gamut_023_cmm,23,gamut_023_cmm,cmm,0.3333333333333333,0.6666666666666666,0.0,0.6666666666666666,0.0,#9553ad,0.5843137254901961,0.3254901960784314,0.6784313725490196,46.43717552780805,42.58465688514468,-37.152504170448154,"[[0.7083333333333331, 0.168393828513641], [0.7083333333333331, 0.168393828513641], [0.6333333333333333, 0.2116950987028628], [0.6333333333333334, 0.0], [0.7083333333333333, 0.0]]",6,2,2,simple,87,1518,653,87,87,87,1.0,0.65,0.65,6,98.0,,0,0.0,#344224,0.20392157,0.25882354,0.14117648,25.98652430124396,-11.666221854303604,16.318913268996127,25.84701078237174,-11.671934093916803,16.267100868555037,52.72173517921422,78.87065019749866,2.144938347835879,3.9916817907432436,1.4221622171052746,125.56058323128616,20.060101261829384
panel_06_down_right,panel_06_down_right__corner_1,panel_06_down_right,corner_1,panel_landmarks,panel_06_down_right__corner_1::gamut_024_mcmm,24,gamut_024_mcmm,mcmm,0.25,0.75,0.0,0.75,0.0,#a044a7,0.6274509803921569,0.26666666666666666,0.6549019607843137,44.800029665938034,51.92297921655648,-36.09631750039897,"[[0.7750000000000006, 0.12990381056766542], [0.7750000000000004, 0.12990381056766562], [0.7083333333333331, 0.16839382851364093], [0.7083333333333331, 0.0], [0.7750000000000006, 0.0]]",6,2,2,simple,41,1084,480,41,41,41,1.0,0.65,0.65,6,98.0,,0,0.0,#3f4e2a,0.24705882,0.30588236,0.16470589,30.985700338932844,-13.395185810620797,21.654562588802108,33.08181917163911,-13.546314571828955,21.106540018045834,56.721446776507406,88.27492581899914,6.218878444330271,8.867949663151407,2.929004527765341,121.74031007452146,25.462739126288135
panel_06_down_right,panel_06_down_right__corner_1,panel_06_down_right,corner_1,panel_landmarks,panel_06_down_right__corner_1::gamut_025_mmcmm,25,gamut_025_mmcmm,mmcmm,0.2,0.8,0.0,0.8,0.0,#a73ca4,0.6549019607843137,0.23529411764705882,0.6431372549019608,44.4176754796398,56.71421828170675,-34.84717030635769,"[[0.7750000000000006, 0.12990381056766537], [0.7750000000000006, 0.0], [0.8999999999999999, 0.0], [0.8999999999999999, 0.05773502691896263]]",6,2,2,simple,68,1264,540,68,68,68,1.0,0.65,0.65,6,98.0,,0,0.0,#54632e,0.327451,0.38627452,0.18039216,39.20778327411012,-14.850361059465868,28.565147762992577,38.804540914804655,-14.804330850713885,28.253093018301296,60.227088910543245,95.75883288762805,9.805389073568223,12.574208405780828,3.8427784365812676,117.46888040029273,32.19473389109002
panel_06_down_right,panel_06_down_right__corner_1,panel_06_down_right,corner_1,panel_landmarks,panel_06_down_right__corner_1::gamut_026_m,26,gamut_026_m,m,0.0,1.0,0.0,1.0,0.0,#c31996,0.7647058823529411,0.09803921568627451,0.5882352941176471,44.94517938493525,71.41561872915153,-25.286338363609783,"[[0.8999999999999999, 0.05773502691896262], [0.8999999999999999, 0.0], [1.0, 0.0], [0.95, 0.08660254037844395]]",6,2,2,simple,43,616,275,43,43,43,1.0,0.65,0.65,4,98.0,,0,0.0,#e4d216,0.89411765,0.8235294,0.08627451,83.25664403589154,-10.756174104633365,81.06527226335741,83.34586730358978,-10.838748077317144,81.12076381093486,79.34458791731927,139.75205524130934,0.23569403282583964,0.47489062461694337,0.17423123422454456,97.55816212458956,81.77575220382538
panel_06_down_right,panel_06_down_right__corner_1,panel_06_down_right,corner_1,panel_landmarks,panel_06_down_right__corner_1::gamut_027_mmymm,27,gamut_027_mmymm,mmymm,0.0,0.8,0.2,0.9,0.17320508075688773,#cf4078,0.8117647058823529,0.25098039215686274,0.47058823529411764,49.84848124885772,60.188269024954224,0.4786347756794429,"[[0.7750000000000004, 0.12990381056766553], [0.7750000000000004, 0.1299038105676656], [0.8999999999999999, 0.05773502691896262], [0.95, 0.08660254037844393], [0.8875000000000002, 0.19485571585149836]]",6,2,2,simple,71,1212,528,71,71,71,1.0,0.65,0.65,5,98.0,,0,0.0,#c8843b,0.78431374,0.5176471,0.23137255,60.86131189155833,19.40124136166216,48.859204454967596,60.70185052043632,19.3101681475233,48.79849370069951,39.7024980464945,64.2303945719113,2.997601818100427,4.386195422155101,1.378779261924892,68.34273146733261,52.570238979348346
panel_06_down_right,panel_06_down_right__corner_1,panel_06_down_right,corner_1,panel_landmarks,panel_06_down_right__corner_1::gamut_028_mmym,28,gamut_028_mmym,mmym,0.0,0.75,0.25,0.875,0.21650635094610965,#d24a70,0.8235294117647058,0.2901960784313726,0.4392156862745098,51.57960032045129,56.37809473471766,7.85956369537153,"[[0.7083333333333333, 0.16839382851364088], [0.708333333333333, 0.1683938285136411], [0.7750000000000006, 0.12990381056766553], [0.7750000000000005, 0.12990381056766556], [0.8875000000000002, 0.19485571585149838], [0.8541666666666666, 0.2525907427704614]]",6,2,2,simple,52,1042,431,52,52,52,1.0,0.65,0.65,4,98.0,,0,0.0,#c57b3b,0.77254903,0.48039216,0.22941177,58.30549229148078,23.44124771588632,45.92432215462556,58.26001375071041,23.441208051377643,45.868947825168284,31.78824752479388,50.78384931165822,1.865822334254553,2.942750805221247,0.9005843990086903,62.95877506736406,51.56098777020643
panel_06_down_right,panel_06_down_right__corner_1,panel_06_down_right,corner_1,panel_landmarks,panel_06_down_right__corner_1::gamut_029_mmy,29,gamut_029_mmy,mmy,0.0,0.6666666666666666,0.3333333333333333,0.8333333333333333,0.28867513459481287,#d75b64,0.8431372549019608,0.3568627450980392,0.39215686274509803,54.92109472478978,49.47976671792647,19.744343642877826,"[[0.6333333333333329, 0.21169509870286304], [0.6333333333333332, 0.2116950987028628], [0.708333333333333, 0.16839382851364093], [0.7083333333333333, 0.16839382851364088], [0.8541666666666666, 0.25259074277046145], [0.8166666666666667, 0.3175426480542943]]",6,2,2,simple,58,1457,634,58,58,58,1.0,0.65,0.65,5,98.0,,0,0.0,#c06c42,0.7529412,0.42156863,0.25882354,54.33877695216211,29.71200833068538,38.36470228844891,54.437888892239876,29.799640864165966,38.02465895460423,17.201149348465453,27.16286291491294,1.1036355754774796,1.70469148026873,0.49072297393230946,52.24357491102728,48.52477532893928
panel_06_down_right,panel_06_down_right__corner_1,panel_06_down_right,corner_1,panel_landmarks,panel_06_down_right__corner_1::gamut_030_mmymy,30,gamut_030_mmymy,mmymy,0.0,0.6,0.4,0.8,0.34641016151377546,#db685a,0.8588235294117647,0.40784313725490196,0.35294117647058826,57.754183854481255,43.898425701771274,29.352331819167688,"[[0.5500000000000003, 0.2598076211353315], [0.5500000000000003, 0.2598076211353315], [0.6333333333333333, 0.21169509870286285], [0.6333333333333329, 0.21169509870286302], [0.8166666666666665, 0.3175426480542942], [0.775, 0.38971143170299727]]",6,2,2,simple,111,2048,841,114,111,114,1.0,0.65,0.65,5,98.0,3.257377037536456,3,0.02631578947368421,#c06547,0.7529412,0.39607844,0.2784314,52.89097166714676,33.588030057104476,32.974117638145586,52.83281210463948,33.603473555274846,32.99816383949675,7.794785804297353,11.961288544598876,1.3123224320251667,2.5494411735574145,0.7810339531776426,44.47156763305293,47.068547854498526
panel_06_down_right,panel_06_down_right__corner_2,panel_06_down_right,corner_2,panel_landmarks,panel_06_down_right__corner_2::gamut_001_my,1,gamut_001_my,my,0.0,0.5,0.5,0.75,0.4330127018922193,#e17c4b,0.8823529411764706,0.48627450980392156,0.29411764705882354,62.45289702748056,35.06929839281481,43.41945673452145,"[[0.5, 0.34641016151377513], [0.5, 0.34641016151377513], [0.5, 0.28867513459481287], [0.55, 0.2598076211353315], [0.5500000000000003, 0.25980762113533146], [0.7750000000000001, 0.38971143170299727], [0.7250000000000001, 0.47631397208144116]]",6,2,2,simple,116,2966,1289,119,116,119,1.0,0.65,0.65,7,98.0,2.283271172839029,3,0.025210084033613446,#242e39,0.14117648,0.18039216,0.22352941,18.490262594777864,-1.3339132794812913,-7.817364389887505,18.607819827940386,-1.2359215427715693,-8.130723642074107,50.16594838380051,76.70149206668754,0.7910828719133365,1.488341368133748,0.4828744713546056,260.3166166884247,7.930353752605099
panel_06_down_right,panel_06_down_right__corner_2,panel_06_down_right,corner_2,panel_landmarks,panel_06_down_right__corner_2::gamut_002_mymyy,2,gamut_002_mymyy,mymyy,0.0,0.4,0.6,0.7,0.5196152422706631,#e78f3c,0.9058823529411765,0.5607843137254902,0.23529411764705882,67.25038043422728,26.766151588117626,56.050858524577286,"[[0.49999999999999994, 0.44263520637871284], [0.49999999999999994, 0.44263520637871284], [0.49999999999999994, 0.3464101615137752], [0.7250000000000001, 0.47631397208144116], [0.6833333333333335, 0.5484827557301443]]",6,2,2,simple,76,2216,942,76,76,76,1.0,0.65,0.65,6,98.0,,0,0.0,#293649,0.16078432,0.21176471,0.28431374,22.209481504075352,-0.09251255769700262,-13.121211458842868,24.24983967644754,0.01180682713588333,-13.333776546435434,55.48743273477151,86.80348888106403,3.6689284558687127,8.383342282463056,2.579063816798404,269.5960364410955,13.121537589817782
panel_06_down_right,panel_06_down_right__corner_2,panel_06_down_right,corner_2,panel_landmarks,panel_06_down_right__corner_2::gamut_003_myy,3,gamut_003_myy,myy,0.0,0.3333333333333333,0.6666666666666666,0.6666666666666666,0.5773502691896257,#eb9d32,0.9215686274509803,0.615686274509804,0.19607843137254902,70.87834005274337,20.623964460334378,63.79337035503971,"[[0.5, 0.5292377467571571], [0.4999999999999999, 0.5292377467571567], [0.49999999999999994, 0.4426352063787129], [0.6833333333333335, 0.5484827557301444], [0.6458333333333334, 0.6134346610139774]]",6,2,2,simple,82,1567,678,82,82,82,1.0,0.65,0.65,5,98.0,,0,0.0,#33445d,0.2,0.2647059,0.3627451,28.248184858837558,0.6980201700323013,-16.634879344582878,28.050550566530557,0.6347046851168239,-16.62298347927489,57.72658646172441,93.18302816211522,2.9830787570688075,4.392553468717698,1.3036474589345237,272.40279240010824,16.64951779982237
panel_06_down_right,panel_06_down_right__corner_2,panel_06_down_right,corner_2,panel_landmarks,panel_06_down_right__corner_2::gamut_004_ymyy,4,gamut_004_ymyy,ymyy,0.0,0.25,0.75,0.625,0.649519052838329,#f0ad25,0.9411764705882353,0.6784313725490196,0.1450980392156863,75.17069205620427,13.897348872566884,71.97054159381838,"[[0.5, 0.6062177826491071], [0.5, 0.6062177826491071], [0.5, 0.529237746757157], [0.6458333333333334, 0.6134346610139774], [0.6125, 0.6711696879329399]]",6,2,2,simple,78,1071,472,78,78,78,1.0,0.65,0.65,4,98.0,,0,0.0,#3a5373,0.22745098,0.32352942,0.4509804,34.43689346318298,0.3612921462827767,-21.679926031864277,33.977812360663286,0.5070089412207951,-21.612676500475235,57.940081417076684,103.01881996035016,6.217909919182821,9.623281453660944,2.768421257587912,270.95473569197344,21.682936257851978
panel_06_down_right,panel_06_down_right__corner_2,panel_06_down_right,corner_2,panel_landmarks,panel_06_down_right__corner_2::gamut_005_yymyy,5,gamut_005_yymyy,yymyy,0.0,0.2,0.8,0.6000000000000001,0.6928203230275509,#f3b71e,0.9529411764705882,0.7176470588235294,0.11764705882352941,77.88658998186094,9.774007373456461,76.02676705068747,"[[0.5, 0.7505553499465134], [0.5, 0.6062177826491071], [0.6125, 0.6711696879329399], [0.55, 0.7794228634059948]]",6,2,2,simple,52,1316,558,52,52,52,1.0,0.65,0.65,6,98.0,,0,0.0,#3a5a81,0.22745098,0.3509804,0.5058824,37.40037347127194,0.11595664043445586,-25.565109087895475,36.17916842877684,0.45995469686446533,-25.66730134117831,58.75414593187051,109.78761755617569,7.397103887455292,10.568894114959267,3.437430760197097,270.2598768704707,25.56537206102146
panel_06_down_right,panel_06_down_right__corner_2,panel_06_down_right,corner_2,panel_landmarks,panel_06_down_right__corner_2::gamut_006_y,6,gamut_006_y,y,0.0,0.0,1.0,0.5,0.8660254037844386,#ffdf00,1.0,0.8745098039215686,0.0,88.94096720886532,-5.949434572648293,88.5567575521992,"[[0.45, 0.7794228634059948], [0.5, 0.7505553499465135], [0.5499999999999999, 0.7794228634059948], [0.5, 0.8660254037844386]]",6,2,2,simple,65,648,276,65,65,65,1.0,0.65,0.65,3,98.0,,0,0.0,#2976c6,0.16078432,0.4627451,0.7764706,48.86303731369402,5.202027571599266,-48.255238651125595,48.79244908285487,5.302483405517406,-48.35555979513003,66.4968967563257,142.9969156232938,0.35831278997338095,0.4067695358152017,0.22862497421631608,276.1528576109459,48.534824076458385
panel_06_down_right,panel_06_down_right__corner_2,panel_06_down_right,corner_2,panel_landmarks,panel_06_down_right__corner_2::gamut_007_yycyy,7,gamut_007_yycyy,yycyy,0.2,0.0,0.8,0.4,0.6928203230275509,#d7da2c,0.8431372549019608,0.8549019607843137,0.17254901960784313,84.3667653359768,-19.647053313897157,76.98686095704784,"[[0.45, 0.7794228634059948], [0.38750000000000007, 0.6711696879329401], [0.5, 0.6062177826491071], [0.49999999999999994, 0.606217782649107], [0.5, 0.7505553499465134]]",6,2,2,simple,52,1300,547,52,52,52,1.0,0.65,0.65,6,98.0,,0,0.0,#34888d,0.20392157,0.53333336,0.5529412,52.146521648187665,-23.807008921081426,-9.705170787979068,52.493379094851065,-23.793690969753268,-9.511817366970085,44.666623412300275,92.57946695696089,2.0202712399924403,3.4579859715372825,1.1361616998885564,202.17876842937986,25.70922040421088
panel_06_down_right,panel_06_down_right__corner_2,panel_06_down_right,corner_2,panel_landmarks,panel_06_down_right__corner_2::gamut_008_ycyy,8,gamut_008_ycyy,ycyy,0.25,0.0,0.75,0.375,0.649519052838329,#cdd937,0.803921568627451,0.8509803921568627,0.21568627450980393,83.38010598564017,-22.911475895264044,72.6579380339764,"[[0.49999999999999994, 0.6062177826491072], [0.38750000000000007, 0.6711696879329401], [0.3541666666666665, 0.6134346610139771], [0.4999999999999999, 0.5292377467571566], [0.5, 0.529237746757157], [0.5, 0.606217782649107]]",6,2,2,simple,83,1068,483,83,83,83,1.0,0.65,0.65,4,98.0,,0,0.0,#368d7f,0.21176471,0.5529412,0.49803922,53.40264170693055,-29.22582020494585,-0.32994668190915455,53.43606301293562,-29.299560389934626,-0.43003351474404433,38.36102581029817,79.15649451524443,1.3384883571652195,2.2666918644243235,0.7063191345527643,180.6468167227402,29.2276826222115
panel_06_down_right,panel_06_down_right__corner_2,panel_06_down_right,corner_2,panel_landmarks,panel_06_down_right__corner_2::gamut_009_cyy,9,gamut_009_cyy,cyy,0.3333333333333333,0.0,0.6666666666666666,0.3333333333333333,0.5773502691896257,#bdd749,0.7411764705882353,0.8431372549019608,0.28627450980392155,81.78436408497542,-27.531586792779173,64.35620557265086,"[[0.5000000000000001, 0.5292377467571565], [0.3541666666666665, 0.6134346610139771], [0.31666666666666654, 0.5484827557301443], [0.4999999999999999, 0.44263520637871295], [0.49999999999999994, 0.4426352063787134], [0.49999999999999994, 0.529237746757157]]",6,2,2,simple,83,1555,693,83,83,83,1.0,0.65,0.65,5,98.0,,0,0.0,#3c956b,0.23529412,0.58431375,0.41960785,55.63142562548619,-36.83706488675287,14.634136790941277,55.643562493698255,-36.93808289214242,14.690677259980774,29.466114646913855,56.94604671578454,0.7658085241090157,1.7548240847287613,0.6542765595659543,158.3337265217151,39.63744831705016
panel_06_down_right,panel_06_down_right__corner_2,panel_06_down_right,corner_2,panel_landmarks,panel_06_down_right__corner_2::gamut_010_cycyy,10,gamut_010_cycyy,cycyy,0.4,0.0,0.6,0.3,0.5196152422706631,#b0d558,0.6901960784313725,0.8352941176470589,0.34509803921568627,80.47282173371678,-30.62907611862564,56.47710040787457,"[[0.49999999999999994, 0.44263520637871295], [0.3166666666666666, 0.5484827557301443], [0.27500000000000013, 0.47631397208144144], [0.5, 0.3464101615137757], [0.5, 0.34641016151377535], [0.5, 0.4426352063787127]]",6,2,2,simple,56,2196,929,56,56,56,1.0,0.65,0.65,6,98.0,,0,0.0,#449c5f,0.26666668,0.6117647,0.37254903,57.816512768334015,-40.367586648806295,24.247923448183116,57.61191609103469,-40.28555689299507,24.145674508501305,22.95686991047355,40.58160631099304,1.3532561722859677,2.1279711111629593,0.8090362550296124,149.00768604906557,47.09037952063917
panel_06_down_right,panel_06_down_right__corner_2,panel_06_down_right,corner_2,panel_landmarks,panel_06_down_right__corner_2::gamut_011_cy,11,gamut_011_cy,cy,0.5,0.0,0.5,0.25,0.4330127018922193,#9cd36e,0.611764705882353,0.8274509803921568,0.43137254901960786,78.9150462873468,-34.99013382693389,44.14872186254153,"[[0.4999999999999999, 0.3464101615137758], [0.2750000000000002, 0.47631397208144144], [0.22500000000000003, 0.3897114317029974], [0.45, 0.25980762113533157], [0.45, 0.25980762113533157], [0.5, 0.28867513459481287], [0.5, 0.34641016151377524]]",6,2,2,simple,103,2997,1299,105,103,105,1.0,0.65,0.65,7,98.0,1.2849423743344592,2,0.01904761904761905,#4fa74f,0.30980393,0.654902,0.30980393,61.53561011424533,-44.54512615799899,37.33217581686418,61.507407490730756,-44.596365908380974,37.62594507762581,14.471431269028065,20.97159936996843,0.5486397944869843,0.9035052539337093,0.26971205941264614,140.03445357674963,58.12021692710123
panel_06_down_right,panel_06_down_right__corner_2,panel_06_down_right,corner_2,panel_landmarks,panel_06_down_right__corner_2::gamut_012_ccycy,12,gamut_012_ccycy,ccycy,0.6,0.0,0.4,0.2,0.34641016151377546,#88d184,0.5333333333333333,0.8196078431372549,0.5176470588235295,77.57843488375325,-37.888046728189686,31.195962138943845,"[[0.36666666666666653, 0.21169509870286277], [0.36666666666666714, 0.21169509870286302], [0.45, 0.25980762113533157], [0.225, 0.3897114317029973], [0.18333333333333335, 0.3175426480542941]]",6,2,2,simple,55,2099,930,55,55,55,1.0,0.65,0.65,6,98.0,,0,0.0,#61b048,0.38039216,0.6901961,0.28235295,64.97615579495627,-43.337023973171405,44.398298484834186,64.70824042574509,-43.3514720580084,44.501499604380314,10.66895272769302,19.047584525032963,1.440230941817887,2.7400699529823007,0.9943966197957607,134.30696573258615,62.042780040869076
panel_06_down_right,panel_06_down_right__corner_2,panel_06_down_right,corner_2,panel_landmarks,panel_06_down_right__corner_2::gamut_013_ccy,13,gamut_013_ccy,ccy,0.6666666666666666,0.0,0.3333333333333333,0.16666666666666666,0.28867513459481287,#7bcf92,0.4823529411764706,0.8117647058823529,0.5725490196078431,76.6242576233587,-38.596781108295175,22.516384217852845,"[[0.29166666666666674, 0.16839382851364088], [0.29166666666666674, 0.16839382851364088], [0.3666666666666666, 0.21169509870286274], [0.18333333333333332, 0.3175426480542941], [0.14583333333333337, 0.2525907427704613]]",6,2,2,simple,76,1560,693,76,76,76,1.0,0.65,0.65,5,98.0,,0,0.0,#69af3e,0.4117647,0.6862745,0.24313726,64.97040104888127,-41.89957787022469,49.48761025327582,64.91871405848003,-41.83861784032812,49.388453087664494,13.664167872801245,29.566330062471078,0.7048860063221887,1.5068092955696217,0.544084232625584,130.2535226161266,64.84287311866396
panel_06_down_right,panel_06_down_right__corner_2,panel_06_down_right,corner_2,panel_landmarks,panel_06_down_right__corner_2::gamut_014_ccyc,14,gamut_014_ccyc,ccyc,0.75,0.0,0.25,0.125,0.21650635094610965,#6bcda5,0.4196078431372549,0.803921568627451,0.6470588235294118,75.7627364620849,-38.23104893684348,11.116976934990475,"[[0.22499999999999984, 0.12990381056766567], [0.2916666666666667, 0.16839382851364085], [0.14583333333333337, 0.2525907427704613], [0.11250000000000002, 0.1948557158514987], [0.22500000000000003, 0.12990381056766576]]",6,2,2,simple,71,1113,467,71,71,71,1.0,0.65,0.65,4,98.0,,0,0.0,#76b135,0.4627451,0.69411767,0.20784314,66.20573440175265,-38.966433943709745,54.26471285883593,66.34834186878251,-38.93447952049387,54.51394662217187,19.260736270586133,44.19959496243627,1.523492454414164,3.0602250025283744,1.0234251157075756,125.68139154974796,66.80600299330449
panel_06_down_right,panel_06_down_right__corner_2,panel_06_down_right,corner_2,panel_landmarks,panel_06_down_right__corner_2::gamut_015_ccycc,15,gamut_015_ccycc,ccycc,0.8,0.0,0.2,0.1,0.17320508075688773,#61ccb0,0.3803921568627451,0.8,0.6901960784313725,75.36328019947463,-37.63795429928929,4.586277188762633,"[[0.22499999999999995, 0.12990381056766578], [0.11249999999999999, 0.19485571585149866], [0.04999999999999999, 0.08660254037844385], [0.1, 0.05773502691896256]]",6,2,2,simple,80,1285,557,80,80,80,1.0,0.65,0.65,5,98.0,,0,0.0,#85b730,0.52156866,0.71960783,0.1882353,68.9194176474592,-36.266073540232426,59.545667392676165,68.6096719354259,-36.26159027133838,59.447467012556764,23.63049695249124,55.35286797440909,2.3667815365861067,4.244011789787565,1.2567083428723163,121.34335342781782,69.72025957542589
panel_06_down_right,panel_06_down_right__corner_2,panel_06_down_right,corner_2,panel_landmarks,panel_06_down_right__corner_2::gamut_016_c,16,gamut_016_c,c,1.0,0.0,0.0,0.0,0.0,#3ac8dc,0.22745098039215686,0.7843137254901961,0.8627450980392157,74.42655654335444,-30.326087604312878,-20.705156122725967,"[[0.1, 0.057735026918962574], [0.05, 0.08660254037844387], [0.0, 0.0], [0.10000000000000002, 0.0]]",6,2,2,simple,49,643,290,49,49,49,1.0,0.65,0.65,4,98.0,,0,0.0,#e9d917,0.9137255,0.8509804,0.09019608,85.51091985972093,-12.05270858609342,82.84032404094671,85.50453479638165,-12.084880234752829,82.80918569611067,45.49633709349681,105.72817010238211,0.3722322431540771,0.5703602751449579,0.1963724079726596,98.2780648896881,83.71252637132835
panel_06_down_right,panel_06_down_right__corner_2,panel_06_down_right,corner_2,panel_landmarks,panel_06_down_right__corner_2::gamut_017_ccmcc,17,gamut_017_ccmcc,ccmcc,0.8,0.2,0.0,0.2,0.0,#55a5ce,0.3333333333333333,0.6470588235294118,0.807843137254902,64.39915620027084,-12.522958683054753,-28.313954637547667,"[[0.22499999999999998, 0.12990381056766578], [0.22499999999999992, 0.12990381056766576], [0.1, 0.05773502691896257], [0.10000000000000002, 0.0], [0.22499999999999998, 0.0]]",6,2,2,simple,74,1263,555,74,74,74,1.0,0.65,0.65,6,98.0,,0,0.0,#617337,0.38039216,0.4509804,0.21372549,45.735249736652484,-17.771620241153613,32.02040998102912,45.28194543064142,-17.735125517136808,31.85808360925527,44.260681368894794,63.37290751229211,8.905036065493427,13.798245297616365,4.3204681522946995,119.03067509093705,36.621539308840774
panel_06_down_right,panel_06_down_right__corner_2,panel_06_down_right,corner_2,panel_landmarks,panel_06_down_right__corner_2::gamut_018_ccmc,18,gamut_018_ccmc,ccmc,0.75,0.25,0.0,0.25,0.0,#5c9cca,0.3607843137254902,0.611764705882353,0.792156862745098,61.92440441812144,-7.364048329696504,-29.88546306665585,"[[0.29166666666666663, 0.16839382851364085], [0.29166666666666674, 0.16839382851364088], [0.22499999999999992, 0.12990381056766573], [0.22499999999999995, 0.12990381056766576], [0.22499999999999998, 0.0], [0.29166666666666674, 0.0]]",6,2,2,simple,41,1097,480,41,41,41,1.0,0.65,0.65,6,98.0,,0,0.0,#576736,0.34117648,0.40392157,0.21176471,41.20503865220804,-15.4472169528721,25.21245722818429,40.94181749028524,-15.388060782044569,24.59325176458094,44.0833446342645,59.417258044687244,7.526356802315124,10.758902316962047,3.288500728173366,121.49504884659444,29.568302471939806
panel_06_down_right,panel_06_down_right__corner_2,panel_06_down_right,corner_2,panel_landmarks,panel_06_down_right__corner_2::gamut_019_ccm,19,gamut_019_ccm,ccm,0.6666666666666666,0.3333333333333333,0.0,0.3333333333333333,0.0,#678dc4,0.403921568627451,0.5529411764705883,0.7686274509803922,57.95834963869487,1.909786468417607,-32.625876079859225,"[[0.3666666666666667, 0.2116950987028628], [0.36666666666666675, 0.2116950987028628], [0.29166666666666674, 0.16839382851364085], [0.2916666666666667, 0.16839382851364082], [0.2916666666666667, 0.0], [0.3666666666666667, 0.0]]",6,2,2,simple,57,1619,689,57,57,57,1.0,0.65,0.65,7,98.0,,0,0.0,#485935,0.28235295,0.34901962,0.20784314,35.5742820218023,-13.77643630031744,18.52651253168347,35.36269451220933,-13.857248419710004,18.50898801975653,42.94134164729085,57.99716310729589,3.1996019045082447,5.29123012279765,1.793389493826294,126.63473441403107,23.087266267865683
panel_06_down_right,panel_06_down_right__corner_2,panel_06_down_right,corner_2,panel_landmarks,panel_06_down_right__corner_2::gamut_020_ccmcm,20,gamut_020_ccmcm,ccmcm,0.6,0.4,0.0,0.4,0.0,#7082c0,0.4392156862745098,0.5098039215686274,0.7529411764705882,55.29267420281303,9.505154374171154,-34.4733226879592,"[[0.44999999999999996, 0.25980762113533157], [0.4500000000000001, 0.2598076211353316], [0.3666666666666665, 0.21169509870286266], [0.36666666666666675, 0.21169509870286288], [0.3666666666666667, 0.0], [0.44999999999999996, 0.0]]",6,2,2,simple,63,2116,947,63,63,63,1.0,0.65,0.65,8,98.0,,0,0.0,#3a482d,0.22745098,0.28235295,0.1764706,28.665124290343066,-11.511621250377274,13.946327591960483,30.3336651634654,-11.447092563185368,14.310926194670357,42.35639620177559,59.12016411702033,3.9441784867912895,9.415466406307573,2.9012315522065553,129.53705330148136,18.083624556886154
panel_06_down_right,panel_06_down_right__corner_2,panel_06_down_right,corner_2,panel_landmarks,panel_06_down_right__corner_2::gamut_021_cm,21,gamut_021_cm,cm,0.5,0.5,0.0,0.5,0.0,#7e70b9,0.49411764705882355,0.4392156862745098,0.7254901960784313,51.29732537689088,22.192773865570615,-36.6472398512226,"[[0.55, 0.2598076211353316], [0.5, 0.2886751345948129], [0.4500000000000002, 0.25980762113533173], [0.44999999999999996, 0.25980762113533157], [0.44999999999999996, 0.0], [0.55, 0.0]]",6,2,2,simple,228,3014,1295,233,228,233,1.0,0.65,0.65,8,98.0,2.3676717318322273,5,0.02145922746781116,#2d3a25,0.1764706,0.22745098,0.14509805,22.827500165827317,-10.533566091641354,11.792094296848067,22.94955174203718,-10.371524187559917,11.668678500966806,42.17808984898442,65.02240665533662,0.8194972146922,1.4981543126020926,0.4582784134810453,131.77357272934682,15.811688793823802
panel_06_down_right,panel_06_down_right__corner_2,panel_06_down_right,corner_2,panel_landmarks,panel_06_down_right__corner_2::gamut_022_cmcmm,22,gamut_022_cmcmm,cmcmm,0.4,0.6,0.0,0.6,0.0,#8c5fb2,0.5490196078431373,0.37254901960784315,0.6980392156862745,48.227853537804535,34.47023920646486,-37.32564454758596,"[[0.6333333333333334, 0.2116950987028627], [0.6333333333333331, 0.211695098702863], [0.5500000000000002, 0.25980762113533157], [0.55, 0.2598076211353316], [0.55, 0.0], [0.6333333333333334, 0.0]]",6,2,2,simple,70,2155,961,70,70,70,1.0,0.65,0.65,8,98.0,,0,0.0,#2f3a2a,0.18431373,0.22745098,0.1627451,22.96666010352706,-8.134851675656696,8.477632004030522,21.174368013035053,-8.020243593853442,8.43937754756058,39.18197959879669,67.46304029364286,1.8480411354130557,6.272931676042858,1.9735027923422297,133.81793234950555,11.74930024217175
panel_06_down_right,panel_06_down_right__corner_2,panel_06_down_right,corner_2,panel_landmarks,panel_06_down_right__corner_2::gamut_023_cmm,23,gamut_023_cmm,cmm,0.3333333333333333,0.6666666666666666,0.0,0.6666666666666666,0.0,#9553ad,0.5843137254901961,0.3254901960784314,0.6784313725490196,46.43717552780805,42.58465688514468,-37.152504170448154,"[[0.7083333333333331, 0.168393828513641], [0.7083333333333331, 0.168393828513641], [0.6333333333333333, 0.2116950987028628], [0.6333333333333334, 0.0], [0.7083333333333333, 0.0]]",6,2,2,simple,48,1592,681,48,48,48,1.0,0.65,0.65,7,98.0,,0,0.0,#2c3527,0.17058824,0.20784314,0.15294118,20.893004844264023,-7.25677448840234,7.555806114355807,21.04543210986625,-7.267393009264693,7.522710356456588,46.11269886599883,71.6624444587005,3.475982087377064,5.107140908978185,1.6100970098157552,133.84348827338943,10.47621028870954
panel_06_down_right,panel_06_down_right__corner_2,panel_06_down_right,corner_2,panel_landmarks,panel_06_down_right__corner_2::gamut_024_mcmm,24,gamut_024_mcmm,mcmm,0.25,0.75,0.0,0.75,0.0,#a044a7,0.6274509803921569,0.26666666666666666,0.6549019607843137,44.800029665938034,51.92297921655648,-36.09631750039897,"[[0.7750000000000006, 0.12990381056766542], [0.7750000000000004, 0.12990381056766562], [0.7083333333333331, 0.16839382851364093], [0.7083333333333331, 0.0], [0.7750000000000006, 0.0]]",6,2,2,simple,51,1126,513,51,51,51,1.0,0.65,0.65,6,98.0,,0,0.0,#293125,0.16078432,0.19215687,0.14509805,19.231067165844365,-6.001888395651356,6.4772502462994375,17.286835207567652,-5.966376659282873,6.192437695271624,45.478411035163674,76.29921888136023,6.155689138458704,7.906089256914263,2.7473747595649094,132.81851404956103,8.83048328615374
panel_06_down_right,panel_06_down_right__corner_2,panel_06_down_right,corner_2,panel_landmarks,panel_06_down_right__corner_2::gamut_025_mmcmm,25,gamut_025_mmcmm,mmcmm,0.2,0.8,0.0,0.8,0.0,#a73ca4,0.6549019607843137,0.23529411764705882,0.6431372549019608,44.4176754796398,56.71421828170675,-34.84717030635769,"[[0.7750000000000006, 0.12990381056766537], [0.7750000000000006, 0.0], [0.8999999999999999, 0.0], [0.8999999999999999, 0.05773502691896263]]",6,2,2,simple,70,1282,561,70,70,0,0.0,0.65,0.65,6,98.0,,0,0.0,#1d221c,0.11176471,0.13137256,0.10980392,12.307045171026841,-3.701934761528733,3.3184529828555047,13.809698358127502,-3.598744034886559,3.232071827384887,43.58610355394464,78.34423353645244,4.091387286322103,8.454043165693852,2.605455914717244,138.12661838074968,4.971564258665214
panel_06_down_right,panel_06_down_right__corner_2,panel_06_down_right,corner_2,panel_landmarks,panel_06_down_right__corner_2::gamut_026_m,26,gamut_026_m,m,0.0,1.0,0.0,1.0,0.0,#c31996,0.7647058823529411,0.09803921568627451,0.5882352941176471,44.94517938493525,71.41561872915153,-25.286338363609783,"[[0.8999999999999999, 0.05773502691896262], [0.8999999999999999, 0.0], [1.0, 0.0], [0.95, 0.08660254037844395]]",6,2,2,simple,49,634,288,49,49,0,0.0,0.65,0.65,4,98.0,,0,0.0,#161817,0.08627451,0.09411765,0.09019608,8.10468940161483,-1.216337714404117,0.36842235903745135,8.16399446747585,-1.1350202325098508,0.34862267586779183,36.90994988120915,85.38612034028705,0.6859484894211136,1.1628939226064259,0.4150712024975637,163.14871270508115,1.270910095215453
panel_06_down_right,panel_06_down_right__corner_2,panel_06_down_right,corner_2,panel_landmarks,panel_06_down_right__corner_2::gamut_027_mmymm,27,gamut_027_mmymm,mmymm,0.0,0.8,0.2,0.9,0.17320508075688773,#cf4078,0.8117647058823529,0.25098039215686274,0.47058823529411764,49.84848124885772,60.188269024954224,0.4786347756794429,"[[0.7750000000000004, 0.12990381056766553], [0.7750000000000004, 0.1299038105676656], [0.8999999999999999, 0.05773502691896262], [0.95, 0.08660254037844393], [0.8875000000000002, 0.19485571585149836]]",6,2,2,simple,81,1279,567,81,81,0,0.0,0.65,0.65,5,98.0,,0,0.0,#1c1f23,0.10980392,0.12156863,0.13725491,11.608331206352325,-0.2877267712090431,-3.2620163212970565,12.11144934909503,-0.34998653301570165,-3.290856004321592,40.29573375507893,71.64947741219189,2.7884423958631293,4.79541994481489,1.4296937936022764,264.9592604178157,3.274681232620782
panel_06_down_right,panel_06_down_right__corner_2,panel_06_down_right,corner_2,panel_landmarks,panel_06_down_right__corner_2::gamut_028_mmym,28,gamut_028_mmym,mmym,0.0,0.75,0.25,0.875,0.21650635094610965,#d24a70,0.8235294117647058,0.2901960784313726,0.4392156862745098,51.57960032045129,56.37809473471766,7.85956369537153,"[[0.7083333333333333, 0.16839382851364088], [0.708333333333333, 0.1683938285136411], [0.7750000000000006, 0.12990381056766553], [0.7750000000000005, 0.12990381056766556], [0.8875000000000002, 0.19485571585149838], [0.8541666666666666, 0.2525907427704614]]",6,2,2,simple,82,1125,480,82,82,0,0.0,0.65,0.65,4,98.0,,0,0.0,#1f242a,0.12156863,0.14117648,0.16470589,13.94444631470994,-0.7311192720749136,-4.614259422978245,14.377682959220811,-0.8173046517029953,-4.627366855257197,41.34612019159147,69.52311417577165,3.5107714801802743,5.393426769204938,1.5751951954092325,260.9964584145058,4.671822493689468
panel_06_down_right,panel_06_down_right__corner_2,panel_06_down_right,corner_2,panel_landmarks,panel_06_down_right__corner_2::gamut_029_mmy,29,gamut_029_mmy,mmy,0.0,0.6666666666666666,0.3333333333333333,0.8333333333333333,0.28867513459481287,#d75b64,0.8431372549019608,0.3568627450980392,0.39215686274509803,54.92109472478978,49.47976671792647,19.744343642877826,"[[0.6333333333333329, 0.21169509870286304], [0.6333333333333332, 0.2116950987028628], [0.708333333333333, 0.16839382851364093], [0.7083333333333333, 0.16839382851364088], [0.8541666666666666, 0.25259074277046145], [0.8166666666666667, 0.3175426480542943]]",6,2,2,simple,67,1555,661,67,67,2,0.029850746268656716,0.65,0.65,5,98.0,,0,0.0,#222931,0.13333334,0.16078432,0.19215687,16.24373306720947,-1.0536099425912382,-5.791097006837442,15.711843825730606,-1.0521924411258539,-5.859498737044535,43.64080705788308,68.56835414883568,2.2533436797714814,3.2424586039099523,0.8062276489820546,259.6886104104793,5.8861616061512185
panel_06_down_right,panel_06_down_right__corner_2,panel_06_down_right,corner_2,panel_landmarks,panel_06_down_right__corner_2::gamut_030_mmymy,30,gamut_030_mmymy,mmymy,0.0,0.6,0.4,0.8,0.34641016151377546,#db685a,0.8588235294117647,0.40784313725490196,0.35294117647058826,57.754183854481255,43.898425701771274,29.352331819167688,"[[0.5500000000000003, 0.2598076211353315], [0.5500000000000003, 0.2598076211353315], [0.6333333333333333, 0.21169509870286285], [0.6333333333333329, 0.21169509870286302], [0.8166666666666665, 0.3175426480542942], [0.775, 0.38971143170299727]]",6,2,2,simple,54,2109,900,54,54,54,1.0,0.65,0.65,6,98.0,,0,0.0,#262f39,0.14901961,0.18235295,0.22352941,18.80300766899667,-0.6732386213041119,-7.483901352319544,17.164616669687643,-0.6591131664340589,-7.36886955050259,45.093711759880776,69.71897489941851,2.0664631624550784,4.929890928002078,1.6227623164986509,264.8596086903486,7.5141220174060095
panel_06_down_right,panel_06_down_right__corner_3,panel_06_down_right,corner_3,panel_landmarks,panel_06_down_right__corner_3::gamut_001_my,1,gamut_001_my,my,0.0,0.5,0.5,0.75,0.4330127018922193,#e17c4b,0.8823529411764706,0.48627450980392156,0.29411764705882354,62.45289702748056,35.06929839281481,43.41945673452145,"[[0.5, 0.34641016151377513], [0.5, 0.34641016151377513], [0.5, 0.28867513459481287], [0.55, 0.2598076211353315], [0.5500000000000003, 0.25980762113533146], [0.7750000000000001, 0.38971143170299727], [0.7250000000000001, 0.47631397208144116]]",6,2,2,simple,96,2401,1014,96,96,96,1.0,0.65,0.65,6,98.0,,0,0.0,#21303d,0.12941177,0.1882353,0.23921569,19.046364154866104,-1.8312698491220054,-10.324487075701361,18.991698142479184,-1.7661711042731625,-10.421695209874416,51.03791804294743,78.32107333837797,0.8149369759181051,1.7482373378500458,0.5115790382861733,259.94196794980985,10.48563696856933
panel_06_down_right,panel_06_down_right__corner_3,panel_06_down_right,corner_3,panel_landmarks,panel_06_down_right__corner_3::gamut_002_mymyy,2,gamut_002_mymyy,mymyy,0.0,0.4,0.6,0.7,0.5196152422706631,#e78f3c,0.9058823529411765,0.5607843137254902,0.23529411764705882,67.25038043422728,26.766151588117626,56.050858524577286,"[[0.49999999999999994, 0.44263520637871284], [0.49999999999999994, 0.44263520637871284], [0.49999999999999994, 0.3464101615137752], [0.7250000000000001, 0.47631397208144116], [0.6833333333333335, 0.5484827557301443]]",6,2,2,simple,80,1761,749,80,80,80,1.0,0.65,0.65,5,98.0,,0,0.0,#262f39,0.14901961,0.18235295,0.22352941,18.741556397071356,-0.2884716552632727,-8.351331784762783,18.370188136046707,-0.29523609914940085,-8.504769326600291,55.3078290407193,85.04528655339753,1.8639841941063024,3.8293726010443487,1.2552446235014298,268.0216760699982,8.356312492665618
panel_06_down_right,panel_06_down_right__corner_3,panel_06_down_right,corner_3,panel_landmarks,panel_06_down_right__corner_3::gamut_003_myy,3,gamut_003_myy,myy,0.0,0.3333333333333333,0.6666666666666666,0.6666666666666666,0.5773502691896257,#eb9d32,0.9215686274509803,0.615686274509804,0.19607843137254902,70.87834005274337,20.623964460334378,63.79337035503971,"[[0.5, 0.5292377467571571], [0.4999999999999999, 0.5292377467571567], [0.49999999999999994, 0.4426352063787129], [0.6833333333333335, 0.5484827557301444], [0.6458333333333334, 0.6134346610139774]]",6,2,2,simple,99,1271,550,99,99,95,0.9595959595959596,0.65,0.65,4,98.0,,0,0.0,#222933,0.13333334,0.16078432,0.2,16.372260813447276,-0.5814501915831771,-7.330462741145438,16.06414607107203,-0.5226427323323323,-7.29269336455668,60.43487097524587,92.08247346207739,1.5913588704609933,2.568154067332046,0.7448354865291928,265.46481060401834,7.353486814064033
panel_06_down_right,panel_06_down_right__corner_3,panel_06_down_right,corner_3,panel_landmarks,panel_06_down_right__corner_3::gamut_004_ymyy,4,gamut_004_ymyy,ymyy,0.0,0.25,0.75,0.625,0.649519052838329,#f0ad25,0.9411764705882353,0.6784313725490196,0.1450980392156863,75.17069205620427,13.897348872566884,71.97054159381838,"[[0.5, 0.6062177826491071], [0.5, 0.6062177826491071], [0.5, 0.529237746757157], [0.6458333333333334, 0.6134346610139774], [0.6125, 0.6711696879329399]]",6,2,2,simple,99,915,382,102,99,0,0.0,0.65,0.65,3,98.0,4.9924890773619754,3,0.029411764705882353,#1d242c,0.11372549,0.14117648,0.17254902,13.940874290138535,-0.619942655732092,-5.748248705475023,13.635844414173835,-0.7429489187022789,-5.639709972898198,66.37059933119141,100.00026351249672,1.7129869801225905,2.8495248097948926,0.857267791006822,263.844501765007,5.781582143011671
panel_06_down_right,panel_06_down_right__corner_3,panel_06_down_right,corner_3,panel_landmarks,panel_06_down_right__corner_3::gamut_005_yymyy,5,gamut_005_yymyy,yymyy,0.0,0.2,0.8,0.6000000000000001,0.6928203230275509,#f3b71e,0.9529411764705882,0.7176470588235294,0.11764705882352941,77.88658998186094,9.774007373456461,76.02676705068747,"[[0.5, 0.7505553499465134], [0.5, 0.6062177826491071], [0.6125, 0.6711696879329399], [0.55, 0.7794228634059948]]",6,2,2,simple,65,1064,458,65,65,0,0.0,0.65,0.65,5,98.0,,0,0.0,#1c2027,0.10980392,0.1254902,0.15294118,12.131952024763223,-0.21778473010562738,-4.906154831473398,13.13166504433232,-0.2934619935015144,-4.799370748924836,70.41952382319128,104.75517250567513,3.0748732036028943,5.6061128858106635,1.567212029597491,267.45830288746095,4.910986196178619
panel_06_down_right,panel_06_down_right__corner_3,panel_06_down_right,corner_3,panel_landmarks,panel_06_down_right__corner_3::gamut_006_y,6,gamut_006_y,y,0.0,0.0,1.0,0.5,0.8660254037844386,#ffdf00,1.0,0.8745098039215686,0.0,88.94096720886532,-5.949434572648293,88.5567575521992,"[[0.45, 0.7794228634059948], [0.5, 0.7505553499465135], [0.5499999999999999, 0.7794228634059948], [0.5, 0.8660254037844386]]",6,2,2,simple,50,528,242,50,50,0,0.0,0.65,0.65,3,98.0,,0,0.0,#151716,0.08235294,0.09019608,0.08627451,7.5164136537143325,-0.9396945754848243,0.2615942091630269,7.559626421882226,-0.8074526694633716,-0.14023627518355616,85.91567188229344,120.21269186848896,1.3273743954780084,2.2976953148027524,0.7043393458709787,164.44374582299088,0.9754267914422043
panel_06_down_right,panel_06_down_right__corner_3,panel_06_down_right,corner_3,panel_landmarks,panel_06_down_right__corner_3::gamut_007_yycyy,7,gamut_007_yycyy,yycyy,0.2,0.0,0.8,0.4,0.6928203230275509,#d7da2c,0.8431372549019608,0.8549019607843137,0.17254901960784313,84.3667653359768,-19.647053313897157,76.98686095704784,"[[0.45, 0.7794228634059948], [0.38750000000000007, 0.6711696879329401], [0.5, 0.6062177826491071], [0.49999999999999994, 0.606217782649107], [0.5, 0.7505553499465134]]",6,2,2,simple,69,1080,459,69,69,0,0.0,0.65,0.65,5,98.0,,0,0.0,#282229,0.15686275,0.13333334,0.16078432,14.302701781906919,4.544125831044771,-3.7965173339450597,14.203521637591582,4.538994878879934,-3.7857575802234957,79.2958195370067,109.63640069902459,3.028208616711406,4.585211466970777,1.3050294323244445,320.1219845224299,5.921370064040385
panel_06_down_right,panel_06_down_right__corner_3,panel_06_down_right,corner_3,panel_landmarks,panel_06_down_right__corner_3::gamut_008_ycyy,8,gamut_008_ycyy,ycyy,0.25,0.0,0.75,0.375,0.649519052838329,#cdd937,0.803921568627451,0.8509803921568627,0.21568627450980393,83.38010598564017,-22.911475895264044,72.6579380339764,"[[0.49999999999999994, 0.6062177826491072], [0.38750000000000007, 0.6711696879329401], [0.3541666666666665, 0.6134346610139771], [0.4999999999999999, 0.5292377467571566], [0.5, 0.529237746757157], [0.5, 0.606217782649107]]",6,2,2,simple,45,884,392,45,45,24,0.5333333333333333,0.65,0.65,4,98.0,,0,0.0,#2c252d,0.17254902,0.14509805,0.1764706,15.62419899402634,5.207195181000324,-4.151142041387034,15.834184815130717,5.328002183721158,-4.440183130792395,77.6826194629127,106.21279290826958,1.8692867752244675,3.2898527046010355,1.0746273240736046,321.43837595598256,6.659343954234824
panel_06_down_right,panel_06_down_right__corner_3,panel_06_down_right,corner_3,panel_landmarks,panel_06_down_right__corner_3::gamut_009_cyy,9,gamut_009_cyy,cyy,0.3333333333333333,0.0,0.6666666666666666,0.3333333333333333,0.5773502691896257,#bdd749,0.7411764705882353,0.8431372549019608,0.28627450980392155,81.78436408497542,-27.531586792779173,64.35620557265086,"[[0.5000000000000001, 0.5292377467571565], [0.3541666666666665, 0.6134346610139771], [0.31666666666666654, 0.5484827557301443], [0.4999999999999999, 0.44263520637871295], [0.49999999999999994, 0.4426352063787134], [0.49999999999999994, 0.529237746757157]]",6,2,2,simple,99,1254,546,102,99,102,1.0,0.65,0.65,4,98.0,2.5376781479878168,3,0.029411764705882353,#322833,0.19607843,0.15686275,0.2,17.620946249651375,7.083997535596909,-5.400176292302172,17.556896017123652,7.075950278651859,-5.439078294341203,75.81441604939025,100.901613850297,0.7759072806249833,1.5946249702909219,0.5736729331940703,322.6814963505435,8.907576835048099
panel_06_down_right,panel_06_down_right__corner_3,panel_06_down_right,corner_3,panel_landmarks,panel_06_down_right__corner_3::gamut_010_cycyy,10,gamut_010_cycyy,cycyy,0.4,0.0,0.6,0.3,0.5196152422706631,#b0d558,0.6901960784313725,0.8352941176470589,0.34509803921568627,80.47282173371678,-30.62907611862564,56.47710040787457,"[[0.49999999999999994, 0.44263520637871295], [0.3166666666666666, 0.5484827557301443], [0.27500000000000013, 0.47631397208144144], [0.5, 0.3464101615137757], [0.5, 0.34641016151377535], [0.5, 0.4426352063787127]]",6,2,2,simple,99,1772,762,99,99,99,1.0,0.65,0.65,5,98.0,,0,0.0,#382b39,0.21960784,0.16862746,0.22352941,19.651882587441705,8.130800299262358,-5.830381223625913,19.087102381158868,8.1261004375411,-6.005894980832572,73.426389892966,95.30864035240779,1.685083230604636,3.311573052114287,1.0079082480325694,324.3566964812507,10.005161603857003
panel_06_down_right,panel_06_down_right__corner_3,panel_06_down_right,corner_3,panel_landmarks,panel_06_down_right__corner_3::gamut_011_cy,11,gamut_011_cy,cy,0.5,0.0,0.5,0.25,0.4330127018922193,#9cd36e,0.611764705882353,0.8274509803921568,0.43137254901960786,78.9150462873468,-34.99013382693389,44.14872186254153,"[[0.4999999999999999, 0.3464101615137758], [0.2750000000000002, 0.47631397208144144], [0.22500000000000003, 0.3897114317029974], [0.45, 0.25980762113533157], [0.45, 0.25980762113533157], [0.5, 0.28867513459481287], [0.5, 0.34641016151377524]]",6,2,2,simple,108,2422,1025,111,108,111,1.0,0.65,0.65,6,98.0,1.6314813421721206,3,0.02702702702702703,#3c2e3f,0.23529412,0.18039216,0.24705882,21.107931317369143,10.094618528797714,-8.28804704598144,21.161853931314223,10.159776950499552,-8.28778845715584,72.43979484644656,90.13274748777883,0.6375601836752091,1.1401478005836,0.372061990948767,320.6127662413194,13.06112732800457
panel_06_down_right,panel_06_down_right__corner_3,panel_06_down_right,corner_3,panel_landmarks,panel_06_down_right__corner_3::gamut_012_ccycy,12,gamut_012_ccycy,ccycy,0.6,0.0,0.4,0.2,0.34641016151377546,#88d184,0.5333333333333333,0.8196078431372549,0.5176470588235295,77.57843488375325,-37.888046728189686,31.195962138943845,"[[0.36666666666666653, 0.21169509870286277], [0.36666666666666714, 0.21169509870286302], [0.45, 0.25980762113533157], [0.225, 0.3897114317029973], [0.18333333333333335, 0.3175426480542941]]",6,2,2,simple,110,1753,786,113,110,113,1.0,0.65,0.65,5,98.0,5.03886078786921,3,0.02654867256637168,#51364f,0.3156863,0.20980392,0.30980393,26.340243515702653,17.214163393070734,-10.681299716029008,26.232420288965734,17.19873588917124,-10.764778917589762,70.629273336257,86.11219934124591,2.960142659726836,4.378054959254344,1.2557424311416072,328.18061153388135,20.258765632362152
panel_06_down_right,panel_06_down_right__corner_3,panel_06_down_right,corner_3,panel_landmarks,panel_06_down_right__corner_3::gamut_013_ccy,13,gamut_013_ccy,ccy,0.6666666666666666,0.0,0.3333333333333333,0.16666666666666666,0.28867513459481287,#7bcf92,0.4823529411764706,0.8117647058823529,0.5725490196078431,76.6242576233587,-38.596781108295175,22.516384217852845,"[[0.29166666666666674, 0.16839382851364088], [0.29166666666666674, 0.16839382851364088], [0.3666666666666666, 0.21169509870286274], [0.18333333333333332, 0.3175426480542941], [0.14583333333333337, 0.2525907427704613]]",6,2,2,simple,100,1285,555,103,100,103,1.0,0.65,0.65,4,98.0,1.9536888396937104,3,0.02912621359223301,#5b3959,0.35686275,0.22156863,0.34705883,28.835196148595244,21.162306440459577,-13.024550174686889,29.068726337541456,20.914292709122137,-12.97237638080731,60.936341650831004,84.36883879012008,1.0143343630402144,1.6155984303105102,0.4276448861429358,328.3893708212878,24.849187534663045
panel_06_down_right,panel_06_down_right__corner_3,panel_06_down_right,corner_3,panel_landmarks,panel_06_down_right__corner_3::gamut_014_ccyc,14,gamut_014_ccyc,ccyc,0.75,0.0,0.25,0.125,0.21650635094610965,#6bcda5,0.4196078431372549,0.803921568627451,0.6470588235294118,75.7627364620849,-38.23104893684348,11.116976934990475,"[[0.22499999999999984, 0.12990381056766567], [0.2916666666666667, 0.16839382851364085], [0.14583333333333337, 0.2525907427704613], [0.11250000000000002, 0.1948557158514987], [0.22500000000000003, 0.12990381056766576]]",6,2,2,simple,40,868,386,40,40,40,1.0,0.65,0.65,4,98.0,,0,0.0,#72416a,0.44509804,0.25490198,0.4137255,34.80898760555188,26.80470167471566,-13.934940036537203,34.87755707771852,26.896258086539756,-14.056114025149117,56.757169200036934,80.83598794448677,4.0587166178286385,5.184751189690416,0.957134126828253,332.5314657916308,30.210504558719173
panel_06_down_right,panel_06_down_right__corner_3,panel_06_down_right,corner_3,panel_landmarks,panel_06_down_right__corner_3::gamut_015_ccycc,15,gamut_015_ccycc,ccycc,0.8,0.0,0.2,0.1,0.17320508075688773,#61ccb0,0.3803921568627451,0.8,0.6901960784313725,75.36328019947463,-37.63795429928929,4.586277188762633,"[[0.22499999999999995, 0.12990381056766578], [0.11249999999999999, 0.19485571585149866], [0.04999999999999999, 0.08660254037844385], [0.1, 0.05773502691896256]]",6,2,2,simple,43,1072,459,43,43,43,1.0,0.65,0.65,5,98.0,,0,0.0,#864776,0.5254902,0.2784314,0.4627451,39.424567997217565,32.72540526274798,-15.03040382150881,38.436141887632715,32.4248114708195,-14.903326741786692,54.89787310207968,81.40889126791954,4.4040540602292095,7.8517886369219605,2.508493943130095,335.33122302701884,36.01201450417235
panel_06_down_right,panel_06_down_right__corner_3,panel_06_down_right,corner_3,panel_landmarks,panel_06_down_right__corner_3::gamut_016_c,16,gamut_016_c,c,1.0,0.0,0.0,0.0,0.0,#3ac8dc,0.22745098039215686,0.7843137254901961,0.8627450980392157,74.42655654335444,-30.326087604312878,-20.705156122725967,"[[0.1, 0.057735026918962574], [0.05, 0.08660254037844387], [0.0, 0.0], [0.10000000000000002, 0.0]]",6,2,2,simple,58,513,227,58,58,58,1.0,0.65,0.65,3,98.0,,0,0.0,#d34997,0.82941175,0.28627452,0.5921569,52.868643823166366,61.32184466238158,-13.624729989485452,52.93354707682959,61.41140212717487,-13.577554669582266,62.39609120151291,94.41514456823194,0.2485116703066952,0.4441181546599433,0.15358624448612668,347.473281666355,62.81721022206924
panel_06_down_right,panel_06_down_right__corner_3,panel_06_down_right,corner_3,panel_landmarks,panel_06_down_right__corner_3::gamut_017_ccmcc,17,gamut_017_ccmcc,ccmcc,0.8,0.2,0.0,0.2,0.0,#55a5ce,0.3333333333333333,0.6470588235294118,0.807843137254902,64.39915620027084,-12.522958683054753,-28.313954637547667,"[[0.22499999999999998, 0.12990381056766578], [0.22499999999999992, 0.12990381056766576], [0.1, 0.05773502691896257], [0.10000000000000002, 0.0], [0.22499999999999998, 0.0]]",6,2,2,simple,79,1084,463,79,79,79,1.0,0.65,0.65,5,98.0,,0,0.0,#a3529d,0.6392157,0.32156864,0.6156863,47.25292146713435,44.26143664527421,-26.507265751111063,47.31295131039915,44.388337445277024,-26.481171395160903,41.69812490537819,59.34412391349406,0.4193386853254611,0.6846754949448877,0.2044570876458277,329.08347386370514,51.591762050773646
panel_06_down_right,panel_06_down_right__corner_3,panel_06_down_right,corner_3,panel_landmarks,panel_06_down_right__corner_3::gamut_018_ccmc,18,gamut_018_ccmc,ccmc,0.75,0.25,0.0,0.25,0.0,#5c9cca,0.3607843137254902,0.611764705882353,0.792156862745098,61.92440441812144,-7.364048329696504,-29.88546306665585,"[[0.29166666666666663, 0.16839382851364085], [0.29166666666666674, 0.16839382851364088], [0.22499999999999992, 0.12990381056766573], [0.22499999999999995, 0.12990381056766576], [0.22499999999999998, 0.0], [0.29166666666666674, 0.0]]",6,2,2,simple,68,910,413,68,68,68,1.0,0.65,0.65,5,98.0,,0,0.0,#99509b,0.6,0.3137255,0.60784316,45.60001637041061,41.44922005166732,-27.721261751336023,45.60150128598668,41.4098595634471,-27.74796338437642,36.82382200754214,51.51606140357131,0.4209342946587187,0.8223179677708181,0.2920083402602733,326.2253719830064,49.86487938396749
panel_06_down_right,panel_06_down_right__corner_3,panel_06_down_right,corner_3,panel_landmarks,panel_06_down_right__corner_3::gamut_019_ccm,19,gamut_019_ccm,ccm,0.6666666666666666,0.3333333333333333,0.0,0.3333333333333333,0.0,#678dc4,0.403921568627451,0.5529411764705883,0.7686274509803922,57.95834963869487,1.909786468417607,-32.625876079859225,"[[0.3666666666666667, 0.2116950987028628], [0.36666666666666675, 0.2116950987028628], [0.29166666666666674, 0.16839382851364085], [0.2916666666666667, 0.16839382851364082], [0.2916666666666667, 0.0], [0.3666666666666667, 0.0]]",6,2,2,simple,82,1327,573,82,82,82,1.0,0.65,0.65,6,98.0,,0,0.0,#8a539e,0.5411765,0.3254902,0.61960787,44.37884989011853,35.83644421040244,-31.76097371001103,44.354562496189594,35.93395511148779,-31.74860354392525,26.256251291348292,36.553645168064065,0.358037301492608,0.5471391633472502,0.13865732269190936,318.450204975439,47.88538591943578
panel_06_down_right,panel_06_down_right__corner_3,panel_06_down_right,corner_3,panel_landmarks,panel_06_down_right__corner_3::gamut_020_ccmcm,20,gamut_020_ccmcm,ccmcm,0.6,0.4,0.0,0.4,0.0,#7082c0,0.4392156862745098,0.5098039215686274,0.7529411764705882,55.29267420281303,9.505154374171154,-34.4733226879592,"[[0.44999999999999996, 0.25980762113533157], [0.4500000000000001, 0.2598076211353316], [0.3666666666666665, 0.21169509870286266], [0.36666666666666675, 0.21169509870286288], [0.3666666666666667, 0.0], [0.44999999999999996, 0.0]]",6,2,2,simple,79,1763,762,79,79,79,1.0,0.65,0.65,7,98.0,,0,0.0,#7f549d,0.49803922,0.32941177,0.6156863,43.14393593801631,31.966539195140975,-32.81661998898715,43.20376518291474,31.965373576277365,-32.96213590960523,19.222431390611025,25.59004324605589,0.5680071299400189,0.9049083781176864,0.23625482738827178,314.2482113076002,45.81255478158881
panel_06_down_right,panel_06_down_right__corner_3,panel_06_down_right,corner_3,panel_landmarks,panel_06_down_right__corner_3::gamut_021_cm,21,gamut_021_cm,cm,0.5,0.5,0.0,0.5,0.0,#7e70b9,0.49411764705882355,0.4392156862745098,0.7254901960784313,51.29732537689088,22.192773865570615,-36.6472398512226,"[[0.55, 0.2598076211353316], [0.5, 0.2886751345948129], [0.4500000000000002, 0.25980762113533173], [0.44999999999999996, 0.25980762113533157], [0.44999999999999996, 0.0], [0.55, 0.0]]",6,2,2,simple,163,2454,1075,166,163,166,1.0,0.65,0.65,8,98.0,0.7245199970372126,3,0.018072289156626505,#7054a0,0.4392157,0.32941177,0.627451,41.72546328583261,28.33003850252358,-37.18459046546183,41.78565051378477,28.33036360380095,-37.246404704111,9.878188669781524,11.38311498654279,0.36172633193928844,0.49029897212727924,0.1870034202736972,307.30289726657657,46.74703038310116
panel_06_down_right,panel_06_down_right__corner_3,panel_06_down_right,corner_3,panel_landmarks,panel_06_down_right__corner_3::gamut_022_cmcmm,22,gamut_022_cmcmm,cmcmm,0.4,0.6,0.0,0.6,0.0,#8c5fb2,0.5490196078431373,0.37254901960784315,0.6980392156862745,48.227853537804535,34.47023920646486,-37.32564454758596,"[[0.6333333333333334, 0.2116950987028627], [0.6333333333333331, 0.211695098702863], [0.5500000000000002, 0.25980762113533157], [0.55, 0.2598076211353316], [0.55, 0.0], [0.6333333333333334, 0.0]]",6,2,2,simple,88,1775,781,88,88,88,1.0,0.65,0.65,7,98.0,,0,0.0,#6157a3,0.37843138,0.34117648,0.6392157,41.018873147614904,23.331995692366103,-39.815928280406155,41.12478716895233,23.261699901568047,-39.973318745756075,9.824257421525655,13.49931034962344,0.6115541060423568,1.3504764628364578,0.43682485085182743,300.3701545563373,46.14856625962541
panel_06_down_right,panel_06_down_right__corner_3,panel_06_down_right,corner_3,panel_landmarks,panel_06_down_right__corner_3::gamut_023_cmm,23,gamut_023_cmm,cmm,0.3333333333333333,0.6666666666666666,0.0,0.6666666666666666,0.0,#9553ad,0.5843137254901961,0.3254901960784314,0.6784313725490196,46.43717552780805,42.58465688514468,-37.152504170448154,"[[0.7083333333333331, 0.168393828513641], [0.7083333333333331, 0.168393828513641], [0.6333333333333333, 0.2116950987028628], [0.6333333333333334, 0.0], [0.7083333333333333, 0.0]]",6,2,2,simple,61,1284,536,61,61,61,1.0,0.65,0.65,6,98.0,,0,0.0,#5756a3,0.34117648,0.3372549,0.6392157,40.18273303207592,21.477184205706962,-42.05628502081481,40.116803765062166,21.344222648254412,-41.81536500086729,14.115940719015674,22.554168583081317,0.3653829399049167,0.712363483863618,0.2311729693027036,297.0523631093345,47.22288164817858
panel_06_down_right,panel_06_down_right__corner_3,panel_06_down_right,corner_3,panel_landmarks,panel_06_down_right__corner_3::gamut_024_mcmm,24,gamut_024_mcmm,mcmm,0.25,0.75,0.0,0.75,0.0,#a044a7,0.6274509803921569,0.26666666666666666,0.6549019607843137,44.800029665938034,51.92297921655648,-36.09631750039897,"[[0.7750000000000006, 0.12990381056766542], [0.7750000000000004, 0.12990381056766562], [0.7083333333333331, 0.16839382851364093], [0.7083333333333331, 0.0], [0.7750000000000006, 0.0]]",6,2,2,simple,62,928,396,62,62,62,1.0,0.65,0.65,5,98.0,,0,0.0,#4b59ab,0.29411766,0.34901962,0.6686275,40.41325831594565,18.715771796907088,-45.31426066185159,40.52503337890197,18.684944396553174,-45.36452285755581,20.307205683421486,34.740939302449824,0.7722278164506897,1.408279095802465,0.4572879278779715,292.4416861402726,49.027159139441615
panel_06_down_right,panel_06_down_right__corner_3,panel_06_down_right,corner_3,panel_landmarks,panel_06_down_right__corner_3::gamut_025_mmcmm,25,gamut_025_mmcmm,mmcmm,0.2,0.8,0.0,0.8,0.0,#a73ca4,0.6549019607843137,0.23529411764705882,0.6431372549019608,44.4176754796398,56.71421828170675,-34.84717030635769,"[[0.7750000000000006, 0.12990381056766537], [0.7750000000000006, 0.0], [0.8999999999999999, 0.0], [0.8999999999999999, 0.05773502691896263]]",6,2,2,simple,43,1018,475,43,43,43,1.0,0.65,0.65,6,98.0,,0,0.0,#415dad,0.25490198,0.3647059,0.6784314,40.99727345537049,15.754760205000856,-46.70861662624068,40.92569522808295,16.01883844855835,-46.61690037681612,24.717124215806113,42.77932052691486,1.254555463496173,1.9817941547472995,0.5716522023312283,288.63918889175716,49.294090277174256
panel_06_down_right,panel_06_down_right__corner_3,panel_06_down_right,corner_3,panel_landmarks,panel_06_down_right__corner_3::gamut_026_m,26,gamut_026_m,m,0.0,1.0,0.0,1.0,0.0,#c31996,0.7647058823529411,0.09803921568627451,0.5882352941176471,44.94517938493525,71.41561872915153,-25.286338363609783,"[[0.8999999999999999, 0.05773502691896262], [0.8999999999999999, 0.0], [1.0, 0.0], [0.95, 0.08660254037844395]]",6,2,2,simple,62,549,236,62,62,62,1.0,0.65,0.65,3,98.0,,0,0.0,#1d6fc3,0.11372549,0.43333334,0.7647059,46.288624627649796,7.480648634286435,-50.522310981972865,46.21794822988007,7.664154828093179,-50.74267545566019,38.52960562860735,68.74837860012582,0.24806034317944237,0.6139160916484582,0.21630270530174284,278.42237677712876,51.073124154968504
panel_06_down_right,panel_06_down_right__corner_3,panel_06_down_right,corner_3,panel_landmarks,panel_06_down_right__corner_3::gamut_027_mmymm,27,gamut_027_mmymm,mmymm,0.0,0.8,0.2,0.9,0.17320508075688773,#cf4078,0.8117647058823529,0.25098039215686274,0.47058823529411764,49.84848124885772,60.188269024954224,0.4786347756794429,"[[0.7750000000000004, 0.12990381056766553], [0.7750000000000004, 0.1299038105676656], [0.8999999999999999, 0.05773502691896262], [0.95, 0.08660254037844393], [0.8875000000000002, 0.19485571585149836]]",6,2,2,simple,88,1058,450,88,88,88,1.0,0.65,0.65,4,98.0,,0,0.0,#2e537c,0.18039216,0.32352942,0.48431373,34.23135982924256,0.9882213643747362,-26.8881282124595,33.64110427566887,0.788599766142756,-26.796309153060758,39.235257328144094,67.0632525374281,5.500976001398751,7.147460189003447,2.3625465977971056,272.104848627127,26.906282170427545
panel_06_down_right,panel_06_down_right__corner_3,panel_06_down_right,corner_3,panel_landmarks,panel_06_down_right__corner_3::gamut_028_mmym,28,gamut_028_mmym,mmym,0.0,0.75,0.25,0.875,0.21650635094610965,#d24a70,0.8235294117647058,0.2901960784313726,0.4392156862745098,51.57960032045129,56.37809473471766,7.85956369537153,"[[0.7083333333333333, 0.16839382851364088], [0.708333333333333, 0.1683938285136411], [0.7750000000000006, 0.12990381056766553], [0.7750000000000005, 0.12990381056766556], [0.8875000000000002, 0.19485571585149838], [0.8541666666666666, 0.2525907427704614]]",6,2,2,simple,40,904,386,40,40,40,1.0,0.65,0.65,4,98.0,,0,0.0,#354c70,0.20784314,0.29607844,0.4372549,31.963840561332756,1.5767096223295862,-23.244335327166354,31.334428569306546,1.7901859082246663,-23.35223249800413,38.98153979059891,65.99562391225615,4.11314733337522,6.069406412523529,1.475291095255448,273.8805425857121,23.297749634565577
panel_06_down_right,panel_06_down_right__corner_3,panel_06_down_right,corner_3,panel_landmarks,panel_06_down_right__corner_3::gamut_029_mmy,29,gamut_029_mmy,mmy,0.0,0.6666666666666666,0.3333333333333333,0.8333333333333333,0.28867513459481287,#d75b64,0.8431372549019608,0.3568627450980392,0.39215686274509803,54.92109472478978,49.47976671792647,19.744343642877826,"[[0.6333333333333329, 0.21169509870286304], [0.6333333333333332, 0.2116950987028628], [0.708333333333333, 0.16839382851364093], [0.7083333333333333, 0.16839382851364088], [0.8541666666666666, 0.25259074277046145], [0.8166666666666667, 0.3175426480542943]]",6,2,2,simple,85,1247,536,85,85,85,1.0,0.65,0.65,4,98.0,,0,0.0,#2a3d58,0.16470589,0.23921569,0.34509805,25.414315104932157,1.4888474850668076,-18.676122130035434,25.40494998739754,1.4920924586623403,-18.62249264582536,42.26709837804183,68.19025269462861,1.673322108473102,2.681409083254351,0.7543579382460637,274.5579405659638,18.73537308541757
panel_06_down_right,panel_06_down_right__corner_3,panel_06_down_right,corner_3,panel_landmarks,panel_06_down_right__corner_3::gamut_030_mmymy,30,gamut_030_mmymy,mmymy,0.0,0.6,0.4,0.8,0.34641016151377546,#db685a,0.8588235294117647,0.40784313725490196,0.35294117647058826,57.754183854481255,43.898425701771274,29.352331819167688,"[[0.5500000000000003, 0.2598076211353315], [0.5500000000000003, 0.2598076211353315], [0.6333333333333333, 0.21169509870286285], [0.6333333333333329, 0.21169509870286302], [0.8166666666666665, 0.3175426480542942], [0.775, 0.38971143170299727]]",6,2,2,simple,65,1755,727,65,65,65,1.0,0.65,0.65,5,98.0,,0,0.0,#293850,0.16078432,0.21960784,0.3137255,23.266383548837588,0.9843913134077453,-16.267984511604173,23.56842318491642,0.978664252531668,-16.31742970058037,45.21615681157629,71.49990195466908,3.068492142311145,5.003699096258898,1.5192959615419657,273.4628001416286,16.297740528297346
panel_06_down_right,panel_06_down_right__center,panel_06_down_right,center,panel_landmarks,panel_06_down_right__center::gamut_001_my,1,gamut_001_my,my,0.0,0.5,0.5,0.75,0.4330127018922193,#e17c4b,0.8823529411764706,0.48627450980392156,0.29411764705882354,62.45289702748056,35.06929839281481,43.41945673452145,"[[0.5, 0.34641016151377513], [0.5, 0.34641016151377513], [0.5, 0.28867513459481287], [0.55, 0.2598076211353315], [0.5500000000000003, 0.25980762113533146], [0.7750000000000001, 0.38971143170299727], [0.7250000000000001, 0.47631397208144116]]",6,2,2,simple,135,2801,1148,137,135,137,1.0,0.65,0.65,8,98.0,1.0458761627373487,2,0.014598540145985401,#65478f,0.39607844,0.2784314,0.56078434,36.47316755901444,28.55624780842042,-35.29981019903763,36.429009431003664,28.574564751110767,-35.1352234664034,47.035792326286355,83.15100214505232,0.5976420324353751,0.995137796425567,0.2920532994311709,308.97158476680033,45.404139557798004
panel_06_down_right,panel_06_down_right__center,panel_06_down_right,center,panel_landmarks,panel_06_down_right__center::gamut_002_mymyy,2,gamut_002_mymyy,mymyy,0.0,0.4,0.6,0.7,0.5196152422706631,#e78f3c,0.9058823529411765,0.5607843137254902,0.23529411764705882,67.25038043422728,26.766151588117626,56.050858524577286,"[[0.49999999999999994, 0.44263520637871284], [0.49999999999999994, 0.44263520637871284], [0.49999999999999994, 0.3464101615137752], [0.7250000000000001, 0.47631397208144116], [0.6833333333333335, 0.5484827557301443]]",6,2,2,simple,84,1957,851,84,84,84,1.0,0.65,0.65,7,98.0,,0,0.0,#754b91,0.45882353,0.29411766,0.5686275,39.31251226450627,31.84587836896288,-32.199313999748306,39.328832035083664,31.65650565425673,-32.18892012423347,52.84375392032496,92.70610040666138,0.5253625721537217,0.8052863109673467,0.23987309225372772,314.6838144494761,45.287479408167165
panel_06_down_right,panel_06_down_right__center,panel_06_down_right,center,panel_landmarks,panel_06_down_right__center::gamut_003_myy,3,gamut_003_myy,myy,0.0,0.3333333333333333,0.6666666666666666,0.6666666666666666,0.5773502691896257,#eb9d32,0.9215686274509803,0.615686274509804,0.19607843137254902,70.87834005274337,20.623964460334378,63.79337035503971,"[[0.5, 0.5292377467571571], [0.4999999999999999, 0.5292377467571567], [0.49999999999999994, 0.4426352063787129], [0.6833333333333335, 0.5484827557301444], [0.6458333333333334, 0.6134346610139774]]",6,2,2,simple,89,1489,641,89,89,89,1.0,0.65,0.65,6,98.0,,0,0.0,#814d92,0.5058824,0.3019608,0.57254905,41.17579222591254,34.68732340909034,-29.65649261587521,41.20446632727324,34.50866049437883,-29.63417855412349,56.77349043257428,99.06006411066723,0.4424680430525674,0.6194698974750908,0.18519215171457132,319.47067288345147,45.63680487898213
panel_06_down_right,panel_06_down_right__center,panel_06_down_right,center,panel_landmarks,panel_06_down_right__center::gamut_004_ymyy,4,gamut_004_ymyy,ymyy,0.0,0.25,0.75,0.625,0.649519052838329,#f0ad25,0.9411764705882353,0.6784313725490196,0.1450980392156863,75.17069205620427,13.897348872566884,71.97054159381838,"[[0.5, 0.6062177826491071], [0.5, 0.6062177826491071], [0.5, 0.529237746757157], [0.6458333333333334, 0.6134346610139774], [0.6125, 0.6711696879329399]]",6,2,2,simple,69,1011,449,69,69,69,1.0,0.65,0.65,5,98.0,,0,0.0,#924f94,0.57254905,0.30980393,0.5803922,44.00556633390167,38.760537734700115,-26.158064772230638,43.92544064028403,38.83218513499774,-26.351303061981927,60.70407373966249,105.9182071648875,0.35976803937049784,0.5651033515187768,0.198389549476192,325.98603071417733,46.76134769348853
panel_06_down_right,panel_06_down_right__center,panel_06_down_right,center,panel_landmarks,panel_06_down_right__center::gamut_005_yymyy,5,gamut_005_yymyy,yymyy,0.0,0.2,0.8,0.6000000000000001,0.6928203230275509,#f3b71e,0.9529411764705882,0.7176470588235294,0.11764705882352941,77.88658998186094,9.774007373456461,76.02676705068747,"[[0.5, 0.7505553499465134], [0.5, 0.6062177826491071], [0.6125, 0.6711696879329399], [0.55, 0.7794228634059948]]",6,2,2,simple,59,1191,508,59,59,59,1.0,0.65,0.65,6,98.0,,0,0.0,#9e5299,0.61960787,0.32156864,0.6,46.54365433480927,41.94122754244661,-24.897849474925728,46.540282777199174,41.781120149145,-25.018637191006977,62.905293195504,110.46668225857779,0.42198266356824515,0.7710880787166935,0.1991906456350162,329.3050797242729,48.7746806882766
panel_06_down_right,panel_06_down_right__center,panel_06_down_right,center,panel_landmarks,panel_06_down_right__center::gamut_006_y,6,gamut_006_y,y,0.0,0.0,1.0,0.5,0.8660254037844386,#ffdf00,1.0,0.8745098039215686,0.0,88.94096720886532,-5.949434572648293,88.5567575521992,"[[0.45, 0.7794228634059948], [0.5, 0.7505553499465135], [0.5499999999999999, 0.7794228634059948], [0.5, 0.8660254037844386]]",6,2,2,simple,71,584,251,71,71,71,1.0,0.65,0.65,3,98.0,,0,0.0,#d34f97,0.827451,0.30980393,0.5921569,53.6498767027381,59.27669767792615,-12.501955838532709,53.64183278088041,59.16191098936025,-12.3891587302052,71.00717298608929,125.35060011691682,0.22504262568667574,0.4867830970380474,0.15414366769974136,348.09037866171343,60.58073775870411
panel_06_down_right,panel_06_down_right__center,panel_06_down_right,center,panel_landmarks,panel_06_down_right__center::gamut_007_yycyy,7,gamut_007_yycyy,yycyy,0.2,0.0,0.8,0.4,0.6928203230275509,#d7da2c,0.8431372549019608,0.8549019607843137,0.17254901960784313,84.3667653359768,-19.647053313897157,76.98686095704784,"[[0.45, 0.7794228634059948], [0.38750000000000007, 0.6711696879329401], [0.5, 0.6062177826491071], [0.49999999999999994, 0.606217782649107], [0.5, 0.7505553499465134]]",6,2,2,simple,54,1169,489,54,54,54,1.0,0.65,0.65,5,98.0,,0,0.0,#d55e79,0.8352941,0.36862746,0.4745098,55.7968392217612,48.983963016116405,8.078444016791074,55.72950799830388,49.079966211484944,8.218967322345703,62.23046280434884,101.364821342883,0.27523320265057993,0.6238804367581502,0.20626899955599537,9.364932921497825,49.64564321767508
panel_06_down_right,panel_06_down_right__center,panel_06_down_right,center,panel_landmarks,panel_06_down_right__center::gamut_008_ycyy,8,gamut_008_ycyy,ycyy,0.25,0.0,0.75,0.375,0.649519052838329,#cdd937,0.803921568627451,0.8509803921568627,0.21568627450980393,83.38010598564017,-22.911475895264044,72.6579380339764,"[[0.49999999999999994, 0.6062177826491072], [0.38750000000000007, 0.6711696879329401], [0.3541666666666665, 0.6134346610139771], [0.4999999999999999, 0.5292377467571566], [0.5, 0.529237746757157], [0.5, 0.606217782649107]]",6,2,2,simple,57,1001,430,57,57,57,1.0,0.65,0.65,4,98.0,,0,0.0,#d2606f,0.8235294,0.3764706,0.43529412,55.29701873129298,46.339032332194385,13.613635400988278,55.30510725947072,46.34477737387834,13.638236233792512,59.90130740177993,95.2392899643443,0.33833250862007236,0.6377036557865717,0.20517051542489573,16.37190905604166,48.29738073969641
panel_06_down_right,panel_06_down_right__center,panel_06_down_right,center,panel_landmarks,panel_06_down_right__center::gamut_009_cyy,9,gamut_009_cyy,cyy,0.3333333333333333,0.0,0.6666666666666666,0.3333333333333333,0.5773502691896257,#bdd749,0.7411764705882353,0.8431372549019608,0.28627450980392155,81.78436408497542,-27.531586792779173,64.35620557265086,"[[0.5000000000000001, 0.5292377467571565], [0.3541666666666665, 0.6134346610139771], [0.31666666666666654, 0.5484827557301443], [0.4999999999999999, 0.44263520637871295], [0.49999999999999994, 0.4426352063787134], [0.49999999999999994, 0.529237746757157]]",6,2,2,simple,64,1460,642,64,64,64,1.0,0.65,0.65,5,98.0,,0,0.0,#cd6061,0.8039216,0.3764706,0.38039216,54.231190881661405,43.154230684691825,20.465268481938757,54.23255470787694,43.19649355045155,20.222854181602187,57.44591094899733,87.64745578013668,0.38840087454585404,0.8254197415382413,0.2521671283276475,25.37196885458394,47.761017996117225
panel_06_down_right,panel_06_down_right__center,panel_06_down_right,center,panel_landmarks,panel_06_down_right__center::gamut_010_cycyy,10,gamut_010_cycyy,cycyy,0.4,0.0,0.6,0.3,0.5196152422706631,#b0d558,0.6901960784313725,0.8352941176470589,0.34509803921568627,80.47282173371678,-30.62907611862564,56.47710040787457,"[[0.49999999999999994, 0.44263520637871295], [0.3166666666666666, 0.5484827557301443], [0.27500000000000013, 0.47631397208144144], [0.5, 0.3464101615137757], [0.5, 0.34641016151377535], [0.5, 0.4426352063787127]]",6,2,2,simple,123,1898,844,125,123,125,1.0,0.65,0.65,5,98.0,1.179953559157956,2,0.016,#c55e57,0.77254903,0.36862746,0.34117648,52.49072195374001,40.42160212964735,23.673788483575642,52.5899418737835,40.27316014496654,23.911173104361296,56.43533508598668,83.1098914741142,0.5220460975055873,1.0151592527636446,0.33649388655361895,30.356298743698517,46.843934291352916
panel_06_down_right,panel_06_down_right__center,panel_06_down_right,center,panel_landmarks,panel_06_down_right__center::gamut_011_cy,11,gamut_011_cy,cy,0.5,0.0,0.5,0.25,0.4330127018922193,#9cd36e,0.611764705882353,0.8274509803921568,0.43137254901960786,78.9150462873468,-34.99013382693389,44.14872186254153,"[[0.4999999999999999, 0.3464101615137758], [0.2750000000000002, 0.47631397208144144], [0.22500000000000003, 0.3897114317029974], [0.45, 0.25980762113533157], [0.45, 0.25980762113533157], [0.5, 0.28867513459481287], [0.5, 0.34641016151377524]]",6,2,2,simple,49,2713,1156,49,49,49,1.0,0.65,0.65,7,98.0,,0,0.0,#c15e48,0.75686276,0.36862746,0.28235295,51.491810690415434,37.750104253986564,30.82352663492357,51.65977330942385,37.92299138246537,30.84328200935006,55.17845732833766,78.8716483568584,0.5904412241683912,0.985858197373337,0.30040563957350525,39.23215391568948,48.73561495867983
panel_06_down_right,panel_06_down_right__center,panel_06_down_right,center,panel_landmarks,panel_06_down_right__center::gamut_012_ccycy,12,gamut_012_ccycy,ccycy,0.6,0.0,0.4,0.2,0.34641016151377546,#88d184,0.5333333333333333,0.8196078431372549,0.5176470588235295,77.57843488375325,-37.888046728189686,31.195962138943845,"[[0.36666666666666653, 0.21169509870286277], [0.36666666666666714, 0.21169509870286302], [0.45, 0.25980762113533157], [0.225, 0.3897114317029973], [0.18333333333333335, 0.3175426480542941]]",6,2,2,simple,127,1975,846,130,127,130,1.0,0.65,0.65,5,98.0,1.8193948769668513,3,0.023076923076923078,#c36743,0.7647059,0.40392157,0.2627451,53.71905709009842,33.648164361496256,36.64251866985523,53.606438926569275,33.73621788872874,36.64411058282477,52.256399052301326,75.60664245827127,0.577601225198719,1.3621677565200823,0.4007252223130096,47.43930190002021,49.748096841677835
panel_06_down_right,panel_06_down_right__center,panel_06_down_right,center,panel_landmarks,panel_06_down_right__center::gamut_013_ccy,13,gamut_013_ccy,ccy,0.6666666666666666,0.0,0.3333333333333333,0.16666666666666666,0.28867513459481287,#7bcf92,0.4823529411764706,0.8117647058823529,0.5725490196078431,76.6242576233587,-38.596781108295175,22.516384217852845,"[[0.29166666666666674, 0.16839382851364088], [0.29166666666666674, 0.16839382851364088], [0.3666666666666666, 0.21169509870286274], [0.18333333333333332, 0.3175426480542941], [0.14583333333333337, 0.2525907427704613]]",6,2,2,simple,46,1411,612,46,46,46,1.0,0.65,0.65,5,98.0,,0,0.0,#c7703f,0.78039217,0.4392157,0.24705882,56.328459049507956,30.270905007470677,41.34017058705246,56.29701947389553,30.29008653621275,41.429096373141455,49.21919390102758,74.22272269300848,0.40484774122735884,0.8248159225047664,0.23991269268750373,53.78693921230331,51.23804635364146
panel_06_down_right,panel_06_down_right__center,panel_06_down_right,center,panel_landmarks,panel_06_down_right__center::gamut_014_ccyc,14,gamut_014_ccyc,ccyc,0.75,0.0,0.25,0.125,0.21650635094610965,#6bcda5,0.4196078431372549,0.803921568627451,0.6470588235294118,75.7627364620849,-38.23104893684348,11.116976934990475,"[[0.22499999999999984, 0.12990381056766567], [0.2916666666666667, 0.16839382851364085], [0.14583333333333337, 0.2525907427704613], [0.11250000000000002, 0.1948557158514987], [0.22500000000000003, 0.12990381056766576]]",6,2,2,simple,59,1006,426,59,59,59,1.0,0.65,0.65,4,98.0,,0,0.0,#cf833a,0.8117647,0.5137255,0.22745098,61.5144248745862,22.693558969346828,50.0211386401228,61.56207997445676,22.535479358771937,49.942928127576124,43.47378213899347,73.67737800435464,0.7204481750983008,1.1656844549104155,0.3743111325466939,65.59718424762912,54.92824345953189
panel_06_down_right,panel_06_down_right__center,panel_06_down_right,center,panel_landmarks,panel_06_down_right__center::gamut_015_ccycc,15,gamut_015_ccycc,ccycc,0.8,0.0,0.2,0.1,0.17320508075688773,#61ccb0,0.3803921568627451,0.8,0.6901960784313725,75.36328019947463,-37.63795429928929,4.586277188762633,"[[0.22499999999999995, 0.12990381056766578], [0.11249999999999999, 0.19485571585149866], [0.04999999999999999, 0.08660254037844385], [0.1, 0.05773502691896256]]",6,2,2,simple,43,1209,513,43,43,43,1.0,0.65,0.65,6,98.0,,0,0.0,#ce8b38,0.80784315,0.54509807,0.21960784,63.25658695673286,18.00172554903706,53.33508684536743,63.04707642514279,17.93705693792155,53.404496090361064,41.378885629184744,74.95860482849176,1.2662578032973701,2.0080229587805793,0.5685295270981049,71.34936786583876,56.291150383925704
panel_06_down_right,panel_06_down_right__center,panel_06_down_right,center,panel_landmarks,panel_06_down_right__center::gamut_016_c,16,gamut_016_c,c,1.0,0.0,0.0,0.0,0.0,#3ac8dc,0.22745098039215686,0.7843137254901961,0.8627450980392157,74.42655654335444,-30.326087604312878,-20.705156122725967,"[[0.1, 0.057735026918962574], [0.05, 0.08660254037844387], [0.0, 0.0], [0.10000000000000002, 0.0]]",6,2,2,simple,59,577,264,59,59,59,1.0,0.65,0.65,3,98.0,,0,0.0,#e6d514,0.9019608,0.8352941,0.078431375,84.20526127963397,-11.376693619050748,82.15941127721531,84.09116895774089,-11.31266205226929,82.04733528632222,45.3197439134596,105.05151986099528,0.23514147146994077,0.3504813936156061,0.15401023892655513,97.88366970574316,82.94334222299199
panel_06_down_right,panel_06_down_right__center,panel_06_down_right,center,panel_landmarks,panel_06_down_right__center::gamut_017_ccmcc,17,gamut_017_ccmcc,ccmcc,0.8,0.2,0.0,0.2,0.0,#55a5ce,0.3333333333333333,0.6470588235294118,0.807843137254902,64.39915620027084,-12.522958683054753,-28.313954637547667,"[[0.22499999999999998, 0.12990381056766578], [0.22499999999999992, 0.12990381056766576], [0.1, 0.05773502691896257], [0.10000000000000002, 0.0], [0.22499999999999998, 0.0]]",6,2,2,simple,44,1191,527,44,44,44,1.0,0.65,0.65,6,98.0,,0,0.0,#7bae27,0.48235294,0.68235296,0.1509804,65.58069639277313,-36.49186540146587,59.0942028442077,65.22772730741784,-36.45680155098957,59.08218659314634,49.26939235838518,90.64265287853031,0.6735560560630847,1.3198308980085636,0.4417702948510914,121.69616904510758,69.45344520087586
panel_06_down_right,panel_06_down_right__center,panel_06_down_right,center,panel_landmarks,panel_06_down_right__center::gamut_018_ccmc,18,gamut_018_ccmc,ccmc,0.75,0.25,0.0,0.25,0.0,#5c9cca,0.3607843137254902,0.611764705882353,0.792156862745098,61.92440441812144,-7.364048329696504,-29.88546306665585,"[[0.29166666666666663, 0.16839382851364085], [0.29166666666666674, 0.16839382851364088], [0.22499999999999992, 0.12990381056766573], [0.22499999999999995, 0.12990381056766576], [0.22499999999999998, 0.0], [0.29166666666666674, 0.0]]",6,2,2,simple,69,1003,439,69,69,69,1.0,0.65,0.65,4,98.0,,0,0.0,#6ca82c,0.42352942,0.65882355,0.17254902,62.82244166649822,-38.98073785112205,54.3926796861966,62.6215537077143,-38.9606076529381,54.37506963186913,50.003106056340826,90.01792528748852,0.4645911781909479,1.0211333619197291,0.33114201543210486,125.62743225075707,66.91831981500346
panel_06_down_right,panel_06_down_right__center,panel_06_down_right,center,panel_landmarks,panel_06_down_right__center::gamut_019_ccm,19,gamut_019_ccm,ccm,0.6666666666666666,0.3333333333333333,0.0,0.3333333333333333,0.0,#678dc4,0.403921568627451,0.5529411764705883,0.7686274509803922,57.95834963869487,1.909786468417607,-32.625876079859225,"[[0.3666666666666667, 0.2116950987028628], [0.36666666666666675, 0.2116950987028628], [0.29166666666666674, 0.16839382851364085], [0.2916666666666667, 0.16839382851364082], [0.2916666666666667, 0.0], [0.3666666666666667, 0.0]]",6,2,2,simple,53,1432,610,53,53,53,1.0,0.65,0.65,5,98.0,,0,0.0,#549d38,0.32941177,0.6156863,0.21960784,58.35799741323743,-41.352793861802795,44.1492704883652,58.09947886717105,-41.656016129029915,44.29266797249934,48.45581054918027,88.12623732887279,0.7045485725053408,1.3526737869574312,0.47923644312468344,133.12672110596407,60.49141794363552
panel_06_down_right,panel_06_down_right__center,panel_06_down_right,center,panel_landmarks,panel_06_down_right__center::gamut_020_ccmcm,20,gamut_020_ccmcm,ccmcm,0.6,0.4,0.0,0.4,0.0,#7082c0,0.4392156862745098,0.5098039215686274,0.7529411764705882,55.29267420281303,9.505154374171154,-34.4733226879592,"[[0.44999999999999996, 0.25980762113533157], [0.4500000000000001, 0.2598076211353316], [0.3666666666666665, 0.21169509870286266], [0.36666666666666675, 0.21169509870286288], [0.3666666666666667, 0.0], [0.44999999999999996, 0.0]]",6,2,2,simple,45,1939,839,45,45,45,1.0,0.65,0.65,6,98.0,,0,0.0,#47943d,0.2784314,0.5803922,0.23921569,55.03666657817534,-41.862531710580406,38.59195193506455,55.0418515555608,-41.576181383302014,38.39419670468204,47.04212455682445,89.31539099921878,0.3654721377617855,0.8741142791024561,0.26669321508869887,137.32786649993352,56.936897662040586
panel_06_down_right,panel_06_down_right__center,panel_06_down_right,center,panel_landmarks,panel_06_down_right__center::gamut_021_cm,21,gamut_021_cm,cm,0.5,0.5,0.0,0.5,0.0,#7e70b9,0.49411764705882355,0.4392156862745098,0.7254901960784313,51.29732537689088,22.192773865570615,-36.6472398512226,"[[0.55, 0.2598076211353316], [0.5, 0.2886751345948129], [0.4500000000000002, 0.25980762113533173], [0.44999999999999996, 0.25980762113533157], [0.44999999999999996, 0.0], [0.55, 0.0]]",6,2,2,simple,66,2746,1150,66,66,66,1.0,0.65,0.65,7,98.0,,0,0.0,#3a8f46,0.22745098,0.56078434,0.27450982,52.95464361722191,-41.944294104682534,31.11816982389708,53.23471035468183,-41.965586129923054,31.157015110911566,45.615593179085955,93.31913490816024,0.46299102615689736,1.3648338808189884,0.4325922700907217,143.42854636388893,52.22704568639705
panel_06_down_right,panel_06_down_right__center,panel_06_down_right,center,panel_landmarks,panel_06_down_right__center::gamut_022_cmcmm,22,gamut_022_cmcmm,cmcmm,0.4,0.6,0.0,0.6,0.0,#8c5fb2,0.5490196078431373,0.37254901960784315,0.6980392156862745,48.227853537804535,34.47023920646486,-37.32564454758596,"[[0.6333333333333334, 0.2116950987028627], [0.6333333333333331, 0.211695098702863], [0.5500000000000002, 0.25980762113533157], [0.55, 0.2598076211353316], [0.55, 0.0], [0.6333333333333334, 0.0]]",6,2,2,simple,47,1980,851,47,47,47,1.0,0.65,0.65,6,98.0,,0,0.0,#328b56,0.19607843,0.54509807,0.3372549,51.65549505881239,-38.863718330131746,20.558802714785152,51.66698155727762,-38.86757752744273,20.45369663544574,44.141446746358106,93.48918273921382,0.42073312322013406,0.9151507467579912,0.29664383140977,152.12127979260788,43.96649828573201
panel_06_down_right,panel_06_down_right__center,panel_06_down_right,center,panel_landmarks,panel_06_down_right__center::gamut_023_cmm,23,gamut_023_cmm,cmm,0.3333333333333333,0.6666666666666666,0.0,0.6666666666666666,0.0,#9553ad,0.5843137254901961,0.3254901960784314,0.6784313725490196,46.43717552780805,42.58465688514468,-37.152504170448154,"[[0.7083333333333331, 0.168393828513641], [0.7083333333333331, 0.168393828513641], [0.6333333333333333, 0.2116950987028628], [0.6333333333333334, 0.0], [0.7083333333333333, 0.0]]",6,2,2,simple,55,1406,614,55,55,55,1.0,0.65,0.65,5,98.0,,0,0.0,#308860,0.1882353,0.53333336,0.3764706,50.75257120710312,-36.08978421795312,13.93619588221442,50.670449295854176,-35.94320608469225,13.62521829241921,43.53623197474813,93.9060466414416,0.35119992006389517,0.8836668296347775,0.36422993840979623,158.88575852272504,38.68707898725191
panel_06_down_right,panel_06_down_right__center,panel_06_down_right,center,panel_landmarks,panel_06_down_right__center::gamut_024_mcmm,24,gamut_024_mcmm,mcmm,0.25,0.75,0.0,0.75,0.0,#a044a7,0.6274509803921569,0.26666666666666666,0.6549019607843137,44.800029665938034,51.92297921655648,-36.09631750039897,"[[0.7750000000000006, 0.12990381056766542], [0.7750000000000004, 0.12990381056766562], [0.7083333333333331, 0.16839382851364093], [0.7083333333333331, 0.0], [0.7750000000000006, 0.0]]",6,2,2,simple,66,1000,438,66,66,66,1.0,0.65,0.65,4,98.0,,0,0.0,#2a8274,0.16470589,0.50980395,0.45490196,49.15119856133167,-29.377146014394285,0.006373110276669536,49.0811956362744,-29.360603509939274,0.15216295446861408,39.92135832711599,89.06204187337434,0.5026752158716978,1.0606926817264655,0.36069485245701116,179.98757019094649,29.377146705689043
panel_06_down_right,panel_06_down_right__center,panel_06_down_right,center,panel_landmarks,panel_06_down_right__center::gamut_025_mmcmm,25,gamut_025_mmcmm,mmcmm,0.2,0.8,0.0,0.8,0.0,#a73ca4,0.6549019607843137,0.23529411764705882,0.6431372549019608,44.4176754796398,56.71421828170675,-34.84717030635769,"[[0.7750000000000006, 0.12990381056766537], [0.7750000000000006, 0.0], [0.8999999999999999, 0.0], [0.8999999999999999, 0.05773502691896263]]",6,2,2,simple,58,1183,506,58,58,58,1.0,0.65,0.65,5,98.0,,0,0.0,#287e7e,0.15686275,0.49411765,0.49215686,48.19730655930181,-25.136381798725516,-6.926816250542577,48.27982072958623,-25.13187810259885,-6.9951907586623365,37.34264352929989,86.56415259925598,0.8007268870118194,1.3330198045790167,0.37312888908783187,195.4065743402363,26.07332877290662
panel_06_down_right,panel_06_down_right__center,panel_06_down_right,center,panel_landmarks,panel_06_down_right__center::gamut_026_m,26,gamut_026_m,m,0.0,1.0,0.0,1.0,0.0,#c31996,0.7647058823529411,0.09803921568627451,0.5882352941176471,44.94517938493525,71.41561872915153,-25.286338363609783,"[[0.8999999999999999, 0.05773502691896262], [0.8999999999999999, 0.0], [1.0, 0.0], [0.95, 0.08660254037844395]]",6,2,2,simple,43,621,269,43,43,43,1.0,0.65,0.65,4,98.0,,0,0.0,#1d6cc2,0.11372549,0.42352942,0.7607843,45.48896662710432,8.747469315007915,-51.38964220567524,45.51767937110372,8.830826176260569,-51.42488971563528,37.75320687178952,67.88943310287223,0.34870489941272825,0.5323738465208837,0.19371864467430425,279.66021399289235,52.128816842935564
panel_06_down_right,panel_06_down_right__center,panel_06_down_right,center,panel_landmarks,panel_06_down_right__center::gamut_027_mmymm,27,gamut_027_mmymm,mmymm,0.0,0.8,0.2,0.9,0.17320508075688773,#cf4078,0.8117647058823529,0.25098039215686274,0.47058823529411764,49.84848124885772,60.188269024954224,0.4786347756794429,"[[0.7750000000000004, 0.12990381056766553], [0.7750000000000004, 0.1299038105676656], [0.8999999999999999, 0.05773502691896262], [0.95, 0.08660254037844393], [0.8875000000000002, 0.19485571585149836]]",6,2,2,simple,47,1162,502,47,47,47,1.0,0.65,0.65,6,98.0,,0,0.0,#4354a2,0.2627451,0.32941177,0.63529414,38.15881420559651,17.69394357426357,-44.335011794668176,38.216340137191544,17.678679117094166,-44.26597511562186,33.022308461317806,62.854426495065184,0.16422375001027822,0.3835911899534556,0.1250320503462853,291.75676411795007,47.735405204550105
panel_06_down_right,panel_06_down_right__center,panel_06_down_right,center,panel_landmarks,panel_06_down_right__center::gamut_028_mmym,28,gamut_028_mmym,mmym,0.0,0.75,0.25,0.875,0.21650635094610965,#d24a70,0.8235294117647058,0.2901960784313726,0.4392156862745098,51.57960032045129,56.37809473471766,7.85956369537153,"[[0.7083333333333333, 0.16839382851364088], [0.708333333333333, 0.1683938285136411], [0.7750000000000006, 0.12990381056766553], [0.7750000000000005, 0.12990381056766556], [0.8875000000000002, 0.19485571585149838], [0.8541666666666666, 0.2525907427704614]]",6,2,2,simple,76,1008,458,76,76,76,1.0,0.65,0.65,5,98.0,,0,0.0,#4a51a0,0.2901961,0.31764707,0.627451,37.63193131287457,20.356335926900336,-43.39682625502239,37.66378000438812,20.336859664376874,-43.68035521512525,33.431592980721106,64.18194519567263,0.3595893502157162,0.6306253601931164,0.22782693246147698,295.130066778574,47.9339643820268
panel_06_down_right,panel_06_down_right__center,panel_06_down_right,center,panel_landmarks,panel_06_down_right__center::gamut_029_mmy,29,gamut_029_mmy,mmy,0.0,0.6666666666666666,0.3333333333333333,0.8333333333333333,0.28867513459481287,#d75b64,0.8431372549019608,0.3568627450980392,0.39215686274509803,54.92109472478978,49.47976671792647,19.744343642877826,"[[0.6333333333333329, 0.21169509870286304], [0.6333333333333332, 0.2116950987028628], [0.708333333333333, 0.16839382851364093], [0.7083333333333333, 0.16839382851364088], [0.8541666666666666, 0.25259074277046145], [0.8166666666666667, 0.3175426480542943]]",6,2,2,simple,72,1453,613,72,72,72,1.0,0.65,0.65,6,98.0,,0,0.0,#534c96,0.3254902,0.29803923,0.5882353,36.298604276161115,23.17483979772353,-40.20481206208196,36.31387902803561,23.035150442196993,-40.17954358389429,36.21349644662935,68.06355559713286,0.2454195176508323,0.5396977588992383,0.1662509432473189,299.9599892999994,46.40581981387121
panel_06_down_right,panel_06_down_right__center,panel_06_down_right,center,panel_landmarks,panel_06_down_right__center::gamut_030_mmymy,30,gamut_030_mmymy,mmymy,0.0,0.6,0.4,0.8,0.34641016151377546,#db685a,0.8588235294117647,0.40784313725490196,0.35294117647058826,57.754183854481255,43.898425701771274,29.352331819167688,"[[0.5500000000000003, 0.2598076211353315], [0.5500000000000003, 0.2598076211353315], [0.6333333333333333, 0.21169509870286285], [0.6333333333333329, 0.21169509870286302], [0.8166666666666665, 0.3175426480542942], [0.775, 0.38971143170299727]]",6,2,2,simple,99,1963,878,99,99,99,1.0,0.65,0.65,7,98.0,,0,0.0,#5b4a93,0.35686275,0.2901961,0.5764706,36.265251567370115,24.79336430060955,-37.61888473503001,36.409970600276075,25.024752072776913,-37.77867506125135,39.709007205068886,72.88292961133938,0.5608821436730415,0.8858698679685193,0.25058936122465786,303.38755726011414,45.05431613120117
