symmetry_strategy,symmetry_key,replicate_count,symmetry_classes,panel_names,sub_gamut_names,region_indices,labels,stack_tokens,fC_median,fM_median,fY_median,measured_L,measured_a,measured_b,measured_R,measured_G,measured_B,measured_hex,replicate_deltaE00_median,replicate_deltaE00_p90,replicate_deltaE00_max,example_global_label
center_replicates,center|c0.000000_m0.000000_y1.000000,6,,panel_01_up_left;panel_02_down;panel_03_up;panel_04_down;panel_05_up;panel_06_down_right,center,6,gamut_006_y,y,0.0,0.0,1.0,49.14455689513648,9.969153619780734,-51.265286476158266,0.10784314,0.39411765,0.73137257,#1c65bb,6.139823664809953,36.75596159207834,36.867404308330876,panel_01_up_left__center::gamut_006_y
center_replicates,center|c0.000000_m0.200000_y0.800000,6,,panel_01_up_left;panel_02_down;panel_03_up;panel_04_down;panel_05_up;panel_06_down_right,center,5,gamut_005_yymyy,yymyy,0.0,0.2,0.8,40.283875450561055,20.087233472279184,-46.31688607529621,0.27058825,0.315686285,0.62352942,#45519f,4.013412313445784,20.582751876361407,20.649681595730176,panel_01_up_left__center::gamut_005_yymyy
center_replicates,center|c0.000000_m0.250000_y0.750000,6,,panel_01_up_left;panel_02_down;panel_03_up;panel_04_down;panel_05_up;panel_06_down_right,center,4,gamut_004_ymyy,ymyy,0.0,0.25,0.75,38.47393513019617,21.61839016636102,-44.01076479769607,0.301960795,0.311764715,0.61372553,#4d509d,3.3439471643771927,16.94105776865041,17.04197975022901,panel_01_up_left__center::gamut_004_ymyy
center_replicates,center|c0.000000_m0.333333_y0.666667,6,,panel_01_up_left;panel_02_down;panel_03_up;panel_04_down;panel_05_up;panel_06_down_right,center,3,gamut_003_myy,myy,0.0,0.3333333333333333,0.6666666666666666,37.3892351703439,24.325182542135437,-41.07505032164506,0.34313726499999997,0.30392158,0.590196105,#584e97,2.459615053292564,10.789013563086531,10.900197325090419,panel_01_up_left__center::gamut_003_myy
center_replicates,center|c0.000000_m0.400000_y0.600000,6,,panel_01_up_left;panel_02_down;panel_03_up;panel_04_down;panel_05_up;panel_06_down_right,center,2,gamut_002_mymyy,mymyy,0.0,0.4,0.6,37.68848769110955,26.80060869959575,-38.358487764533386,0.37843138,0.29411766,0.576470625,#614b93,2.3348812501582747,5.937727954815813,6.305507539658436,panel_01_up_left__center::gamut_002_mymyy
center_replicates,center|c0.000000_m0.500000_y0.500000,6,,panel_01_up_left;panel_02_down;panel_03_up;panel_04_down;panel_05_up;panel_06_down_right,center,1,gamut_001_my,my,0.0,0.5,0.5,35.063389538116155,28.927989466281026,-35.63650763524087,0.382352945,0.26470589,0.54705885,#62448c,0.9526830486962969,3.0358183674177894,4.226455193627092,panel_01_up_left__center::gamut_001_my
center_replicates,center|c0.000000_m0.600000_y0.400000,6,,panel_01_up_left;panel_02_down;panel_03_up;panel_04_down;panel_05_up;panel_06_down_right,center,30,gamut_030_mmymy,mmymy,0.0,0.6,0.4,35.01963601663981,31.668384534374013,-33.8547694147307,0.39411765,0.26078432,0.5431372800000001,#65438b,3.897305089281317,5.467019484619369,5.529473265459833,panel_01_up_left__center::gamut_030_mmymy
center_replicates,center|c0.000000_m0.666667_y0.333333,6,,panel_01_up_left;panel_02_down;panel_03_up;panel_04_down;panel_05_up;panel_06_down_right,center,29,gamut_029_mmy,mmy,0.0,0.6666666666666666,0.3333333333333333,35.15489274278157,33.126547383844446,-30.664697454557608,0.40588236,0.26470589499999997,0.5490196300000001,#68448c,5.294673561581298,9.695746820040778,9.79063888816424,panel_01_up_left__center::gamut_029_mmy
center_replicates,center|c0.000000_m0.750000_y0.250000,6,,panel_01_up_left;panel_02_down;panel_03_up;panel_04_down;panel_05_up;panel_06_down_right,center,28,gamut_028_mmym,mmym,0.0,0.75,0.25,36.309910370700365,37.08629891859468,-27.097264113889494,0.43921568499999997,0.27450982,0.550980425,#70468d,6.185830921854329,15.857151329927493,15.893692150137667,panel_01_up_left__center::gamut_028_mmym
center_replicates,center|c0.000000_m0.800000_y0.200000,6,,panel_01_up_left;panel_02_down;panel_03_up;panel_04_down;panel_05_up;panel_06_down_right,center,27,gamut_027_mmymm,mmymm,0.0,0.8,0.2,36.788918828715964,38.80205092970712,-24.063014103517155,0.454901965,0.28039217,0.54705885,#74488c,7.027377545740622,19.654099552150747,19.793463145064425,panel_01_up_left__center::gamut_027_mmymm
center_replicates,center|c0.000000_m1.000000_y0.000000,6,,panel_01_up_left;panel_02_down;panel_03_up;panel_04_down;panel_05_up;panel_06_down_right,center,26,gamut_026_m,m,0.0,1.0,0.0,44.38535959635321,54.93903521600259,-11.552803700313962,0.6529412,0.26470588500000003,0.5372549499999999,#a74489,7.313502991428198,36.2519396145658,36.62461480244154,panel_01_up_left__center::gamut_026_m
center_replicates,center|c0.200000_m0.000000_y0.800000,6,,panel_01_up_left;panel_02_down;panel_03_up;panel_04_down;panel_05_up;panel_06_down_right,center,7,gamut_007_yycyy,yycyy,0.2,0.0,0.8,51.420263095801005,-24.81250242678319,-6.261621885522828,0.16078431999999998,0.47254902,0.47843137,#29797a,5.5921900677969365,51.367942645913914,51.67413096265469,panel_01_up_left__center::gamut_007_yycyy
center_replicates,center|c0.200000_m0.800000_y0.000000,6,,panel_01_up_left;panel_02_down;panel_03_up;panel_04_down;panel_05_up;panel_06_down_right,center,25,gamut_025_mmcmm,mmcmm,0.2,0.8,0.0,46.830942020791696,47.442657607161124,8.155093052900696,0.6686274999999999,0.33725490999999996,0.441176475,#ab5671,7.844218309905173,51.92284841829748,52.17991241760066,panel_01_up_left__center::gamut_025_mmcmm
center_replicates,center|c0.250000_m0.000000_y0.750000,6,,panel_01_up_left;panel_02_down;panel_03_up;panel_04_down;panel_05_up;panel_06_down_right,center,8,gamut_008_ycyy,ycyy,0.25,0.0,0.75,51.8456434931891,-29.84974852253142,1.7866238269462098,0.16862745499999998,0.5019608,0.450980395,#2b8073,5.6246006713037024,54.4324456443947,54.55048373800051,panel_01_up_left__center::gamut_008_ycyy
center_replicates,center|c0.250000_m0.750000_y0.000000,6,,panel_01_up_left;panel_02_down;panel_03_up;panel_04_down;panel_05_up;panel_06_down_right,center,24,gamut_024_mcmm,mcmm,0.25,0.75,0.0,48.0018705308492,45.46074889503156,13.234867170652477,0.694117675,0.354901965,0.409803925,#b15b69,7.0190111146890395,53.85531000464658,54.08139252161513,panel_01_up_left__center::gamut_024_mcmm
center_replicates,center|c0.333333_m0.000000_y0.666667,6,,panel_01_up_left;panel_02_down;panel_03_up;panel_04_down;panel_05_up;panel_06_down_right,center,9,gamut_009_cyy,cyy,0.3333333333333333,0.0,0.6666666666666666,53.022758878839866,-36.76958235476678,14.393262865012716,0.19411765,0.5294118,0.38039216,#328761,5.567741893379376,56.58994906358129,56.68061637431006,panel_01_up_left__center::gamut_009_cyy
center_replicates,center|c0.333333_m0.666667_y0.000000,6,,panel_01_up_left;panel_02_down;panel_03_up;panel_04_down;panel_05_up;panel_06_down_right,center,23,gamut_023_cmm,cmm,0.3333333333333333,0.6666666666666666,0.0,49.92132892857677,41.642995563032116,20.53461964138627,0.7176470699999999,0.37843138,0.35098039999999997,#b7615a,5.743006609360098,55.81195360166626,56.12728176201617,panel_01_up_left__center::gamut_023_cmm
center_replicates,center|c0.400000_m0.000000_y0.600000,6,,panel_01_up_left;panel_02_down;panel_03_up;panel_04_down;panel_05_up;panel_06_down_right,center,10,gamut_010_cycyy,cycyy,0.4,0.0,0.6,52.95171827411797,-39.53239094473919,21.78744089065666,0.21764706,0.54509805,0.33725490999999996,#388b56,5.730915595988581,56.05305381034523,56.07977901031075,panel_01_up_left__center::gamut_010_cycyy
center_replicates,center|c0.400000_m0.600000_y0.000000,6,,panel_01_up_left;panel_02_down;panel_03_up;panel_04_down;panel_05_up;panel_06_down_right,center,22,gamut_022_cmcmm,cmcmm,0.4,0.6,0.0,50.81197292984707,38.94051542140892,23.753916962757962,0.73137255,0.40000000999999996,0.3254902,#bb6653,5.360517047588772,55.05792631405645,55.245181792062226,panel_01_up_left__center::gamut_022_cmcmm
center_replicates,center|c0.500000_m0.000000_y0.500000,6,,panel_01_up_left;panel_02_down;panel_03_up;panel_04_down;panel_05_up;panel_06_down_right,center,11,gamut_011_cy,cy,0.5,0.0,0.5,52.70064372681307,-42.369876633532726,30.82365003837509,0.25490197000000003,0.556862765,0.280392175,#418e48,8.28173741803984,54.23259723667023,54.277193363197746,panel_01_up_left__center::gamut_011_cy
center_replicates,center|c0.500000_m0.500000_y0.000000,6,,panel_01_up_left;panel_02_down;panel_03_up;panel_04_down;panel_05_up;panel_06_down_right,center,21,gamut_021_cm,cm,0.5,0.5,0.0,53.18243779243703,36.74889516560043,30.84781438174395,0.7490196,0.43529412,0.28235296,#bf6f48,5.160944295940425,53.841745295106385,54.26530476398444,panel_01_up_left__center::gamut_021_cm
center_replicates,center|c0.600000_m0.000000_y0.400000,6,,panel_01_up_left;panel_02_down;panel_03_up;panel_04_down;panel_05_up;panel_06_down_right,center,12,gamut_012_ccycy,ccycy,0.6,0.0,0.4,53.66324125278612,-42.16742828353036,38.80569699535659,0.31764707000000003,0.56470592,0.25490196,#519041,9.369139853914715,50.108366876486905,50.158966351738755,panel_01_up_left__center::gamut_012_ccycy
center_replicates,center|c0.600000_m0.400000_y0.000000,6,,panel_01_up_left;panel_02_down;panel_03_up;panel_04_down;panel_05_up;panel_06_down_right,center,20,gamut_020_ccmcm,ccmcm,0.6,0.4,0.0,55.30192127144354,31.468236659737663,37.77686492959699,0.756862755,0.492156875,0.252941185,#c17e41,5.844947854740939,48.578238157782316,48.93931120705246,panel_01_up_left__center::gamut_020_ccmcm
center_replicates,center|c0.666667_m0.000000_y0.333333,6,,panel_01_up_left;panel_02_down;panel_03_up;panel_04_down;panel_05_up;panel_06_down_right,center,13,gamut_013_ccy,ccy,0.6666666666666666,0.0,0.3333333333333333,56.43015557480159,-41.18754449665404,43.29006658806266,0.374509815,0.57058825,0.24509804000000002,#60923f,8.560035083467344,46.035051177094374,46.22473246957058,panel_01_up_left__center::gamut_013_ccy
center_replicates,center|c0.666667_m0.333333_y0.000000,6,,panel_01_up_left;panel_02_down;panel_03_up;panel_04_down;panel_05_up;panel_06_down_right,center,19,gamut_019_ccm,ccm,0.6666666666666666,0.3333333333333333,0.0,58.08527888220062,27.369587774580204,42.39303473636045,0.7568627649999999,0.531372585,0.23039216,#c1883b,6.682493848981739,44.17729630327875,44.36488233881081,panel_01_up_left__center::gamut_019_ccm
center_replicates,center|c0.750000_m0.000000_y0.250000,6,,panel_01_up_left;panel_02_down;panel_03_up;panel_04_down;panel_05_up;panel_06_down_right,center,14,gamut_014_ccyc,ccyc,0.75,0.0,0.25,61.81868688239108,-38.46356165275883,52.44812362242273,0.474509805,0.588235335,0.20784313999999998,#799635,7.6348307487351565,37.51996102674985,37.778260149602986,panel_01_up_left__center::gamut_014_ccyc
center_replicates,center|c0.750000_m0.250000_y0.000000,6,,panel_01_up_left;panel_02_down;panel_03_up;panel_04_down;panel_05_up;panel_06_down_right,center,18,gamut_018_ccmc,ccmc,0.75,0.25,0.0,62.64745067425561,19.25002513204656,52.31221626082488,0.76078432,0.6019608000000001,0.20392157,#c29a34,9.176208198977214,35.09067674169606,35.108943439987364,panel_01_up_left__center::gamut_018_ccmc
center_replicates,center|c0.800000_m0.000000_y0.200000,6,,panel_01_up_left;panel_02_down;panel_03_up;panel_04_down;panel_05_up;panel_06_down_right,center,15,gamut_015_ccycc,ccycc,0.8,0.0,0.2,63.58394732757223,-36.09422837389317,56.476427841424446,0.5196078799999999,0.5960784699999999,0.15882353500000002,#859829,8.041434792499834,32.64438643277737,32.712086651223814,panel_01_up_left__center::gamut_015_ccycc
center_replicates,center|c0.800000_m0.200000_y0.000000,6,,panel_01_up_left;panel_02_down;panel_03_up;panel_04_down;panel_05_up;panel_06_down_right,center,17,gamut_017_ccmcc,ccmcc,0.8,0.2,0.0,65.2724006684744,13.703709573516477,58.11895700682219,0.747058835,0.62941177,0.176470595,#bfa12d,10.715505889641733,29.35405322082329,29.40745413192246,panel_01_up_left__center::gamut_017_ccmcc
center_replicates,center|c1.000000_m0.000000_y0.000000,6,,panel_01_up_left;panel_02_down;panel_03_up;panel_04_down;panel_05_up;panel_06_down_right,center,16,gamut_016_c,c,1.0,0.0,0.0,85.10981398374409,-11.58639780178064,83.19806019285876,0.911764715,0.845098035,0.0627451,#e9d710,1.728600140890101,5.618357808410394,6.471703344441217,panel_01_up_left__center::gamut_016_c
center_replicates,panel_01_up_left|corner_1|c0.000000_m0.000000_y1.000000,1,,panel_01_up_left,corner_1,6,gamut_006_y,y,0.0,0.0,1.0,44.7673883560852,9.261668081506135,-51.51657781151893,0.101960786,0.41568628,0.75686276,#1a6ac1,0.0,0.0,0.0,panel_01_up_left__corner_1::gamut_006_y
center_replicates,panel_01_up_left|corner_1|c0.000000_m0.200000_y0.800000,1,,panel_01_up_left,corner_1,5,gamut_005_yymyy,yymyy,0.0,0.2,0.8,47.894824178318736,-22.19633388432468,-11.67830473894349,0.15686275,0.49019608,0.52156866,#287d85,0.0,0.0,0.0,panel_01_up_left__corner_1::gamut_005_yymyy
center_replicates,panel_01_up_left|corner_1|c0.000000_m0.250000_y0.750000,1,,panel_01_up_left,corner_1,4,gamut_004_ymyy,ymyy,0.0,0.25,0.75,49.26412708486061,-27.431907553476965,-2.67774973631063,0.17254902,0.50980395,0.4745098,#2c8279,0.0,0.0,0.0,panel_01_up_left__corner_1::gamut_004_ymyy
center_replicates,panel_01_up_left|corner_1|c0.000000_m0.333333_y0.666667,1,,panel_01_up_left,corner_1,3,gamut_003_myy,myy,0.0,0.3333333333333333,0.6666666666666666,51.70004320635043,-34.52847146063354,10.640722590302245,0.2,0.5411765,0.40784314,#338a68,0.0,0.0,0.0,panel_01_up_left__corner_1::gamut_003_myy
center_replicates,panel_01_up_left|corner_1|c0.000000_m0.400000_y0.600000,1,,panel_01_up_left,corner_1,2,gamut_002_mymyy,mymyy,0.0,0.4,0.6,54.023774570927685,-37.37832362006829,19.099879989865453,0.23529412,0.5686275,0.37254903,#3c915f,0.0,0.0,0.0,panel_01_up_left__corner_1::gamut_002_mymyy
center_replicates,panel_01_up_left|corner_1|c0.000000_m0.500000_y0.500000,1,,panel_01_up_left,corner_1,1,gamut_001_my,my,0.0,0.5,0.5,56.718750473583526,-41.36772292460067,32.39266404472271,0.2784314,0.6,0.29803923,#47994c,0.0,0.0,0.0,panel_01_up_left__corner_1::gamut_001_my
center_replicates,panel_01_up_left|corner_1|c0.000000_m0.600000_y0.400000,1,,panel_01_up_left,corner_1,30,gamut_030_mmymy,mmymy,0.0,0.6,0.4,60.79639994641086,-42.1589049416678,38.99568369415779,0.3372549,0.6431373,0.2901961,#56a44a,0.0,0.0,0.0,panel_01_up_left__corner_1::gamut_030_mmymy
center_replicates,panel_01_up_left|corner_1|c0.000000_m0.666667_y0.333333,1,,panel_01_up_left,corner_1,29,gamut_029_mmy,mmy,0.0,0.6666666666666666,0.3333333333333333,63.91244625599518,-41.43680629338451,45.418920938732,0.39215687,0.6745098,0.27058825,#64ac45,0.0,0.0,0.0,panel_01_up_left__corner_1::gamut_029_mmy
center_replicates,panel_01_up_left|corner_1|c0.000000_m0.750000_y0.250000,1,,panel_01_up_left,corner_1,28,gamut_028_mmym,mmym,0.0,0.75,0.25,68.10036793544168,-39.28149698349348,53.98974213079784,0.4764706,0.7156863,0.23333333,#7ab73b,0.0,0.0,0.0,panel_01_up_left__corner_1::gamut_028_mmym
center_replicates,panel_01_up_left|corner_1|c0.000000_m0.800000_y0.200000,1,,panel_01_up_left,corner_1,27,gamut_027_mmymm,mmymm,0.0,0.8,0.2,71.22282969561071,-37.59202725942229,61.495374685515245,0.5411765,0.74509805,0.19215687,#8abe31,0.0,0.0,0.0,panel_01_up_left__corner_1::gamut_027_mmymm
center_replicates,panel_01_up_left|corner_1|c0.000000_m1.000000_y0.000000,1,,panel_01_up_left,corner_1,26,gamut_026_m,m,0.0,1.0,0.0,88.5969017779276,-12.789278902652246,86.31269482539292,0.9490196,0.8862745,0.06666667,#f2e211,0.0,0.0,0.0,panel_01_up_left__corner_1::gamut_026_m
center_replicates,panel_01_up_left|corner_1|c0.200000_m0.000000_y0.800000,1,,panel_01_up_left,corner_1,7,gamut_007_yycyy,yycyy,0.2,0.0,0.8,45.48885392222044,-16.208877421336144,-22.126883354234494,0.08235294,0.45882353,0.5647059,#157590,0.0,0.0,0.0,panel_01_up_left__corner_1::gamut_007_yycyy
center_replicates,panel_01_up_left|corner_1|c0.200000_m0.800000_y0.000000,1,,panel_01_up_left,corner_1,25,gamut_025_mmcmm,mmcmm,0.2,0.8,0.0,74.0001958902483,-45.361463300268966,72.44612461297943,0.52156866,0.7882353,0.047058824,#85c90c,0.0,0.0,0.0,panel_01_up_left__corner_1::gamut_025_mmcmm
center_replicates,panel_01_up_left|corner_1|c0.250000_m0.000000_y0.750000,1,,panel_01_up_left,corner_1,8,gamut_008_ycyy,ycyy,0.25,0.0,0.75,44.589162173705326,-20.780730183693585,-15.17752765209015,0.078431375,0.45490196,0.50980395,#147482,0.0,0.0,0.0,panel_01_up_left__corner_1::gamut_008_ycyy
center_replicates,panel_01_up_left|corner_1|c0.250000_m0.750000_y0.000000,1,,panel_01_up_left,corner_1,24,gamut_024_mcmm,mcmm,0.25,0.75,0.0,71.05188290767204,-49.04715105631146,69.11908410311631,0.4509804,0.7607843,0.0627451,#73c210,0.0,0.0,0.0,panel_01_up_left__corner_1::gamut_024_mcmm
center_replicates,panel_01_up_left|corner_1|c0.333333_m0.000000_y0.666667,1,,panel_01_up_left,corner_1,9,gamut_009_cyy,cyy,0.3333333333333333,0.0,0.6666666666666666,44.05471368074927,-25.685429470961445,-6.9803014595476665,0.08235294,0.45490196,0.4509804,#157473,0.0,0.0,0.0,panel_01_up_left__corner_1::gamut_009_cyy
center_replicates,panel_01_up_left|corner_1|c0.333333_m0.666667_y0.000000,1,,panel_01_up_left,corner_1,23,gamut_023_cmm,cmm,0.3333333333333333,0.6666666666666666,0.0,66.79250694038737,-53.30759318807687,64.08239984644058,0.34509805,0.72156864,0.08235294,#58b815,0.0,0.0,0.0,panel_01_up_left__corner_1::gamut_023_cmm
center_replicates,panel_01_up_left|corner_1|c0.400000_m0.000000_y0.600000,1,,panel_01_up_left,corner_1,10,gamut_010_cycyy,cycyy,0.4,0.0,0.6,43.76896986522904,-28.67626716767677,-2.041967797411937,0.078431375,0.45490196,0.41568628,#14746a,0.0,0.0,0.0,panel_01_up_left__corner_1::gamut_010_cycyy
center_replicates,panel_01_up_left|corner_1|c0.400000_m0.600000_y0.000000,1,,panel_01_up_left,corner_1,22,gamut_022_cmcmm,cmcmm,0.4,0.6,0.0,63.16919793094597,-53.68815743820565,60.40968204103989,0.28627452,0.68235296,0.09019608,#49ae17,0.0,0.0,0.0,panel_01_up_left__corner_1::gamut_022_cmcmm
center_replicates,panel_01_up_left|corner_1|c0.500000_m0.000000_y0.500000,1,,panel_01_up_left,corner_1,11,gamut_011_cy,cy,0.5,0.0,0.5,44.68240006976932,-34.11162753443145,6.609467525226743,0.07058824,0.47058824,0.3647059,#12785d,0.0,0.0,0.0,panel_01_up_left__corner_1::gamut_011_cy
center_replicates,panel_01_up_left|corner_1|c0.500000_m0.500000_y0.000000,1,,panel_01_up_left,corner_1,21,gamut_021_cm,cm,0.5,0.5,0.0,58.607807452005886,-54.405978543976495,54.57359176578747,0.2,0.63529414,0.10980392,#33a21c,0.0,0.0,0.0,panel_01_up_left__corner_1::gamut_021_cm
center_replicates,panel_01_up_left|corner_1|c0.600000_m0.000000_y0.400000,1,,panel_01_up_left,corner_1,12,gamut_012_ccycy,ccycy,0.6,0.0,0.4,43.03192084574044,-36.18550765696635,12.368302621676165,0.0627451,0.45490196,0.3137255,#107450,0.0,0.0,0.0,panel_01_up_left__corner_1::gamut_012_ccycy
center_replicates,panel_01_up_left|corner_1|c0.600000_m0.400000_y0.000000,1,,panel_01_up_left,corner_1,20,gamut_020_ccmcm,ccmcm,0.6,0.4,0.0,54.30579057790891,-52.85988535703643,50.17127579161024,0.14509805,0.5882353,0.11372549,#25961d,0.0,0.0,0.0,panel_01_up_left__corner_1::gamut_020_ccmcm
center_replicates,panel_01_up_left|corner_1|c0.666667_m0.000000_y0.333333,1,,panel_01_up_left,corner_1,13,gamut_013_ccy,ccy,0.6666666666666666,0.0,0.3333333333333333,42.17930537871906,-36.747318861755446,14.282091120540352,0.05490196,0.44705883,0.2901961,#0e724a,0.0,0.0,0.0,panel_01_up_left__corner_1::gamut_013_ccy
center_replicates,panel_01_up_left|corner_1|c0.666667_m0.333333_y0.000000,1,,panel_01_up_left,corner_1,19,gamut_019_ccm,ccm,0.6666666666666666,0.3333333333333333,0.0,51.20885370761573,-50.89567377737406,47.05617510103542,0.1254902,0.5529412,0.11764706,#208d1e,0.0,0.0,0.0,panel_01_up_left__corner_1::gamut_019_ccm
center_replicates,panel_01_up_left|corner_1|c0.750000_m0.000000_y0.250000,1,,panel_01_up_left,corner_1,14,gamut_014_ccyc,ccyc,0.75,0.0,0.25,42.38617838662894,-38.52868199214859,18.67843226059149,0.05882353,0.4509804,0.2627451,#0f7343,0.0,0.0,0.0,panel_01_up_left__corner_1::gamut_014_ccyc
center_replicates,panel_01_up_left|corner_1|c0.750000_m0.250000_y0.000000,1,,panel_01_up_left,corner_1,18,gamut_018_ccmc,ccmc,0.75,0.25,0.0,48.36014707758483,-49.23008124381997,43.40328889697525,0.09019608,0.52156866,0.1254902,#178520,0.0,0.0,0.0,panel_01_up_left__corner_1::gamut_018_ccmc
center_replicates,panel_01_up_left|corner_1|c0.800000_m0.000000_y0.200000,1,,panel_01_up_left,corner_1,15,gamut_015_ccycc,ccycc,0.8,0.0,0.2,41.56133030717621,-40.163264280520224,23.100411654463212,0.050980393,0.44313726,0.22745098,#0d713a,0.0,0.0,0.0,panel_01_up_left__corner_1::gamut_015_ccycc
center_replicates,panel_01_up_left|corner_1|c0.800000_m0.200000_y0.000000,1,,panel_01_up_left,corner_1,17,gamut_017_ccmcc,ccmcc,0.8,0.2,0.0,46.62494059502802,-47.81786076348845,40.80777344737944,0.08627451,0.5019608,0.13725491,#168023,0.0,0.0,0.0,panel_01_up_left__corner_1::gamut_017_ccmcc
center_replicates,panel_01_up_left|corner_1|c1.000000_m0.000000_y0.000000,1,,panel_01_up_left,corner_1,16,gamut_016_c,c,1.0,0.0,0.0,42.00260726523239,-43.42510516907178,30.57535054727476,0.03137255,0.4509804,0.1764706,#08732d,0.0,0.0,0.0,panel_01_up_left__corner_1::gamut_016_c
center_replicates,panel_01_up_left|corner_2|c0.000000_m0.000000_y1.000000,1,,panel_01_up_left,corner_2,6,gamut_006_y,y,0.0,0.0,1.0,49.00589978936175,59.9742278607559,-13.594388567494953,0.7764706,0.2509804,0.5529412,#c6408d,0.0,0.0,0.0,panel_01_up_left__corner_2::gamut_006_y
center_replicates,panel_01_up_left|corner_2|c0.000000_m0.200000_y0.800000,1,,panel_01_up_left,corner_2,5,gamut_005_yymyy,yymyy,0.0,0.2,0.8,41.23316425873705,36.20309216961616,-10.377540977282258,0.5686275,0.28627452,0.4509804,#914973,0.0,0.0,0.0,panel_01_up_left__corner_2::gamut_005_yymyy
center_replicates,panel_01_up_left|corner_2|c0.000000_m0.250000_y0.750000,1,,panel_01_up_left,corner_2,4,gamut_004_ymyy,ymyy,0.0,0.25,0.75,39.74939315258016,29.499778477340143,-7.613832863490344,0.5254902,0.29411766,0.41960785,#864b6b,0.0,0.0,0.0,panel_01_up_left__corner_2::gamut_004_ymyy
center_replicates,panel_01_up_left|corner_2|c0.000000_m0.333333_y0.666667,1,,panel_01_up_left,corner_2,3,gamut_003_myy,myy,0.0,0.3333333333333333,0.6666666666666666,38.00963340581353,20.18234345124029,-3.684086801283786,0.46666667,0.3019608,0.3764706,#774d60,0.0,0.0,0.0,panel_01_up_left__corner_2::gamut_003_myy
center_replicates,panel_01_up_left|corner_2|c0.000000_m0.400000_y0.600000,1,,panel_01_up_left,corner_2,2,gamut_002_mymyy,mymyy,0.0,0.4,0.6,37.76275003727712,13.432365379311806,-0.6887008902068725,0.42941177,0.31764707,0.3529412,#6e515a,0.0,0.0,0.0,panel_01_up_left__corner_2::gamut_002_mymyy
center_replicates,panel_01_up_left|corner_2|c0.000000_m0.500000_y0.500000,1,,panel_01_up_left,corner_2,1,gamut_001_my,my,0.0,0.5,0.5,36.71136960100618,3.722094680174232,3.245565652968213,0.37254903,0.32941177,0.31764707,#5f5451,0.0,0.0,0.0,panel_01_up_left__corner_2::gamut_001_my
center_replicates,panel_01_up_left|corner_2|c0.000000_m0.600000_y0.400000,1,,panel_01_up_left,corner_2,30,gamut_030_mmymy,mmymy,0.0,0.6,0.4,36.31010928746886,-3.470770456620448,5.987487583511353,0.3254902,0.34117648,0.29803923,#53574c,0.0,0.0,0.0,panel_01_up_left__corner_2::gamut_030_mmymy
center_replicates,panel_01_up_left|corner_2|c0.000000_m0.666667_y0.333333,1,,panel_01_up_left,corner_2,29,gamut_029_mmy,mmy,0.0,0.6666666666666666,0.3333333333333333,36.19210549130827,-9.148001209893536,8.074399106839913,0.29411766,0.34901962,0.28235295,#4b5948,0.0,0.0,0.0,panel_01_up_left__corner_2::gamut_029_mmy
center_replicates,panel_01_up_left|corner_2|c0.000000_m0.750000_y0.250000,1,,panel_01_up_left,corner_2,28,gamut_028_mmym,mmym,0.0,0.75,0.25,36.47592738300606,-17.10103976384694,11.515214998897472,0.24705882,0.3647059,0.2627451,#3f5d43,0.0,0.0,0.0,panel_01_up_left__corner_2::gamut_028_mmym
center_replicates,panel_01_up_left|corner_2|c0.000000_m0.800000_y0.200000,1,,panel_01_up_left,corner_2,27,gamut_027_mmymm,mmymm,0.0,0.8,0.2,36.83377468181716,-24.49320564942084,16.447337816613395,0.2,0.3764706,0.23137255,#33603b,0.0,0.0,0.0,panel_01_up_left__corner_2::gamut_027_mmymm
center_replicates,panel_01_up_left|corner_2|c0.000000_m1.000000_y0.000000,1,,panel_01_up_left,corner_2,26,gamut_026_m,m,0.0,1.0,0.0,48.76604296156992,-47.92355201037432,31.656872959207085,0.02745098,0.5254902,0.22745098,#07863a,0.0,0.0,0.0,panel_01_up_left__corner_2::gamut_026_m
center_replicates,panel_01_up_left|corner_2|c0.200000_m0.000000_y0.800000,1,,panel_01_up_left,corner_2,7,gamut_007_yycyy,yycyy,0.2,0.0,0.8,52.61288350166974,50.45067289907662,4.7301307534519,0.8,0.32941177,0.46666667,#cc5477,0.0,0.0,0.0,panel_01_up_left__corner_2::gamut_007_yycyy
center_replicates,panel_01_up_left|corner_2|c0.200000_m0.800000_y0.000000,1,,panel_01_up_left,corner_2,25,gamut_025_mmcmm,mmcmm,0.2,0.8,0.0,55.580993382758265,-54.881019601924265,43.64939639090048,0.07647059,0.6039216,0.19803922,#149a33,0.0,0.0,0.0,panel_01_up_left__corner_2::gamut_025_mmcmm
center_replicates,panel_01_up_left|corner_2|c0.250000_m0.000000_y0.750000,1,,panel_01_up_left,corner_2,8,gamut_008_ycyy,ycyy,0.25,0.0,0.75,54.14264937036479,47.858645388097145,10.81142674433766,0.8156863,0.35686275,0.44313726,#d05b71,0.0,0.0,0.0,panel_01_up_left__corner_2::gamut_008_ycyy
center_replicates,panel_01_up_left|corner_2|c0.250000_m0.750000_y0.000000,1,,panel_01_up_left,corner_2,24,gamut_024_mcmm,mcmm,0.25,0.75,0.0,58.28818629166079,-57.15927226772352,47.88560052336757,0.09803922,0.63529414,0.18431373,#19a22f,0.0,0.0,0.0,panel_01_up_left__corner_2::gamut_024_mcmm
center_replicates,panel_01_up_left|corner_2|c0.333333_m0.000000_y0.666667,1,,panel_01_up_left,corner_2,9,gamut_009_cyy,cyy,0.3333333333333333,0.0,0.6666666666666666,55.883251032713446,44.71711073913232,17.603313425056164,0.827451,0.3882353,0.41568628,#d3636a,0.0,0.0,0.0,panel_01_up_left__corner_2::gamut_009_cyy
center_replicates,panel_01_up_left|corner_2|c0.333333_m0.666667_y0.000000,1,,panel_01_up_left,corner_2,23,gamut_023_cmm,cmm,0.3333333333333333,0.6666666666666666,0.0,61.35599079846739,-58.90572228922769,52.58041330780283,0.14117648,0.67058825,0.16862746,#24ab2b,0.0,0.0,0.0,panel_01_up_left__corner_2::gamut_023_cmm
center_replicates,panel_01_up_left|corner_2|c0.400000_m0.000000_y0.600000,1,,panel_01_up_left,corner_2,10,gamut_010_cycyy,cycyy,0.4,0.0,0.6,56.81001649835859,40.40701859774087,22.54921322456089,0.81960785,0.4117647,0.3882353,#d16963,0.0,0.0,0.0,panel_01_up_left__corner_2::gamut_010_cycyy
center_replicates,panel_01_up_left|corner_2|c0.400000_m0.600000_y0.000000,1,,panel_01_up_left,corner_2,22,gamut_022_cmcmm,cmcmm,0.4,0.6,0.0,63.46947282553418,-59.89833938565639,55.933416632651664,0.17450981,0.69411767,0.15490197,#2db128,0.0,0.0,0.0,panel_01_up_left__corner_2::gamut_022_cmcmm
center_replicates,panel_01_up_left|corner_2|c0.500000_m0.000000_y0.500000,1,,panel_01_up_left,corner_2,11,gamut_011_cy,cy,0.5,0.0,0.5,58.7641824060006,36.18031519847997,30.33532655355953,0.83137256,0.44705883,0.35686275,#d4725b,0.0,0.0,0.0,panel_01_up_left__corner_2::gamut_011_cy
center_replicates,panel_01_up_left|corner_2|c0.500000_m0.500000_y0.000000,1,,panel_01_up_left,corner_2,21,gamut_021_cm,cm,0.5,0.5,0.0,65.93589884794737,-60.31499592824202,59.8391007782018,0.22352941,0.72156864,0.13333334,#39b822,0.0,0.0,0.0,panel_01_up_left__corner_2::gamut_021_cm
center_replicates,panel_01_up_left|corner_2|c0.600000_m0.000000_y0.400000,1,,panel_01_up_left,corner_2,12,gamut_012_ccycy,ccycy,0.6,0.0,0.4,62.14225043032455,32.24013424089445,34.8509125349559,0.85490197,0.49411765,0.3529412,#da7e5a,0.0,0.0,0.0,panel_01_up_left__corner_2::gamut_012_ccycy
center_replicates,panel_01_up_left|corner_2|c0.600000_m0.400000_y0.000000,1,,panel_01_up_left,corner_2,20,gamut_020_ccmcm,ccmcm,0.6,0.4,0.0,68.46753323275631,-57.99930194944619,63.81419383175464,0.3019608,0.74509805,0.10980392,#4dbe1c,0.0,0.0,0.0,panel_01_up_left__corner_2::gamut_020_ccmcm
center_replicates,panel_01_up_left|corner_2|c0.666667_m0.000000_y0.333333,1,,panel_01_up_left,corner_2,13,gamut_013_ccy,ccy,0.6666666666666666,0.0,0.3333333333333333,65.00790231312376,26.715084862246226,42.064199639939964,0.8666667,0.5392157,0.32941177,#dd8a54,0.0,0.0,0.0,panel_01_up_left__corner_2::gamut_013_ccy
center_replicates,panel_01_up_left|corner_2|c0.666667_m0.333333_y0.000000,1,,panel_01_up_left,corner_2,19,gamut_019_ccm,ccm,0.6666666666666666,0.3333333333333333,0.0,70.74192747904553,-56.80022118101119,67.20791005873403,0.35686275,0.76862746,0.09019608,#5bc417,0.0,0.0,0.0,panel_01_up_left__corner_2::gamut_019_ccm
center_replicates,panel_01_up_left|corner_2|c0.750000_m0.000000_y0.250000,1,,panel_01_up_left,corner_2,14,gamut_014_ccyc,ccyc,0.75,0.0,0.25,68.78234026073861,19.53270726960405,51.4626661179057,0.8803922,0.59607846,0.28627452,#e19849,0.0,0.0,0.0,panel_01_up_left__corner_2::gamut_014_ccyc
center_replicates,panel_01_up_left|corner_2|c0.750000_m0.250000_y0.000000,1,,panel_01_up_left,corner_2,18,gamut_018_ccmc,ccmc,0.75,0.25,0.0,73.28350321774506,-50.853397494177166,70.92369203504657,0.45882353,0.7882353,0.068627454,#75c912,0.0,0.0,0.0,panel_01_up_left__corner_2::gamut_018_ccmc
center_replicates,panel_01_up_left|corner_2|c0.800000_m0.000000_y0.200000,1,,panel_01_up_left,corner_2,15,gamut_015_ccycc,ccycc,0.8,0.0,0.2,71.76222487252664,14.851922795172388,56.835722279337446,0.89411765,0.64117646,0.27058825,#e4a345,0.0,0.0,0.0,panel_01_up_left__corner_2::gamut_015_ccycc
center_replicates,panel_01_up_left|corner_2|c0.800000_m0.200000_y0.000000,1,,panel_01_up_left,corner_2,17,gamut_017_ccmcc,ccmcc,0.8,0.2,0.0,75.57973024180683,-45.93636388610811,73.66884814556423,0.5352942,0.80588233,0.047058824,#89cd0c,0.0,0.0,0.0,panel_01_up_left__corner_2::gamut_017_ccmcc
center_replicates,panel_01_up_left|corner_2|c1.000000_m0.000000_y0.000000,1,,panel_01_up_left,corner_2,16,gamut_016_c,c,1.0,0.0,0.0,88.93675367632886,-12.45141241170733,86.62693125271073,0.9529412,0.8901961,0.0627451,#f3e310,0.0,0.0,0.0,panel_01_up_left__corner_2::gamut_016_c
center_replicates,panel_01_up_left|corner_3|c0.000000_m0.000000_y1.000000,1,,panel_01_up_left,corner_3,6,gamut_006_y,y,0.0,0.0,1.0,40.49927695094152,-42.678390987136105,29.97908244724251,0.015686275,0.43529412,0.16862746,#046f2b,0.0,0.0,0.0,panel_01_up_left__corner_3::gamut_006_y
center_replicates,panel_01_up_left|corner_3|c0.000000_m0.200000_y0.800000,1,,panel_01_up_left,corner_3,5,gamut_005_yymyy,yymyy,0.0,0.2,0.8,28.570664524557664,-20.18227658625066,14.030759718522637,0.15686275,0.29411766,0.1764706,#284b2d,0.0,0.0,0.0,panel_01_up_left__corner_3::gamut_005_yymyy
center_replicates,panel_01_up_left|corner_3|c0.000000_m0.250000_y0.750000,1,,panel_01_up_left,corner_3,4,gamut_004_ymyy,ymyy,0.0,0.25,0.75,29.19755526245736,-16.053966189182756,12.400113874493137,0.19215687,0.29411766,0.19215687,#314b31,0.0,0.0,0.0,panel_01_up_left__corner_3::gamut_004_ymyy
center_replicates,panel_01_up_left|corner_3|c0.000000_m0.333333_y0.666667,1,,panel_01_up_left,corner_3,3,gamut_003_myy,myy,0.0,0.3333333333333333,0.6666666666666666,29.190080415938404,-7.995036411514834,8.152853141796756,0.23921569,0.28235295,0.21960784,#3d4838,0.0,0.0,0.0,panel_01_up_left__corner_3::gamut_003_myy
center_replicates,panel_01_up_left|corner_3|c0.000000_m0.400000_y0.600000,1,,panel_01_up_left,corner_3,2,gamut_002_mymyy,mymyy,0.0,0.4,0.6,31.36466611372005,-2.679252686188738,6.270805980896377,0.28627452,0.29411766,0.2509804,#494b40,0.0,0.0,0.0,panel_01_up_left__corner_3::gamut_002_mymyy
center_replicates,panel_01_up_left|corner_3|c0.000000_m0.500000_y0.500000,1,,panel_01_up_left,corner_3,1,gamut_001_my,my,0.0,0.5,0.5,32.66466764966088,6.760167711446746,2.527396593263598,0.34901962,0.28627452,0.2901961,#59494a,0.0,0.0,0.0,panel_01_up_left__corner_3::gamut_001_my
center_replicates,panel_01_up_left|corner_3|c0.000000_m0.600000_y0.400000,1,,panel_01_up_left,corner_3,30,gamut_030_mmymy,mmymy,0.0,0.6,0.4,36.072053836922336,15.79013772151036,-0.8874259130759787,0.4254902,0.29803923,0.34117648,#6d4c57,0.0,0.0,0.0,panel_01_up_left__corner_3::gamut_030_mmymy
center_replicates,panel_01_up_left|corner_3|c0.000000_m0.666667_y0.333333,1,,panel_01_up_left,corner_3,29,gamut_029_mmy,mmy,0.0,0.6666666666666666,0.3333333333333333,37.57583883150091,21.26867643332367,-2.4825654392535257,0.46666667,0.29803923,0.3647059,#774c5d,0.0,0.0,0.0,panel_01_up_left__corner_3::gamut_029_mmy
center_replicates,panel_01_up_left|corner_3|c0.000000_m0.750000_y0.250000,1,,panel_01_up_left,corner_3,28,gamut_028_mmym,mmym,0.0,0.75,0.25,39.6558896976164,29.5239066656466,-5.671425159659343,0.5254902,0.2901961,0.40588236,#864a68,0.0,0.0,0.0,panel_01_up_left__corner_3::gamut_028_mmym
center_replicates,panel_01_up_left|corner_3|c0.000000_m0.800000_y0.200000,1,,panel_01_up_left,corner_3,27,gamut_027_mmymm,mmymm,0.0,0.8,0.2,41.034637741250926,34.41551879040109,-8.510888382907089,0.56078434,0.2901961,0.4372549,#8f4a6f,0.0,0.0,0.0,panel_01_up_left__corner_3::gamut_027_mmymm
center_replicates,panel_01_up_left|corner_3|c0.000000_m1.000000_y0.000000,1,,panel_01_up_left,corner_3,26,gamut_026_m,m,0.0,1.0,0.0,49.17340328771286,60.88623538764226,-13.261407691059125,0.78431374,0.24705882,0.5529412,#c83f8d,0.0,0.0,0.0,panel_01_up_left__corner_3::gamut_026_m
center_replicates,panel_01_up_left|corner_3|c0.200000_m0.000000_y0.800000,1,,panel_01_up_left,corner_3,7,gamut_007_yycyy,yycyy,0.2,0.0,0.8,39.75556891920316,-37.902980356552426,19.191767448873275,0.033333335,0.42352942,0.23529412,#096c3c,0.0,0.0,0.0,panel_01_up_left__corner_3::gamut_007_yycyy
center_replicates,panel_01_up_left|corner_3|c0.200000_m0.800000_y0.000000,1,,panel_01_up_left,corner_3,25,gamut_025_mmcmm,mmcmm,0.2,0.8,0.0,42.86407638274452,44.3336428291608,-26.505193457788124,0.5921569,0.27450982,0.57254905,#974692,0.0,0.0,0.0,panel_01_up_left__corner_3::gamut_025_mmcmm
center_replicates,panel_01_up_left|corner_3|c0.250000_m0.000000_y0.750000,1,,panel_01_up_left,corner_3,8,gamut_008_ycyy,ycyy,0.25,0.0,0.75,41.28646607747246,-38.112815980754,17.574911986037066,0.03529412,0.4392157,0.2627451,#097043,0.0,0.0,0.0,panel_01_up_left__corner_3::gamut_008_ycyy
center_replicates,panel_01_up_left|corner_3|c0.250000_m0.750000_y0.000000,1,,panel_01_up_left,corner_3,24,gamut_024_mcmm,mcmm,0.25,0.75,0.0,41.79011058943412,41.57956521631867,-29.042977843015617,0.5568628,0.2784314,0.5764706,#8e4793,0.0,0.0,0.0,panel_01_up_left__corner_3::gamut_024_mcmm
center_replicates,panel_01_up_left|corner_3|c0.333333_m0.000000_y0.666667,1,,panel_01_up_left,corner_3,9,gamut_009_cyy,cyy,0.3333333333333333,0.0,0.6666666666666666,42.56862550956086,-37.31146620001276,14.028293774080364,0.043137256,0.4509804,0.29803923,#0b734c,0.0,0.0,0.0,panel_01_up_left__corner_3::gamut_009_cyy
center_replicates,panel_01_up_left|corner_3|c0.333333_m0.666667_y0.000000,1,,panel_01_up_left,corner_3,23,gamut_023_cmm,cmm,0.3333333333333333,0.6666666666666666,0.0,40.717902305163584,36.478375363900696,-32.66487261460311,0.5019608,0.2901961,0.5882353,#804a96,0.0,0.0,0.0,panel_01_up_left__corner_3::gamut_023_cmm
center_replicates,panel_01_up_left|corner_3|c0.400000_m0.000000_y0.600000,1,,panel_01_up_left,corner_3,10,gamut_010_cycyy,cycyy,0.4,0.0,0.6,44.92753588433807,-36.39682673699185,9.818589170071812,0.047058824,0.4745098,0.3529412,#0c795a,0.0,0.0,0.0,panel_01_up_left__corner_3::gamut_010_cycyy
center_replicates,panel_01_up_left|corner_3|c0.400000_m0.600000_y0.000000,1,,panel_01_up_left,corner_3,22,gamut_022_cmcmm,cmcmm,0.4,0.6,0.0,39.60794064344722,33.988044324626074,-35.153077834717486,0.46666667,0.2901961,0.5921569,#774a97,0.0,0.0,0.0,panel_01_up_left__corner_3::gamut_022_cmcmm
center_replicates,panel_01_up_left|corner_3|c0.500000_m0.000000_y0.500000,1,,panel_01_up_left,corner_3,11,gamut_011_cy,cy,0.5,0.0,0.5,45.11232914083392,-34.17728193790556,5.3321994372525605,0.047058824,0.4745098,0.38039216,#0c7961,0.0,0.0,0.0,panel_01_up_left__corner_3::gamut_011_cy
center_replicates,panel_01_up_left|corner_3|c0.500000_m0.500000_y0.000000,1,,panel_01_up_left,corner_3,21,gamut_021_cm,cm,0.5,0.5,0.0,37.08970422869168,29.27566040600313,-37.82918950879117,0.39607844,0.28431374,0.58431375,#654995,0.0,0.0,0.0,panel_01_up_left__corner_3::gamut_021_cm
center_replicates,panel_01_up_left|corner_3|c0.600000_m0.000000_y0.400000,1,,panel_01_up_left,corner_3,12,gamut_012_ccycy,ccycy,0.6,0.0,0.4,43.407102618427295,-28.4990557274232,-2.8123816571247406,0.05882353,0.4509804,0.41960785,#0f736b,0.0,0.0,0.0,panel_01_up_left__corner_3::gamut_012_ccycy
center_replicates,panel_01_up_left|corner_3|c0.600000_m0.400000_y0.000000,1,,panel_01_up_left,corner_3,20,gamut_020_ccmcm,ccmcm,0.6,0.4,0.0,37.427052655727394,25.166742941714737,-40.602796265200354,0.3529412,0.3019608,0.6039216,#5a4d9a,0.0,0.0,0.0,panel_01_up_left__corner_3::gamut_020_ccmcm
center_replicates,panel_01_up_left|corner_3|c0.666667_m0.000000_y0.333333,1,,panel_01_up_left,corner_3,13,gamut_013_ccy,ccy,0.6666666666666666,0.0,0.3333333333333333,42.576152693852414,-25.43650128968167,-6.988553052375868,0.06666667,0.4392157,0.4392157,#117070,0.0,0.0,0.0,panel_01_up_left__corner_3::gamut_013_ccy
center_replicates,panel_01_up_left|corner_3|c0.666667_m0.333333_y0.000000,1,,panel_01_up_left,corner_3,19,gamut_019_ccm,ccm,0.6666666666666666,0.3333333333333333,0.0,36.99520762753929,23.553210806241108,-43.11841840817084,0.31960785,0.3019608,0.6156863,#524d9d,0.0,0.0,0.0,panel_01_up_left__corner_3::gamut_019_ccm
center_replicates,panel_01_up_left|corner_3|c0.750000_m0.000000_y0.250000,1,,panel_01_up_left,corner_3,14,gamut_014_ccyc,ccyc,0.75,0.0,0.25,42.38485417724824,-19.45327617264092,-15.565263669927788,0.0627451,0.43137255,0.49019608,#106e7d,0.0,0.0,0.0,panel_01_up_left__corner_3::gamut_014_ccyc
center_replicates,panel_01_up_left|corner_3|c0.750000_m0.250000_y0.000000,1,,panel_01_up_left,corner_3,18,gamut_018_ccmc,ccmc,0.75,0.25,0.0,37.80511115818653,20.15908103187133,-46.77867745615112,0.26666668,0.32156864,0.6509804,#4452a6,0.0,0.0,0.0,panel_01_up_left__corner_3::gamut_018_ccmc
center_replicates,panel_01_up_left|corner_3|c0.800000_m0.000000_y0.200000,1,,panel_01_up_left,corner_3,15,gamut_015_ccycc,ccycc,0.8,0.0,0.2,42.863769499837645,-15.4405889605424,-22.007056961665448,0.0627451,0.43137255,0.5372549,#106e89,0.0,0.0,0.0,panel_01_up_left__corner_3::gamut_015_ccycc
center_replicates,panel_01_up_left|corner_3|c0.800000_m0.200000_y0.000000,1,,panel_01_up_left,corner_3,17,gamut_017_ccmcc,ccmcc,0.8,0.2,0.0,38.30507014968848,17.934093270088518,-48.134024762436056,0.22745098,0.33333334,0.6627451,#3a55a9,0.0,0.0,0.0,panel_01_up_left__corner_3::gamut_017_ccmcc
center_replicates,panel_01_up_left|corner_3|c1.000000_m0.000000_y0.000000,1,,panel_01_up_left,corner_3,16,gamut_016_c,c,1.0,0.0,0.0,44.297372303638426,9.12508450538957,-51.57479242796641,0.09019608,0.4117647,0.7490196,#1769bf,0.0,0.0,0.0,panel_01_up_left__corner_3::gamut_016_c
center_replicates,panel_02_down|corner_1|c0.000000_m0.000000_y1.000000,1,,panel_02_down,corner_1,6,gamut_006_y,y,0.0,0.0,1.0,49.061170872566606,7.050404630276564,-52.5502065045447,0.105882354,0.4627451,0.80784315,#1b76ce,0.0,0.0,0.0,panel_02_down__corner_1::gamut_006_y
center_replicates,panel_02_down|corner_1|c0.000000_m0.200000_y0.800000,1,,panel_02_down,corner_1,5,gamut_005_yymyy,yymyy,0.0,0.2,0.8,52.52994179634475,-23.404982241141735,-15.057587537073225,0.14313726,0.5392157,0.5882353,#258a96,0.0,0.0,0.0,panel_02_down__corner_1::gamut_005_yymyy
center_replicates,panel_02_down|corner_1|c0.000000_m0.250000_y0.750000,1,,panel_02_down,corner_1,4,gamut_004_ymyy,ymyy,0.0,0.25,0.75,53.16107618857504,-28.91206851639977,-5.595045710952251,0.16470589,0.55098045,0.53333336,#2a8d88,0.0,0.0,0.0,panel_02_down__corner_1::gamut_004_ymyy
center_replicates,panel_02_down|corner_1|c0.000000_m0.333333_y0.666667,1,,panel_02_down,corner_1,3,gamut_003_myy,myy,0.0,0.3333333333333333,0.6666666666666666,53.875252516087215,-35.007263120267915,6.591945317429659,0.18431373,0.5647059,0.45882353,#2f9075,0.0,0.0,0.0,panel_02_down__corner_1::gamut_003_myy
center_replicates,panel_02_down|corner_1|c0.000000_m0.400000_y0.600000,1,,panel_02_down,corner_1,2,gamut_002_mymyy,mymyy,0.0,0.4,0.6,53.5973239060025,-37.82107393876238,13.780751054023764,0.19215687,0.5647059,0.40392157,#319067,0.0,0.0,0.0,panel_02_down__corner_1::gamut_002_mymyy
center_replicates,panel_02_down|corner_1|c0.000000_m0.500000_y0.500000,1,,panel_02_down,corner_1,1,gamut_001_my,my,0.0,0.5,0.5,52.26930330180765,-40.392590709581015,24.93477542146283,0.21176471,0.5529412,0.3137255,#368d50,0.0,0.0,0.0,panel_02_down__corner_1::gamut_001_my
center_replicates,panel_02_down|corner_1|c0.000000_m0.600000_y0.400000,1,,panel_02_down,corner_1,30,gamut_030_mmymy,mmymy,0.0,0.6,0.4,52.849171069481216,-40.15377536370684,33.27432419871119,0.25490198,0.5568628,0.25882354,#418e42,0.0,0.0,0.0,panel_02_down__corner_1::gamut_030_mmymy
center_replicates,panel_02_down|corner_1|c0.000000_m0.666667_y0.333333,1,,panel_02_down,corner_1,29,gamut_029_mmy,mmy,0.0,0.6666666666666666,0.3333333333333333,52.170571644347206,-39.23314534743744,38.31873294917754,0.27450982,0.54901963,0.21176471,#468c36,0.0,0.0,0.0,panel_02_down__corner_1::gamut_029_mmy
center_replicates,panel_02_down|corner_1|c0.000000_m0.750000_y0.250000,1,,panel_02_down,corner_1,28,gamut_028_mmym,mmym,0.0,0.75,0.25,54.12385593057162,-37.48577569169975,46.06677317380981,0.33333334,0.5647059,0.16862746,#55902b,0.0,0.0,0.0,panel_02_down__corner_1::gamut_028_mmym
center_replicates,panel_02_down|corner_1|c0.000000_m0.800000_y0.200000,1,,panel_02_down,corner_1,27,gamut_027_mmymm,mmymm,0.0,0.8,0.2,55.62611304518271,-34.37393820977702,50.46094805654037,0.38431373,0.5764706,0.14117648,#629324,0.0,0.0,0.0,panel_02_down__corner_1::gamut_027_mmymm
center_replicates,panel_02_down|corner_1|c0.000000_m1.000000_y0.000000,1,,panel_02_down,corner_1,26,gamut_026_m,m,0.0,1.0,0.0,77.92217527050029,-10.02462459937692,76.65166667345031,0.83137256,0.7647059,0.078431375,#d4c314,0.0,0.0,0.0,panel_02_down__corner_1::gamut_026_m
center_replicates,panel_02_down|corner_1|c0.200000_m0.000000_y0.800000,1,,panel_02_down,corner_1,7,gamut_007_yycyy,yycyy,0.2,0.0,0.8,53.08954862997979,2.804565855441976,-49.149805370643485,0.15686275,0.50980395,0.827451,#2882d3,0.0,0.0,0.0,panel_02_down__corner_1::gamut_007_yycyy
center_replicates,panel_02_down|corner_1|c0.200000_m0.800000_y0.000000,1,,panel_02_down,corner_1,25,gamut_025_mmcmm,mmcmm,0.2,0.8,0.0,77.30782038833351,-9.42177923394394,75.97799906880411,0.827451,0.75686276,0.08235294,#d3c115,0.0,0.0,0.0,panel_02_down__corner_1::gamut_025_mmcmm
center_replicates,panel_02_down|corner_1|c0.250000_m0.000000_y0.750000,1,,panel_02_down,corner_1,8,gamut_008_ycyy,ycyy,0.25,0.0,0.75,54.46582539152644,1.5841708700051194,-48.44191344084554,0.16862746,0.5254902,0.8392157,#2b86d6,0.0,0.0,0.0,panel_02_down__corner_1::gamut_008_ycyy
center_replicates,panel_02_down|corner_1|c0.250000_m0.750000_y0.000000,1,,panel_02_down,corner_1,24,gamut_024_mcmm,mcmm,0.25,0.75,0.0,77.30782038833351,-9.42177923394394,75.97799906880411,0.827451,0.75686276,0.078431375,#d3c114,0.0,0.0,0.0,panel_02_down__corner_1::gamut_024_mcmm
center_replicates,panel_02_down|corner_1|c0.333333_m0.000000_y0.666667,1,,panel_02_down,corner_1,9,gamut_009_cyy,cyy,0.3333333333333333,0.0,0.6666666666666666,55.48124187947733,0.6391938028262878,-47.36663252011961,0.18431373,0.5372549,0.8392157,#2f89d6,0.0,0.0,0.0,panel_02_down__corner_1::gamut_009_cyy
center_replicates,panel_02_down|corner_1|c0.333333_m0.666667_y0.000000,1,,panel_02_down,corner_1,23,gamut_023_cmm,cmm,0.3333333333333333,0.6666666666666666,0.0,78.8938230193134,-10.634185110082184,76.96107218102165,0.8392157,0.7764706,0.09019608,#d6c617,0.0,0.0,0.0,panel_02_down__corner_1::gamut_023_cmm
center_replicates,panel_02_down|corner_1|c0.400000_m0.000000_y0.600000,1,,panel_02_down,corner_1,10,gamut_010_cycyy,cycyy,0.4,0.0,0.6,56.05823320330785,-1.1572088801905522,-45.300394969919445,0.19607843,0.54509807,0.83137256,#328bd4,0.0,0.0,0.0,panel_02_down__corner_1::gamut_010_cycyy
center_replicates,panel_02_down|corner_1|c0.400000_m0.600000_y0.000000,1,,panel_02_down,corner_1,22,gamut_022_cmcmm,cmcmm,0.4,0.6,0.0,79.7934573067847,-11.512144432044623,75.89513837953845,0.84313726,0.7882353,0.1254902,#d7c920,0.0,0.0,0.0,panel_02_down__corner_1::gamut_022_cmcmm
center_replicates,panel_02_down|corner_1|c0.500000_m0.000000_y0.500000,1,,panel_02_down,corner_1,11,gamut_011_cy,cy,0.5,0.0,0.5,57.07189406616215,-2.5256436226319123,-42.78132164544668,0.22352941,0.5568628,0.83137256,#398ed4,0.0,0.0,0.0,panel_02_down__corner_1::gamut_011_cy
center_replicates,panel_02_down|corner_1|c0.500000_m0.500000_y0.000000,1,,panel_02_down,corner_1,21,gamut_021_cm,cm,0.5,0.5,0.0,81.05827268413704,-12.446277325577238,75.04964822304366,0.8509804,0.8039216,0.16078432,#d9cd29,0.0,0.0,0.0,panel_02_down__corner_1::gamut_021_cm
center_replicates,panel_02_down|corner_1|c0.600000_m0.000000_y0.400000,1,,panel_02_down,corner_1,12,gamut_012_ccycy,ccycy,0.6,0.0,0.4,58.90414203319556,-4.366592474038478,-38.39224927494869,0.27450982,0.5764706,0.81960785,#4693d1,0.0,0.0,0.0,panel_02_down__corner_1::gamut_012_ccycy
center_replicates,panel_02_down|corner_1|c0.600000_m0.400000_y0.000000,1,,panel_02_down,corner_1,20,gamut_020_ccmcm,ccmcm,0.6,0.4,0.0,81.31851282703465,-13.08969472770058,69.87756180979454,0.84313726,0.80784315,0.23137255,#d7ce3b,0.0,0.0,0.0,panel_02_down__corner_1::gamut_020_ccmcm
center_replicates,panel_02_down|corner_1|c0.666667_m0.000000_y0.333333,1,,panel_02_down,corner_1,13,gamut_013_ccy,ccy,0.6666666666666666,0.0,0.3333333333333333,60.71863441035372,-4.921844778228435,-36.40620518528546,0.31764707,0.59607846,0.81960785,#5198d1,0.0,0.0,0.0,panel_02_down__corner_1::gamut_013_ccy
center_replicates,panel_02_down|corner_1|c0.666667_m0.333333_y0.000000,1,,panel_02_down,corner_1,19,gamut_019_ccm,ccm,0.6666666666666666,0.3333333333333333,0.0,81.90216622316566,-13.811702833147644,67.66639573254108,0.84313726,0.8156863,0.2627451,#d7d043,0.0,0.0,0.0,panel_02_down__corner_1::gamut_019_ccm
center_replicates,panel_02_down|corner_1|c0.750000_m0.000000_y0.250000,1,,panel_02_down,corner_1,14,gamut_014_ccyc,ccyc,0.75,0.0,0.25,63.91243880731568,-6.86382398132629,-30.208736101955303,0.3882353,0.6313726,0.8176471,#63a1d1,0.0,0.0,0.0,panel_02_down__corner_1::gamut_014_ccyc
center_replicates,panel_02_down|corner_1|c0.750000_m0.250000_y0.000000,1,,panel_02_down,corner_1,18,gamut_018_ccmc,ccmc,0.75,0.25,0.0,82.96511564985404,-13.131167694586832,59.5498998808398,0.8509804,0.827451,0.3529412,#d9d35a,0.0,0.0,0.0,panel_02_down__corner_1::gamut_018_ccmc
center_replicates,panel_02_down|corner_1|c0.800000_m0.000000_y0.200000,1,,panel_02_down,corner_1,15,gamut_015_ccycc,ccycc,0.8,0.0,0.2,64.96350548410669,-7.749854395265765,-26.01373504122177,0.41960785,0.6431373,0.8,#6ba4cc,0.0,0.0,0.0,panel_02_down__corner_1::gamut_015_ccycc
center_replicates,panel_02_down|corner_1|c0.800000_m0.200000_y0.000000,1,,panel_02_down,corner_1,17,gamut_017_ccmcc,ccmcc,0.8,0.2,0.0,83.04646803605657,-12.335502557060453,51.73501112242527,0.84705883,0.827451,0.41568628,#d8d36a,0.0,0.0,0.0,panel_02_down__corner_1::gamut_017_ccmcc
center_replicates,panel_02_down|corner_1|c1.000000_m0.000000_y0.000000,1,,panel_02_down,corner_1,16,gamut_016_c,c,1.0,0.0,0.0,85.0690809265723,-1.4226788177794103,3.948101601395271,0.8352941,0.8352941,0.8039216,#d5d5cd,0.0,0.0,0.0,panel_02_down__corner_1::gamut_016_c
center_replicates,panel_02_down|corner_2|c0.000000_m0.000000_y1.000000,1,,panel_02_down,corner_2,6,gamut_006_y,y,0.0,0.0,1.0,42.52604770772023,54.96414499651331,-4.571347138040172,0.69411767,0.20392157,0.43137255,#b1346e,0.0,0.0,0.0,panel_02_down__corner_2::gamut_006_y
center_replicates,panel_02_down|corner_2|c0.000000_m0.200000_y0.800000,1,,panel_02_down,corner_2,5,gamut_005_yymyy,yymyy,0.0,0.2,0.8,44.77106051951998,52.29766474542835,-7.271147777382292,0.69803923,0.24705882,0.47058824,#b23f78,0.0,0.0,0.0,panel_02_down__corner_2::gamut_005_yymyy
center_replicates,panel_02_down|corner_2|c0.000000_m0.250000_y0.750000,1,,panel_02_down,corner_2,4,gamut_004_ymyy,ymyy,0.0,0.25,0.75,44.762415717188695,50.97609340836456,-7.644822693107445,0.69411767,0.2529412,0.47058824,#b14178,0.0,0.0,0.0,panel_02_down__corner_2::gamut_004_ymyy
center_replicates,panel_02_down|corner_2|c0.000000_m0.333333_y0.666667,1,,panel_02_down,corner_2,3,gamut_003_myy,myy,0.0,0.3333333333333333,0.6666666666666666,45.47892546015106,50.19288991236959,-8.049806048042353,0.69411767,0.2627451,0.47843137,#b1437a,0.0,0.0,0.0,panel_02_down__corner_2::gamut_003_myy
center_replicates,panel_02_down|corner_2|c0.000000_m0.400000_y0.600000,1,,panel_02_down,corner_2,2,gamut_002_mymyy,mymyy,0.0,0.4,0.6,46.31982325662349,49.37962107156191,-9.5190982450881,0.69803923,0.2784314,0.49803922,#b2477f,0.0,0.0,0.0,panel_02_down__corner_2::gamut_002_mymyy
center_replicates,panel_02_down|corner_2|c0.000000_m0.500000_y0.500000,1,,panel_02_down,corner_2,1,gamut_001_my,my,0.0,0.5,0.5,47.53534825386488,48.92922109208314,-11.249606994554018,0.7058824,0.29411766,0.5176471,#b44b84,0.0,0.0,0.0,panel_02_down__corner_2::gamut_001_my
center_replicates,panel_02_down|corner_2|c0.000000_m0.600000_y0.400000,1,,panel_02_down,corner_2,30,gamut_030_mmymy,mmymy,0.0,0.6,0.4,52.172953250865376,45.19769590824218,-12.26621321677026,0.7352941,0.35686275,0.5764706,#bb5b93,0.0,0.0,0.0,panel_02_down__corner_2::gamut_030_mmymy
center_replicates,panel_02_down|corner_2|c0.000000_m0.666667_y0.333333,1,,panel_02_down,corner_2,29,gamut_029_mmy,mmy,0.0,0.6666666666666666,0.3333333333333333,54.78190864135145,42.94093299847224,-12.67810905005784,0.7529412,0.39607844,0.6039216,#c0659a,0.0,0.0,0.0,panel_02_down__corner_2::gamut_029_mmy
center_replicates,panel_02_down|corner_2|c0.000000_m0.750000_y0.250000,1,,panel_02_down,corner_2,28,gamut_028_mmym,mmym,0.0,0.75,0.25,60.08360556765995,38.8227489612698,-12.029493592145634,0.78431374,0.46470588,0.654902,#c876a7,0.0,0.0,0.0,panel_02_down__corner_2::gamut_028_mmym
center_replicates,panel_02_down|corner_2|c0.000000_m0.800000_y0.200000,1,,panel_02_down,corner_2,27,gamut_027_mmymm,mmymm,0.0,0.8,0.2,65.18051738303002,33.99978234045131,-11.365850682373493,0.8156863,0.53333336,0.7019608,#d088b3,0.0,0.0,0.0,panel_02_down__corner_2::gamut_027_mmymm
center_replicates,panel_02_down|corner_2|c0.000000_m1.000000_y0.000000,1,,panel_02_down,corner_2,26,gamut_026_m,m,0.0,1.0,0.0,92.42395831090884,-1.393314767774212,2.7876894684507825,0.9098039,0.91764706,0.89411765,#e8eae4,0.0,0.0,0.0,panel_02_down__corner_2::gamut_026_m
center_replicates,panel_02_down|corner_2|c0.200000_m0.000000_y0.800000,1,,panel_02_down,corner_2,7,gamut_007_yycyy,yycyy,0.2,0.0,0.8,45.45026253644116,47.25967734430172,10.06301514461454,0.70980394,0.27058825,0.3647059,#b5455d,0.0,0.0,0.0,panel_02_down__corner_2::gamut_007_yycyy
center_replicates,panel_02_down|corner_2|c0.200000_m0.800000_y0.000000,1,,panel_02_down,corner_2,25,gamut_025_mmcmm,mmcmm,0.2,0.8,0.0,90.40874795720252,-13.898419077676444,52.49320706175531,0.91764706,0.9137255,0.4862745,#eae97c,0.0,0.0,0.0,panel_02_down__corner_2::gamut_025_mmcmm
center_replicates,panel_02_down|corner_2|c0.250000_m0.000000_y0.750000,1,,panel_02_down,corner_2,8,gamut_008_ycyy,ycyy,0.25,0.0,0.75,46.037288680512965,44.99580196391967,14.432659554103966,0.70980394,0.28627452,0.34117648,#b54957,0.0,0.0,0.0,panel_02_down__corner_2::gamut_008_ycyy
center_replicates,panel_02_down|corner_2|c0.250000_m0.750000_y0.000000,1,,panel_02_down,corner_2,24,gamut_024_mcmm,mcmm,0.25,0.75,0.0,88.76360858758228,-14.297193670942232,59.3868088722874,0.9098039,0.89411765,0.41568628,#e8e46a,0.0,0.0,0.0,panel_02_down__corner_2::gamut_024_mcmm
center_replicates,panel_02_down|corner_2|c0.333333_m0.000000_y0.666667,1,,panel_02_down,corner_2,9,gamut_009_cyy,cyy,0.3333333333333333,0.0,0.6666666666666666,46.59636057067305,41.47085948107216,20.206800251684776,0.7058824,0.30588236,0.30980393,#b44e4f,0.0,0.0,0.0,panel_02_down__corner_2::gamut_009_cyy
center_replicates,panel_02_down|corner_2|c0.333333_m0.666667_y0.000000,1,,panel_02_down,corner_2,23,gamut_023_cmm,cmm,0.3333333333333333,0.6666666666666666,0.0,87.106951961559,-15.63041551407074,71.53897823116571,0.89411765,0.8784314,0.2784314,#e4e047,0.0,0.0,0.0,panel_02_down__corner_2::gamut_023_cmm
center_replicates,panel_02_down|corner_2|c0.400000_m0.000000_y0.600000,1,,panel_02_down,corner_2,10,gamut_010_cycyy,cycyy,0.4,0.0,0.6,46.76419479262454,39.11591712753656,23.5947715794948,0.69803923,0.31764707,0.2901961,#b2514a,0.0,0.0,0.0,panel_02_down__corner_2::gamut_010_cycyy
center_replicates,panel_02_down|corner_2|c0.400000_m0.600000_y0.000000,1,,panel_02_down,corner_2,22,gamut_022_cmcmm,cmcmm,0.4,0.6,0.0,84.86917526241074,-14.507984902552671,74.29088188193121,0.8784314,0.8509804,0.21960784,#e0d938,0.0,0.0,0.0,panel_02_down__corner_2::gamut_022_cmcmm
center_replicates,panel_02_down|corner_2|c0.500000_m0.000000_y0.500000,1,,panel_02_down,corner_2,11,gamut_011_cy,cy,0.5,0.0,0.5,47.69617828376492,36.53600555078496,30.722752218460016,0.7019608,0.33333334,0.2509804,#b35540,0.0,0.0,0.0,panel_02_down__corner_2::gamut_011_cy
center_replicates,panel_02_down|corner_2|c0.500000_m0.500000_y0.000000,1,,panel_02_down,corner_2,21,gamut_021_cm,cm,0.5,0.5,0.0,82.77218497504523,-12.995102747600018,78.15274078424757,0.87058824,0.8235294,0.13725491,#ded223,0.0,0.0,0.0,panel_02_down__corner_2::gamut_021_cm
center_replicates,panel_02_down|corner_2|c0.600000_m0.000000_y0.400000,1,,panel_02_down,corner_2,12,gamut_012_ccycy,ccycy,0.6,0.0,0.4,50.57799297605413,33.024958068299085,35.088554973949186,0.7254902,0.3764706,0.24313726,#b9603e,0.0,0.0,0.0,panel_02_down__corner_2::gamut_012_ccycy
center_replicates,panel_02_down|corner_2|c0.600000_m0.400000_y0.000000,1,,panel_02_down,corner_2,20,gamut_020_ccmcm,ccmcm,0.6,0.4,0.0,82.32408872106993,-12.139335830737537,79.08675300125233,0.87058824,0.8156863,0.10784314,#ded01c,0.0,0.0,0.0,panel_02_down__corner_2::gamut_020_ccmcm
center_replicates,panel_02_down|corner_2|c0.666667_m0.000000_y0.333333,1,,panel_02_down,corner_2,13,gamut_013_ccy,ccy,0.6666666666666666,0.0,0.3333333333333333,51.54433789555878,30.34300230030604,38.43970407314187,0.7254902,0.39215687,0.22745098,#b9643a,0.0,0.0,0.0,panel_02_down__corner_2::gamut_013_ccy
center_replicates,panel_02_down|corner_2|c0.666667_m0.333333_y0.000000,1,,panel_02_down,corner_2,19,gamut_019_ccm,ccm,0.6666666666666666,0.3333333333333333,0.0,80.64327881162882,-11.13467048073935,79.01223710284914,0.85882354,0.79607844,0.08235294,#dbcb15,0.0,0.0,0.0,panel_02_down__corner_2::gamut_019_ccm
center_replicates,panel_02_down|corner_2|c0.750000_m0.000000_y0.250000,1,,panel_02_down,corner_2,14,gamut_014_ccyc,ccyc,0.75,0.0,0.25,55.041366137236864,24.42252600501907,46.102259804882415,0.7411765,0.44509804,0.19607843,#bd7232,0.0,0.0,0.0,panel_02_down__corner_2::gamut_014_ccyc
center_replicates,panel_02_down|corner_2|c0.750000_m0.250000_y0.000000,1,,panel_02_down,corner_2,18,gamut_018_ccmc,ccmc,0.75,0.25,0.0,80.99266480737805,-11.11928005337104,79.1705779083968,0.8627451,0.8,0.08235294,#dccc15,0.0,0.0,0.0,panel_02_down__corner_2::gamut_018_ccmc
center_replicates,panel_02_down|corner_2|c0.800000_m0.000000_y0.200000,1,,panel_02_down,corner_2,15,gamut_015_ccycc,ccycc,0.8,0.0,0.2,56.82716927393343,20.720546879468337,49.90252094919428,0.74705887,0.4745098,0.18431373,#bf792f,0.0,0.0,0.0,panel_02_down__corner_2::gamut_015_ccycc
center_replicates,panel_02_down|corner_2|c0.800000_m0.200000_y0.000000,1,,panel_02_down,corner_2,17,gamut_017_ccmcc,ccmcc,0.8,0.2,0.0,80.64125388240235,-11.044400925836309,78.86328556431498,0.85882354,0.79607844,0.08235294,#dbcb15,0.0,0.0,0.0,panel_02_down__corner_2::gamut_017_ccmcc
center_replicates,panel_02_down|corner_2|c1.000000_m0.000000_y0.000000,1,,panel_02_down,corner_2,16,gamut_016_c,c,1.0,0.0,0.0,78.53843189424406,-8.787012506219883,77.12417097628284,0.84705883,0.76862746,0.08235294,#d8c415,0.0,0.0,0.0,panel_02_down__corner_2::gamut_016_c
center_replicates,panel_02_down|corner_3|c0.000000_m0.000000_y1.000000,1,,panel_02_down,corner_3,6,gamut_006_y,y,0.0,0.0,1.0,85.7322839406227,-1.4192804817346194,3.937658926281995,0.84313726,0.84313726,0.8117647,#d7d7cf,0.0,0.0,0.0,panel_02_down__corner_3::gamut_006_y
center_replicates,panel_02_down|corner_3|c0.000000_m0.200000_y0.800000,1,,panel_02_down,corner_3,5,gamut_005_yymyy,yymyy,0.0,0.2,0.8,57.76261308033645,34.200674495319326,-9.59882457558252,0.7411765,0.45490196,0.6117647,#bd749c,0.0,0.0,0.0,panel_02_down__corner_3::gamut_005_yymyy
center_replicates,panel_02_down|corner_3|c0.000000_m0.250000_y0.750000,1,,panel_02_down,corner_3,4,gamut_004_ymyy,ymyy,0.0,0.25,0.75,54.38485639121249,40.372652548691136,-10.57003437529669,0.73333335,0.4,0.5862745,#bb6695,0.0,0.0,0.0,panel_02_down__corner_3::gamut_004_ymyy
center_replicates,panel_02_down|corner_3|c0.000000_m0.333333_y0.666667,1,,panel_02_down,corner_3,3,gamut_003_myy,myy,0.0,0.3333333333333333,0.6666666666666666,51.75104528164887,45.11339153985966,-12.180898406000251,0.7294118,0.35686275,0.5686275,#ba5b91,0.0,0.0,0.0,panel_02_down__corner_3::gamut_003_myy
center_replicates,panel_02_down|corner_3|c0.000000_m0.400000_y0.600000,1,,panel_02_down,corner_3,2,gamut_002_mymyy,mymyy,0.0,0.4,0.6,50.9273907780929,46.840745798203486,-11.74582335539669,0.73333335,0.3372549,0.56078434,#bb568f,0.0,0.0,0.0,panel_02_down__corner_3::gamut_002_mymyy
center_replicates,panel_02_down|corner_3|c0.000000_m0.500000_y0.500000,1,,panel_02_down,corner_3,1,gamut_001_my,my,0.0,0.5,0.5,49.642499543995726,50.23937399255224,-10.992711728324789,0.7372549,0.30980393,0.5411765,#bc4f8a,0.0,0.0,0.0,panel_02_down__corner_3::gamut_001_my
center_replicates,panel_02_down|corner_3|c0.000000_m0.600000_y0.400000,1,,panel_02_down,corner_3,30,gamut_030_mmymy,mmymy,0.0,0.6,0.4,47.77023582846829,52.475766499994194,-10.236348195458444,0.7294118,0.2784314,0.5176471,#ba4784,0.0,0.0,0.0,panel_02_down__corner_3::gamut_030_mmymy
center_replicates,panel_02_down|corner_3|c0.000000_m0.666667_y0.333333,1,,panel_02_down,corner_3,29,gamut_029_mmy,mmy,0.0,0.6666666666666666,0.3333333333333333,47.21991836843545,53.514193484344496,-9.85491308912192,0.7294118,0.26666668,0.50980395,#ba4482,0.0,0.0,0.0,panel_02_down__corner_3::gamut_029_mmy
center_replicates,panel_02_down|corner_3|c0.000000_m0.750000_y0.250000,1,,panel_02_down,corner_3,28,gamut_028_mmym,mmym,0.0,0.75,0.25,45.66718560630848,54.28538063806201,-8.883611566840344,0.72156864,0.24313726,0.4882353,#b83e7d,0.0,0.0,0.0,panel_02_down__corner_3::gamut_028_mmym
center_replicates,panel_02_down|corner_3|c0.000000_m0.800000_y0.200000,1,,panel_02_down,corner_3,27,gamut_027_mmymm,mmymm,0.0,0.8,0.2,44.50410918697416,54.020957601107646,-7.252585238189391,0.7058824,0.23137255,0.46666667,#b43b77,0.0,0.0,0.0,panel_02_down__corner_3::gamut_027_mmymm
center_replicates,panel_02_down|corner_3|c0.000000_m1.000000_y0.000000,1,,panel_02_down,corner_3,26,gamut_026_m,m,0.0,1.0,0.0,42.26511489801976,56.13972100658837,-5.105670812201796,0.69411767,0.19215687,0.43137255,#b1316e,0.0,0.0,0.0,panel_02_down__corner_3::gamut_026_m
center_replicates,panel_02_down|corner_3|c0.200000_m0.000000_y0.800000,1,,panel_02_down,corner_3,7,gamut_007_yycyy,yycyy,0.2,0.0,0.8,62.863660371596055,-5.4462925107145725,-26.58668956341945,0.42352942,0.6156863,0.78039217,#6c9dc7,0.0,0.0,0.0,panel_02_down__corner_3::gamut_007_yycyy
center_replicates,panel_02_down|corner_3|c0.200000_m0.800000_y0.000000,1,,panel_02_down,corner_3,25,gamut_025_mmcmm,mmcmm,0.2,0.8,0.0,35.67799040577867,42.64671943753637,-20.87617662010316,0.52156866,0.20784314,0.4627451,#853576,0.0,0.0,0.0,panel_02_down__corner_3::gamut_025_mmcmm
center_replicates,panel_02_down|corner_3|c0.250000_m0.000000_y0.750000,1,,panel_02_down,corner_3,8,gamut_008_ycyy,ycyy,0.25,0.0,0.75,60.55279407778947,-4.649531513366389,-30.36873027004692,0.3764706,0.5921569,0.78039217,#6097c7,0.0,0.0,0.0,panel_02_down__corner_3::gamut_008_ycyy
center_replicates,panel_02_down|corner_3|c0.250000_m0.750000_y0.000000,1,,panel_02_down,corner_3,24,gamut_024_mcmm,mcmm,0.25,0.75,0.0,35.101706298636614,40.38248150981413,-23.463799943949937,0.49411765,0.21568628,0.4745098,#7e3779,0.0,0.0,0.0,panel_02_down__corner_3::gamut_024_mcmm
center_replicates,panel_02_down|corner_3|c0.333333_m0.000000_y0.666667,1,,panel_02_down,corner_3,9,gamut_009_cyy,cyy,0.3333333333333333,0.0,0.6666666666666666,58.74365546652034,-3.5264068411043903,-33.95996844928848,0.33529413,0.57254905,0.78431374,#5692c8,0.0,0.0,0.0,panel_02_down__corner_3::gamut_009_cyy
center_replicates,panel_02_down|corner_3|c0.333333_m0.666667_y0.000000,1,,panel_02_down,corner_3,23,gamut_023_cmm,cmm,0.3333333333333333,0.6666666666666666,0.0,34.232574809039434,36.80999614213429,-27.68586683423005,0.45490196,0.22352941,0.49019608,#74397d,0.0,0.0,0.0,panel_02_down__corner_3::gamut_023_cmm
center_replicates,panel_02_down|corner_3|c0.400000_m0.000000_y0.600000,1,,panel_02_down,corner_3,10,gamut_010_cycyy,cycyy,0.4,0.0,0.6,57.63062922857959,-2.819183536177272,-36.6849934842191,0.30588236,0.56078434,0.7921569,#4e8fca,0.0,0.0,0.0,panel_02_down__corner_3::gamut_010_cycyy
center_replicates,panel_02_down|corner_3|c0.400000_m0.600000_y0.000000,1,,panel_02_down,corner_3,22,gamut_022_cmcmm,cmcmm,0.4,0.6,0.0,33.57038112936342,34.08168676887004,-29.737375217423622,0.42745098,0.22745098,0.49803922,#6d3a7f,0.0,0.0,0.0,panel_02_down__corner_3::gamut_022_cmcmm
center_replicates,panel_02_down|corner_3|c0.500000_m0.000000_y0.500000,1,,panel_02_down,corner_3,11,gamut_011_cy,cy,0.5,0.0,0.5,56.5014992802014,-1.93144710461568,-39.61946881338228,0.27450982,0.54901963,0.8,#468ccc,0.0,0.0,0.0,panel_02_down__corner_3::gamut_011_cy
center_replicates,panel_02_down|corner_3|c0.500000_m0.500000_y0.000000,1,,panel_02_down,corner_3,21,gamut_021_cm,cm,0.5,0.5,0.0,33.49981306107206,31.765938952054512,-33.30770742956084,0.39607844,0.23921569,0.5176471,#653d84,0.0,0.0,0.0,panel_02_down__corner_3::gamut_021_cm
center_replicates,panel_02_down|corner_3|c0.600000_m0.000000_y0.400000,1,,panel_02_down,corner_3,12,gamut_012_ccycy,ccycy,0.6,0.0,0.4,54.249306356624444,-0.0023530362462942,-42.90154425030786,0.23137255,0.5254902,0.79607844,#3b86cb,0.0,0.0,0.0,panel_02_down__corner_3::gamut_012_ccycy
center_replicates,panel_02_down|corner_3|c0.600000_m0.400000_y0.000000,1,,panel_02_down,corner_3,20,gamut_020_ccmcm,ccmcm,0.6,0.4,0.0,35.4412771858148,27.195204121594703,-37.814329524224966,0.3647059,0.27450982,0.5647059,#5d4690,0.0,0.0,0.0,panel_02_down__corner_3::gamut_020_ccmcm
center_replicates,panel_02_down|corner_3|c0.666667_m0.000000_y0.333333,1,,panel_02_down,corner_3,13,gamut_013_ccy,ccy,0.6666666666666666,0.0,0.3333333333333333,53.38683558142717,1.194639604445602,-44.48261087697853,0.21568628,0.5137255,0.8,#3783cc,0.0,0.0,0.0,panel_02_down__corner_3::gamut_013_ccy
center_replicates,panel_02_down|corner_3|c0.666667_m0.333333_y0.000000,1,,panel_02_down,corner_3,19,gamut_019_ccm,ccm,0.6666666666666666,0.3333333333333333,0.0,36.48013230690504,24.046158958414665,-39.21004348412702,0.34509805,0.29411766,0.58431375,#584b95,0.0,0.0,0.0,panel_02_down__corner_3::gamut_019_ccm
center_replicates,panel_02_down|corner_3|c0.750000_m0.000000_y0.250000,1,,panel_02_down,corner_3,14,gamut_014_ccyc,ccyc,0.75,0.0,0.25,51.88975278326215,2.3831466212558827,-46.01110099969885,0.19215687,0.49803922,0.7921569,#317fca,0.0,0.0,0.0,panel_02_down__corner_3::gamut_014_ccyc
center_replicates,panel_02_down|corner_3|c0.750000_m0.250000_y0.000000,1,,panel_02_down,corner_3,18,gamut_018_ccmc,ccmc,0.75,0.25,0.0,38.31522816291178,20.77364806780141,-43.25190598438361,0.30588236,0.32156864,0.6313726,#4e52a1,0.0,0.0,0.0,panel_02_down__corner_3::gamut_018_ccmc
center_replicates,panel_02_down|corner_3|c0.800000_m0.000000_y0.200000,1,,panel_02_down,corner_3,15,gamut_015_ccycc,ccycc,0.8,0.0,0.2,51.99557848773816,2.4105305005680533,-46.56040151421536,0.18039216,0.49803922,0.79607844,#2e7fcb,0.0,0.0,0.0,panel_02_down__corner_3::gamut_015_ccycc
center_replicates,panel_02_down|corner_3|c0.800000_m0.200000_y0.000000,1,,panel_02_down,corner_3,17,gamut_017_ccmcc,ccmcc,0.8,0.2,0.0,40.34750196326768,18.205501039030818,-45.77302991967751,0.28235295,0.34901962,0.67058825,#4859ab,0.0,0.0,0.0,panel_02_down__corner_3::gamut_017_ccmcc
center_replicates,panel_02_down|corner_3|c1.000000_m0.000000_y0.000000,1,,panel_02_down,corner_3,16,gamut_016_c,c,1.0,0.0,0.0,50.73817921693134,5.656483079613084,-50.890554545348834,0.14509805,0.48235294,0.8156863,#257bd0,0.0,0.0,0.0,panel_02_down__corner_3::gamut_016_c
center_replicates,panel_03_up|corner_1|c0.000000_m0.000000_y1.000000,1,,panel_03_up,corner_1,6,gamut_006_y,y,0.0,0.0,1.0,43.45233335217053,8.015901712005835,-48.99217152883173,0.10980392,0.40392157,0.72156864,#1c67b8,0.0,0.0,0.0,panel_03_up__corner_1::gamut_006_y
center_replicates,panel_03_up|corner_1|c0.000000_m0.200000_y0.800000,1,,panel_03_up,corner_1,5,gamut_005_yymyy,yymyy,0.0,0.2,0.8,46.12115954468303,-22.311079056286708,-9.2284892784118,0.16078432,0.47058824,0.4862745,#29787c,0.0,0.0,0.0,panel_03_up__corner_1::gamut_005_yymyy
center_replicates,panel_03_up|corner_1|c0.000000_m0.250000_y0.750000,1,,panel_03_up,corner_1,4,gamut_004_ymyy,ymyy,0.0,0.25,0.75,47.10188012882883,-27.63059057479139,-0.1778872147686794,0.16862746,0.4862745,0.4392157,#2b7c70,0.0,0.0,0.0,panel_03_up__corner_1::gamut_004_ymyy
center_replicates,panel_03_up|corner_1|c0.000000_m0.333333_y0.666667,1,,panel_03_up,corner_1,3,gamut_003_myy,myy,0.0,0.3333333333333333,0.6666666666666666,48.38641653073407,-34.08077885740177,13.338344220351097,0.1882353,0.5058824,0.36078432,#30815c,0.0,0.0,0.0,panel_03_up__corner_1::gamut_003_myy
center_replicates,panel_03_up|corner_1|c0.000000_m0.400000_y0.600000,1,,panel_03_up,corner_1,2,gamut_002_mymyy,mymyy,0.0,0.4,0.6,50.276343563654606,-37.29017771592791,21.474670762028925,0.20784314,0.5294118,0.31764707,#358751,0.0,0.0,0.0,panel_03_up__corner_1::gamut_002_mymyy
center_replicates,panel_03_up|corner_1|c0.000000_m0.500000_y0.500000,1,,panel_03_up,corner_1,1,gamut_001_my,my,0.0,0.5,0.5,52.62752979201025,-40.57457592120295,34.11118955652533,0.24705882,0.5568628,0.24705882,#3f8e3f,0.0,0.0,0.0,panel_03_up__corner_1::gamut_001_my
center_replicates,panel_03_up|corner_1|c0.000000_m0.600000_y0.400000,1,,panel_03_up,corner_1,30,gamut_030_mmymy,mmymy,0.0,0.6,0.4,54.661009168949626,-40.71986151490767,40.381952121707386,0.2901961,0.5764706,0.21960784,#4a9338,0.0,0.0,0.0,panel_03_up__corner_1::gamut_030_mmymy
center_replicates,panel_03_up|corner_1|c0.000000_m0.666667_y0.333333,1,,panel_03_up,corner_1,29,gamut_029_mmy,mmy,0.0,0.6666666666666666,0.3333333333333333,56.41099829501962,-40.60181912599703,45.41314548578412,0.32156864,0.59411764,0.19411765,#529732,0.0,0.0,0.0,panel_03_up__corner_1::gamut_029_mmy
center_replicates,panel_03_up|corner_1|c0.000000_m0.750000_y0.250000,1,,panel_03_up,corner_1,28,gamut_028_mmym,mmym,0.0,0.75,0.25,59.26521724665776,-38.37963836832814,52.18750356091596,0.3882353,0.61960787,0.15686275,#639e28,0.0,0.0,0.0,panel_03_up__corner_1::gamut_028_mmym
center_replicates,panel_03_up|corner_1|c0.000000_m0.800000_y0.200000,1,,panel_03_up,corner_1,27,gamut_027_mmymm,mmymm,0.0,0.8,0.2,60.32757728897224,-36.02962481807512,56.854383323557066,0.42745098,0.627451,0.11960784,#6da01e,0.0,0.0,0.0,panel_03_up__corner_1::gamut_027_mmymm
center_replicates,panel_03_up|corner_1|c0.000000_m1.000000_y0.000000,1,,panel_03_up,corner_1,26,gamut_026_m,m,0.0,1.0,0.0,78.34506842115354,-8.91851898469781,78.31428479090381,0.84313726,0.76862746,0.039215688,#d7c40a,0.0,0.0,0.0,panel_03_up__corner_1::gamut_026_m
center_replicates,panel_03_up|corner_1|c0.200000_m0.000000_y0.800000,1,,panel_03_up,corner_1,7,gamut_007_yycyy,yycyy,0.2,0.0,0.8,37.478531173126925,0.852345114077252,-15.568144533204386,0.2901961,0.34901962,0.44313726,#4a5971,0.0,0.0,0.0,panel_03_up__corner_1::gamut_007_yycyy
center_replicates,panel_03_up|corner_1|c0.200000_m0.800000_y0.000000,1,,panel_03_up,corner_1,25,gamut_025_mmcmm,mmcmm,0.2,0.8,0.0,70.06096787168583,23.93268345589028,73.33546072453417,0.9372549,0.59607846,0.047058824,#ef980c,0.0,0.0,0.0,panel_03_up__corner_1::gamut_025_mmcmm
center_replicates,panel_03_up|corner_1|c0.250000_m0.000000_y0.750000,1,,panel_03_up,corner_1,8,gamut_008_ycyy,ycyy,0.25,0.0,0.75,35.97937780382754,2.2084150201242823,-7.217023725363503,0.32156864,0.32941177,0.38039216,#525461,0.0,0.0,0.0,panel_03_up__corner_1::gamut_008_ycyy
center_replicates,panel_03_up|corner_1|c0.250000_m0.750000_y0.000000,1,,panel_03_up,corner_1,24,gamut_024_mcmm,mcmm,0.25,0.75,0.0,69.40688950036186,27.599378353624083,72.80762562551512,0.9490196,0.5764706,0.050980393,#f2930d,0.0,0.0,0.0,panel_03_up__corner_1::gamut_024_mcmm
center_replicates,panel_03_up|corner_1|c0.333333_m0.000000_y0.666667,1,,panel_03_up,corner_1,9,gamut_009_cyy,cyy,0.3333333333333333,0.0,0.6666666666666666,35.186608841522634,3.931741553124535,2.0896101639420794,0.35686275,0.3137255,0.3137255,#5b5050,0.0,0.0,0.0,panel_03_up__corner_1::gamut_009_cyy
center_replicates,panel_03_up|corner_1|c0.333333_m0.666667_y0.000000,1,,panel_03_up,corner_1,23,gamut_023_cmm,cmm,0.3333333333333333,0.6666666666666666,0.0,66.78779892896337,33.772584025310415,70.54411206209384,0.94509804,0.53333336,0.0627451,#f18810,0.0,0.0,0.0,panel_03_up__corner_1::gamut_023_cmm
center_replicates,panel_03_up|corner_1|c0.400000_m0.000000_y0.600000,1,,panel_03_up,corner_1,10,gamut_010_cycyy,cycyy,0.4,0.0,0.6,36.6076310131192,6.810460989996825,8.41983085288941,0.4,0.32156864,0.28627452,#665249,0.0,0.0,0.0,panel_03_up__corner_1::gamut_010_cycyy
center_replicates,panel_03_up|corner_1|c0.400000_m0.600000_y0.000000,1,,panel_03_up,corner_1,22,gamut_022_cmcmm,cmcmm,0.4,0.6,0.0,66.08374173685338,35.825805781977635,69.54140063635002,0.9490196,0.5176471,0.07058824,#f28412,0.0,0.0,0.0,panel_03_up__corner_1::gamut_022_cmcmm
center_replicates,panel_03_up|corner_1|c0.500000_m0.000000_y0.500000,1,,panel_03_up,corner_1,11,gamut_011_cy,cy,0.5,0.0,0.5,37.36555546827511,12.043823119125635,20.142732932352622,0.45490196,0.3137255,0.21960784,#745038,0.0,0.0,0.0,panel_03_up__corner_1::gamut_011_cy
center_replicates,panel_03_up|corner_1|c0.500000_m0.500000_y0.000000,1,,panel_03_up,corner_1,21,gamut_021_cm,cm,0.5,0.5,0.0,64.5846116181579,39.82716140082968,68.12071104056253,0.9490196,0.4862745,0.08235294,#f27c15,0.0,0.0,0.0,panel_03_up__corner_1::gamut_021_cm
center_replicates,panel_03_up|corner_1|c0.600000_m0.000000_y0.400000,1,,panel_03_up,corner_1,12,gamut_012_ccycy,ccycy,0.6,0.0,0.4,39.06661593541428,17.261968152672004,27.129643876728714,0.50980395,0.3137255,0.19215687,#825031,0.0,0.0,0.0,panel_03_up__corner_1::gamut_012_ccycy
center_replicates,panel_03_up|corner_1|c0.600000_m0.400000_y0.000000,1,,panel_03_up,corner_1,20,gamut_020_ccmcm,ccmcm,0.6,0.4,0.0,63.26144079744175,42.12094920250464,66.25757027333464,0.94509804,0.46666667,0.09019608,#f17717,0.0,0.0,0.0,panel_03_up__corner_1::gamut_020_ccmcm
center_replicates,panel_03_up|corner_1|c0.666667_m0.000000_y0.333333,1,,panel_03_up,corner_1,13,gamut_013_ccy,ccy,0.6666666666666666,0.0,0.3333333333333333,40.50336508679397,21.67899149016661,31.57832302951171,0.54901963,0.3137255,0.17254902,#8c502c,0.0,0.0,0.0,panel_03_up__corner_1::gamut_013_ccy
center_replicates,panel_03_up|corner_1|c0.666667_m0.333333_y0.000000,1,,panel_03_up,corner_1,19,gamut_019_ccm,ccm,0.6666666666666666,0.3333333333333333,0.0,62.34258194384123,43.76696435787719,65.7273752739525,0.9411765,0.4490196,0.09019608,#f07217,0.0,0.0,0.0,panel_03_up__corner_1::gamut_019_ccm
center_replicates,panel_03_up|corner_1|c0.750000_m0.000000_y0.250000,1,,panel_03_up,corner_1,14,gamut_014_ccyc,ccyc,0.75,0.0,0.25,42.818931093414655,25.903013597984582,38.34178247342855,0.6,0.32156864,0.14509805,#995225,0.0,0.0,0.0,panel_03_up__corner_1::gamut_014_ccyc
center_replicates,panel_03_up|corner_1|c0.750000_m0.250000_y0.000000,1,,panel_03_up,corner_1,18,gamut_018_ccmc,ccmc,0.75,0.25,0.0,61.95732034400862,45.50707583972474,65.49522619396052,0.94509804,0.4392157,0.09019608,#f17017,0.0,0.0,0.0,panel_03_up__corner_1::gamut_018_ccmc
center_replicates,panel_03_up|corner_1|c0.800000_m0.000000_y0.200000,1,,panel_03_up,corner_1,15,gamut_015_ccycc,ccycc,0.8,0.0,0.2,44.19614562782567,29.43677728985461,42.190395352010704,0.63529414,0.3254902,0.12941177,#a25321,0.0,0.0,0.0,panel_03_up__corner_1::gamut_015_ccycc
center_replicates,panel_03_up|corner_1|c0.800000_m0.200000_y0.000000,1,,panel_03_up,corner_1,17,gamut_017_ccmcc,ccmcc,0.8,0.2,0.0,61.06843263656228,47.06126226526175,64.26577046496044,0.9411765,0.42352942,0.09803922,#f06c19,0.0,0.0,0.0,panel_03_up__corner_1::gamut_017_ccmcc
center_replicates,panel_03_up|corner_1|c1.000000_m0.000000_y0.000000,1,,panel_03_up,corner_1,16,gamut_016_c,c,1.0,0.0,0.0,58.97179271350876,51.00813718511765,62.26434338001208,0.93333334,0.38431373,0.101960786,#ee621a,0.0,0.0,0.0,panel_03_up__corner_1::gamut_016_c
center_replicates,panel_03_up|corner_2|c0.000000_m0.000000_y1.000000,1,,panel_03_up,corner_2,6,gamut_006_y,y,0.0,0.0,1.0,44.41649707916383,59.53538513349383,-9.096056784033737,0.7294118,0.19607843,0.4745098,#ba3279,0.0,0.0,0.0,panel_03_up__corner_2::gamut_006_y
center_replicates,panel_03_up|corner_2|c0.000000_m0.200000_y0.800000,1,,panel_03_up,corner_2,5,gamut_005_yymyy,yymyy,0.0,0.2,0.8,46.19565877785252,57.21938358833856,8.375181761243311,0.7647059,0.22352941,0.38431373,#c33962,0.0,0.0,0.0,panel_03_up__corner_2::gamut_005_yymyy
center_replicates,panel_03_up|corner_2|c0.000000_m0.250000_y0.750000,1,,panel_03_up,corner_2,4,gamut_004_ymyy,ymyy,0.0,0.25,0.75,46.6364562631393,56.87471560272839,12.48273658805318,0.77254903,0.23137255,0.3647059,#c53b5d,0.0,0.0,0.0,panel_03_up__corner_2::gamut_004_ymyy
center_replicates,panel_03_up|corner_2|c0.000000_m0.333333_y0.666667,1,,panel_03_up,corner_2,3,gamut_003_myy,myy,0.0,0.3333333333333333,0.6666666666666666,47.294491877340704,56.004557427802695,19.671471284471878,0.78431374,0.23921569,0.3254902,#c83d53,0.0,0.0,0.0,panel_03_up__corner_2::gamut_003_myy
center_replicates,panel_03_up|corner_2|c0.000000_m0.400000_y0.600000,1,,panel_03_up,corner_2,2,gamut_002_mymyy,mymyy,0.0,0.4,0.6,48.3895364770934,55.21372932554447,26.044985884494977,0.8,0.25490198,0.2901961,#cc414a,0.0,0.0,0.0,panel_03_up__corner_2::gamut_002_mymyy
center_replicates,panel_03_up|corner_2|c0.000000_m0.500000_y0.500000,1,,panel_03_up,corner_2,1,gamut_001_my,my,0.0,0.5,0.5,49.13842222471659,52.53043970419324,33.332974609928435,0.8,0.27450982,0.24705882,#cc463f,0.0,0.0,0.0,panel_03_up__corner_2::gamut_001_my
center_replicates,panel_03_up|corner_2|c0.000000_m0.600000_y0.400000,1,,panel_03_up,corner_2,30,gamut_030_mmymy,mmymy,0.0,0.6,0.4,50.052313761159525,51.94076259276726,38.39547353219572,0.8117647,0.2901961,0.22352941,#cf4a39,0.0,0.0,0.0,panel_03_up__corner_2::gamut_030_mmymy
center_replicates,panel_03_up|corner_2|c0.000000_m0.666667_y0.333333,1,,panel_03_up,corner_2,29,gamut_029_mmy,mmy,0.0,0.6666666666666666,0.3333333333333333,50.85339687543444,52.28479767936317,40.8920234166238,0.8235294,0.29411766,0.21176471,#d24b36,0.0,0.0,0.0,panel_03_up__corner_2::gamut_029_mmy
center_replicates,panel_03_up|corner_2|c0.000000_m0.750000_y0.250000,1,,panel_03_up,corner_2,28,gamut_028_mmym,mmym,0.0,0.75,0.25,51.62166531047187,52.11901050202927,45.296014809330266,0.8392157,0.3019608,0.18431373,#d64d2f,0.0,0.0,0.0,panel_03_up__corner_2::gamut_028_mmym
center_replicates,panel_03_up|corner_2|c0.000000_m0.800000_y0.200000,1,,panel_03_up,corner_2,27,gamut_027_mmymm,mmymm,0.0,0.8,0.2,52.24765625635632,52.73263930636824,49.26165565725014,0.8509804,0.30588236,0.16078432,#d94e29,0.0,0.0,0.0,panel_03_up__corner_2::gamut_027_mmymm
center_replicates,panel_03_up|corner_2|c0.000000_m1.000000_y0.000000,1,,panel_03_up,corner_2,26,gamut_026_m,m,0.0,1.0,0.0,52.80856704265437,53.7158990497465,52.08745660684005,0.8647059,0.30588236,0.14313726,#dd4e25,0.0,0.0,0.0,panel_03_up__corner_2::gamut_026_m
center_replicates,panel_03_up|corner_2|c0.200000_m0.000000_y0.800000,1,,panel_03_up,corner_2,7,gamut_007_yycyy,yycyy,0.2,0.0,0.8,47.0860859180858,51.188292434061616,7.299588448631256,0.74509805,0.27058825,0.39607844,#be4565,0.0,0.0,0.0,panel_03_up__corner_2::gamut_007_yycyy
center_replicates,panel_03_up|corner_2|c0.200000_m0.800000_y0.000000,1,,panel_03_up,corner_2,25,gamut_025_mmcmm,mmcmm,0.2,0.8,0.0,60.466637067758526,49.18636158665374,66.23428060046605,0.94509804,0.40784314,0.0627451,#f16810,0.0,0.0,0.0,panel_03_up__corner_2::gamut_025_mmcmm
center_replicates,panel_03_up|corner_2|c0.250000_m0.000000_y0.750000,1,,panel_03_up,corner_2,8,gamut_008_ycyy,ycyy,0.25,0.0,0.75,48.52792991352105,47.2662981402957,13.531023498977746,0.7490196,0.3019608,0.37254903,#bf4d5f,0.0,0.0,0.0,panel_03_up__corner_2::gamut_008_ycyy
center_replicates,panel_03_up|corner_2|c0.250000_m0.750000_y0.000000,1,,panel_03_up,corner_2,24,gamut_024_mcmm,mcmm,0.25,0.75,0.0,61.16433577171463,48.05498476178338,66.98039167902569,0.9490196,0.41960785,0.0627451,#f26b10,0.0,0.0,0.0,panel_03_up__corner_2::gamut_024_mcmm
center_replicates,panel_03_up|corner_2|c0.333333_m0.000000_y0.666667,1,,panel_03_up,corner_2,9,gamut_009_cyy,cyy,0.3333333333333333,0.0,0.6666666666666666,49.59283207904835,45.073941226409175,19.15930260594525,0.75686276,0.32156864,0.34117648,#c15257,0.0,0.0,0.0,panel_03_up__corner_2::gamut_009_cyy
center_replicates,panel_03_up|corner_2|c0.333333_m0.666667_y0.000000,1,,panel_03_up,corner_2,23,gamut_023_cmm,cmm,0.3333333333333333,0.6666666666666666,0.0,62.6122487997323,45.15970892415561,68.38894148022946,0.9529412,0.44705883,0.050980393,#f3720d,0.0,0.0,0.0,panel_03_up__corner_2::gamut_023_cmm
center_replicates,panel_03_up|corner_2|c0.400000_m0.000000_y0.600000,1,,panel_03_up,corner_2,10,gamut_010_cycyy,cycyy,0.4,0.0,0.6,50.13983437932113,41.462144065125216,22.68673324490173,0.7490196,0.34117648,0.3254902,#bf5753,0.0,0.0,0.0,panel_03_up__corner_2::gamut_010_cycyy
center_replicates,panel_03_up|corner_2|c0.400000_m0.600000_y0.000000,1,,panel_03_up,corner_2,22,gamut_022_cmcmm,cmcmm,0.4,0.6,0.0,63.53266266628897,43.33748486633948,68.83827474336542,0.95686275,0.4627451,0.05490196,#f4760e,0.0,0.0,0.0,panel_03_up__corner_2::gamut_022_cmcmm
center_replicates,panel_03_up|corner_2|c0.500000_m0.000000_y0.500000,1,,panel_03_up,corner_2,11,gamut_011_cy,cy,0.5,0.0,0.5,51.85920280362136,37.35907456460471,30.52623339115832,0.75686276,0.37254903,0.28627452,#c15f49,0.0,0.0,0.0,panel_03_up__corner_2::gamut_011_cy
center_replicates,panel_03_up|corner_2|c0.500000_m0.500000_y0.000000,1,,panel_03_up,corner_2,21,gamut_021_cm,cm,0.5,0.5,0.0,64.91093792063917,40.13120895836048,69.79433543393546,0.95686275,0.49019608,0.05490196,#f47d0e,0.0,0.0,0.0,panel_03_up__corner_2::gamut_021_cm
center_replicates,panel_03_up|corner_2|c0.600000_m0.000000_y0.400000,1,,panel_03_up,corner_2,12,gamut_012_ccycy,ccycy,0.6,0.0,0.4,54.45555769854275,33.51466000663517,36.27171997062103,0.77254903,0.4117647,0.27058825,#c56945,0.0,0.0,0.0,panel_03_up__corner_2::gamut_012_ccycy
center_replicates,panel_03_up|corner_2|c0.600000_m0.400000_y0.000000,1,,panel_03_up,corner_2,20,gamut_020_ccmcm,ccmcm,0.6,0.4,0.0,66.34201210478852,36.58666748289463,71.07906785795925,0.95686275,0.5176471,0.047058824,#f4840c,0.0,0.0,0.0,panel_03_up__corner_2::gamut_020_ccmcm
center_replicates,panel_03_up|corner_2|c0.666667_m0.000000_y0.333333,1,,panel_03_up,corner_2,13,gamut_013_ccy,ccy,0.6666666666666666,0.0,0.3333333333333333,55.68634030280917,29.958187662101952,41.11992371517874,0.77254903,0.43529412,0.24705882,#c56f3f,0.0,0.0,0.0,panel_03_up__corner_2::gamut_013_ccy
center_replicates,panel_03_up|corner_2|c0.666667_m0.333333_y0.000000,1,,panel_03_up,corner_2,19,gamut_019_ccm,ccm,0.6666666666666666,0.3333333333333333,0.0,67.1235122223728,33.18786166648518,71.89488368662052,0.9490196,0.5372549,0.039215688,#f2890a,0.0,0.0,0.0,panel_03_up__corner_2::gamut_019_ccm
center_replicates,panel_03_up|corner_2|c0.750000_m0.000000_y0.250000,1,,panel_03_up,corner_2,14,gamut_014_ccyc,ccyc,0.75,0.0,0.25,58.29982824654251,22.86140567962497,49.93731553217114,0.7764706,0.48235294,0.19607843,#c67b32,0.0,0.0,0.0,panel_03_up__corner_2::gamut_014_ccyc
center_replicates,panel_03_up|corner_2|c0.750000_m0.250000_y0.000000,1,,panel_03_up,corner_2,18,gamut_018_ccmc,ccmc,0.75,0.25,0.0,68.73412889240373,28.51997712758481,72.9077070656296,0.94509804,0.5686275,0.03529412,#f19109,0.0,0.0,0.0,panel_03_up__corner_2::gamut_018_ccmc
center_replicates,panel_03_up|corner_2|c0.800000_m0.000000_y0.200000,1,,panel_03_up,corner_2,15,gamut_015_ccycc,ccycc,0.8,0.0,0.2,59.29491233992632,19.36449711771196,53.92909217499038,0.76862746,0.5019608,0.17058824,#c4802c,0.0,0.0,0.0,panel_03_up__corner_2::gamut_015_ccycc
center_replicates,panel_03_up|corner_2|c0.800000_m0.200000_y0.000000,1,,panel_03_up,corner_2,17,gamut_017_ccmcc,ccmcc,0.8,0.2,0.0,69.53308241497699,24.42968721624095,73.09944868723308,0.9313725,0.59019613,0.039215688,#ed970a,0.0,0.0,0.0,panel_03_up__corner_2::gamut_017_ccmcc
center_replicates,panel_03_up|corner_2|c1.000000_m0.000000_y0.000000,1,,panel_03_up,corner_2,16,gamut_016_c,c,1.0,0.0,0.0,78.52178973110408,-8.91851898469781,78.42508350876608,0.84313726,0.76862746,0.039215688,#d7c40a,0.0,0.0,0.0,panel_03_up__corner_2::gamut_016_c
center_replicates,panel_03_up|corner_3|c0.000000_m0.000000_y1.000000,1,,panel_03_up,corner_3,6,gamut_006_y,y,0.0,0.0,1.0,54.09368347809173,51.80979860167928,61.06947351203236,0.8745098,0.32941177,0.05490196,#df540e,0.0,0.0,0.0,panel_03_up__corner_3::gamut_006_y
center_replicates,panel_03_up|corner_3|c0.000000_m0.200000_y0.800000,1,,panel_03_up,corner_3,5,gamut_005_yymyy,yymyy,0.0,0.2,0.8,48.98762361471768,50.2365425671959,48.406793226131896,0.8,0.28235295,0.13725491,#cc4823,0.0,0.0,0.0,panel_03_up__corner_3::gamut_005_yymyy
center_replicates,panel_03_up|corner_3|c0.000000_m0.250000_y0.750000,1,,panel_03_up,corner_3,4,gamut_004_ymyy,ymyy,0.0,0.25,0.75,49.3764242332546,50.68187111022121,46.91593981202025,0.8039216,0.28627452,0.15294118,#cd4927,0.0,0.0,0.0,panel_03_up__corner_3::gamut_004_ymyy
center_replicates,panel_03_up|corner_3|c0.000000_m0.333333_y0.666667,1,,panel_03_up,corner_3,3,gamut_003_myy,myy,0.0,0.3333333333333333,0.6666666666666666,48.90504899183398,50.550606960206245,43.68875004710552,0.79607844,0.28235295,0.17254902,#cb482c,0.0,0.0,0.0,panel_03_up__corner_3::gamut_003_myy
center_replicates,panel_03_up|corner_3|c0.000000_m0.400000_y0.600000,1,,panel_03_up,corner_3,2,gamut_002_mymyy,mymyy,0.0,0.4,0.6,49.12758253144696,50.675069251733845,40.76118491703232,0.79607844,0.28627452,0.19607843,#cb4932,0.0,0.0,0.0,panel_03_up__corner_3::gamut_002_mymyy
center_replicates,panel_03_up|corner_3|c0.000000_m0.500000_y0.500000,1,,panel_03_up,corner_3,1,gamut_001_my,my,0.0,0.5,0.5,48.54026348169516,50.18809361192783,35.48802294921046,0.78431374,0.28235295,0.22745098,#c8483a,0.0,0.0,0.0,panel_03_up__corner_3::gamut_001_my
center_replicates,panel_03_up|corner_3|c0.000000_m0.600000_y0.400000,1,,panel_03_up,corner_3,30,gamut_030_mmymy,mmymy,0.0,0.6,0.4,48.71287075392779,52.693222909824144,28.80950887174556,0.7921569,0.27058825,0.27450982,#ca4546,0.0,0.0,0.0,panel_03_up__corner_3::gamut_030_mmymy
center_replicates,panel_03_up|corner_3|c0.000000_m0.666667_y0.333333,1,,panel_03_up,corner_3,29,gamut_029_mmy,mmy,0.0,0.6666666666666666,0.3333333333333333,49.29555470639232,52.31751192336787,21.543776246012925,0.7921569,0.28235295,0.3254902,#ca4853,0.0,0.0,0.0,panel_03_up__corner_3::gamut_029_mmy
center_replicates,panel_03_up|corner_3|c0.000000_m0.750000_y0.250000,1,,panel_03_up,corner_3,28,gamut_028_mmym,mmym,0.0,0.75,0.25,49.352822668276616,52.84289436295647,14.861263559961191,0.7882353,0.28235295,0.36862746,#c9485e,0.0,0.0,0.0,panel_03_up__corner_3::gamut_028_mmym
center_replicates,panel_03_up|corner_3|c0.000000_m0.800000_y0.200000,1,,panel_03_up,corner_3,27,gamut_027_mmymm,mmymm,0.0,0.8,0.2,48.85773609508807,54.31271884020228,10.416807040001896,0.78431374,0.27058825,0.39607844,#c84565,0.0,0.0,0.0,panel_03_up__corner_3::gamut_027_mmymm
center_replicates,panel_03_up|corner_3|c0.000000_m1.000000_y0.000000,1,,panel_03_up,corner_3,26,gamut_026_m,m,0.0,1.0,0.0,45.842864529346585,58.15371311051953,-10.06902319771592,0.7372549,0.22352941,0.49803922,#bc397f,0.0,0.0,0.0,panel_03_up__corner_3::gamut_026_m
center_replicates,panel_03_up|corner_3|c0.200000_m0.000000_y0.800000,1,,panel_03_up,corner_3,7,gamut_007_yycyy,yycyy,0.2,0.0,0.8,39.52667571486324,29.80508392671352,40.80469296093538,0.58431375,0.2784314,0.09803922,#954719,0.0,0.0,0.0,panel_03_up__corner_3::gamut_007_yycyy
center_replicates,panel_03_up|corner_3|c0.200000_m0.800000_y0.000000,1,,panel_03_up,corner_3,25,gamut_025_mmcmm,mmcmm,0.2,0.8,0.0,39.61929751758447,41.25626528120149,-23.326944688764478,0.54901963,0.25490198,0.5176471,#8c4184,0.0,0.0,0.0,panel_03_up__corner_3::gamut_025_mmcmm
center_replicates,panel_03_up|corner_3|c0.250000_m0.000000_y0.750000,1,,panel_03_up,corner_3,8,gamut_008_ycyy,ycyy,0.25,0.0,0.75,39.35331477899263,27.332251529920608,38.87404987089832,0.5686275,0.28627452,0.10980392,#91491c,0.0,0.0,0.0,panel_03_up__corner_3::gamut_008_ycyy
center_replicates,panel_03_up|corner_3|c0.250000_m0.750000_y0.000000,1,,panel_03_up,corner_3,24,gamut_024_mcmm,mcmm,0.25,0.75,0.0,37.7842119768365,39.25858371255889,-26.29579397766412,0.50980395,0.24705882,0.5176471,#823f84,0.0,0.0,0.0,panel_03_up__corner_3::gamut_024_mcmm
center_replicates,panel_03_up|corner_3|c0.333333_m0.000000_y0.666667,1,,panel_03_up,corner_3,9,gamut_009_cyy,cyy,0.3333333333333333,0.0,0.6666666666666666,37.91186907734539,22.96462187748949,33.730592084020586,0.5294118,0.28627452,0.13725491,#874923,0.0,0.0,0.0,panel_03_up__corner_3::gamut_009_cyy
center_replicates,panel_03_up|corner_3|c0.333333_m0.666667_y0.000000,1,,panel_03_up,corner_3,23,gamut_023_cmm,cmm,0.3333333333333333,0.6666666666666666,0.0,36.60468347762481,34.74007310401009,-28.87732636828469,0.4627451,0.25490198,0.52156866,#764185,0.0,0.0,0.0,panel_03_up__corner_3::gamut_023_cmm
center_replicates,panel_03_up|corner_3|c0.400000_m0.000000_y0.600000,1,,panel_03_up,corner_3,10,gamut_010_cycyy,cycyy,0.4,0.0,0.6,37.5663831676279,19.568471310683957,30.48491358900842,0.5058824,0.29411766,0.15686275,#814b28,0.0,0.0,0.0,panel_03_up__corner_3::gamut_010_cycyy
center_replicates,panel_03_up|corner_3|c0.400000_m0.600000_y0.000000,1,,panel_03_up,corner_3,22,gamut_022_cmcmm,cmcmm,0.4,0.6,0.0,36.71599824407839,32.42209655466088,-31.00721285530932,0.44313726,0.26666668,0.5372549,#714489,0.0,0.0,0.0,panel_03_up__corner_3::gamut_022_cmcmm
center_replicates,panel_03_up|corner_3|c0.500000_m0.000000_y0.500000,1,,panel_03_up,corner_3,11,gamut_011_cy,cy,0.5,0.0,0.5,36.30338016706433,14.649878640845298,23.83002473357677,0.4627451,0.29803923,0.18431373,#764c2f,0.0,0.0,0.0,panel_03_up__corner_3::gamut_011_cy
center_replicates,panel_03_up|corner_3|c0.500000_m0.500000_y0.000000,1,,panel_03_up,corner_3,21,gamut_021_cm,cm,0.5,0.5,0.0,35.65421908165402,28.66797709334945,-35.268508560126776,0.3882353,0.27058825,0.54901963,#63458c,0.0,0.0,0.0,panel_03_up__corner_3::gamut_021_cm
center_replicates,panel_03_up|corner_3|c0.600000_m0.000000_y0.400000,1,,panel_03_up,corner_3,12,gamut_012_ccycy,ccycy,0.6,0.0,0.4,34.94587662035966,9.870340105493035,12.35826720408073,0.40784314,0.29803923,0.24705882,#684c3f,0.0,0.0,0.0,panel_03_up__corner_3::gamut_012_ccycy
center_replicates,panel_03_up|corner_3|c0.600000_m0.400000_y0.000000,1,,panel_03_up,corner_3,20,gamut_020_ccmcm,ccmcm,0.6,0.4,0.0,35.44493270106125,24.651605721891013,-37.66892162979513,0.34509805,0.28235295,0.5647059,#584890,0.0,0.0,0.0,panel_03_up__corner_3::gamut_020_ccmcm
center_replicates,panel_03_up|corner_3|c0.666667_m0.000000_y0.333333,1,,panel_03_up,corner_3,13,gamut_013_ccy,ccy,0.6666666666666666,0.0,0.3333333333333333,34.91986450965327,6.918678031620523,6.553357678433569,0.38039216,0.30588236,0.28235295,#614e48,0.0,0.0,0.0,panel_03_up__corner_3::gamut_013_ccy
center_replicates,panel_03_up|corner_3|c0.666667_m0.333333_y0.000000,1,,panel_03_up,corner_3,19,gamut_019_ccm,ccm,0.6666666666666666,0.3333333333333333,0.0,34.9588964405311,22.80601786892722,-40.14124924256428,0.30980393,0.28627452,0.5764706,#4f4993,0.0,0.0,0.0,panel_03_up__corner_3::gamut_019_ccm
center_replicates,panel_03_up|corner_3|c0.750000_m0.000000_y0.250000,1,,panel_03_up,corner_3,14,gamut_014_ccyc,ccyc,0.75,0.0,0.25,35.91520900576161,3.6357761836425806,-5.943893612061335,0.3372549,0.3254902,0.36862746,#56535e,0.0,0.0,0.0,panel_03_up__corner_3::gamut_014_ccyc
center_replicates,panel_03_up|corner_3|c0.750000_m0.250000_y0.000000,1,,panel_03_up,corner_3,18,gamut_018_ccmc,ccmc,0.75,0.25,0.0,36.534346746843966,19.870859114172102,-44.48980660596597,0.26666668,0.30980393,0.61960787,#444f9e,0.0,0.0,0.0,panel_03_up__corner_3::gamut_018_ccmc
center_replicates,panel_03_up|corner_3|c0.800000_m0.000000_y0.200000,1,,panel_03_up,corner_3,15,gamut_015_ccycc,ccycc,0.8,0.0,0.2,36.068767054124805,3.8381622401891526,-15.805590747983011,0.3019608,0.32941177,0.43137255,#4d546e,0.0,0.0,0.0,panel_03_up__corner_3::gamut_015_ccycc
center_replicates,panel_03_up|corner_3|c0.800000_m0.200000_y0.000000,1,,panel_03_up,corner_3,17,gamut_017_ccmcc,ccmcc,0.8,0.2,0.0,37.484009735989055,17.67472603583012,-47.18671604484721,0.22745098,0.3254902,0.64705884,#3a53a5,0.0,0.0,0.0,panel_03_up__corner_3::gamut_017_ccmcc
center_replicates,panel_03_up|corner_3|c1.000000_m0.000000_y0.000000,1,,panel_03_up,corner_3,16,gamut_016_c,c,1.0,0.0,0.0,42.4477425883055,10.179668282812916,-51.48425740755389,0.08431373,0.39215687,0.7254902,#1664b9,0.0,0.0,0.0,panel_03_up__corner_3::gamut_016_c
center_replicates,panel_04_down|corner_1|c0.000000_m0.000000_y1.000000,1,,panel_04_down,corner_1,6,gamut_006_y,y,0.0,0.0,1.0,47.9628228967177,61.87591796389197,-10.332821919798008,0.78039217,0.22352941,0.52156866,#c73985,0.0,0.0,0.0,panel_04_down__corner_1::gamut_006_y
center_replicates,panel_04_down|corner_1|c0.000000_m0.200000_y0.800000,1,,panel_04_down,corner_1,5,gamut_005_yymyy,yymyy,0.0,0.2,0.8,50.61263383448356,51.21243325945124,8.638029544516002,0.78431374,0.30588236,0.42352942,#c84e6c,0.0,0.0,0.0,panel_04_down__corner_1::gamut_005_yymyy
center_replicates,panel_04_down|corner_1|c0.000000_m0.250000_y0.750000,1,,panel_04_down,corner_1,4,gamut_004_ymyy,ymyy,0.0,0.25,0.75,50.804279933502514,48.04197854259073,14.432380862432426,0.78039217,0.32156864,0.3882353,#c75263,0.0,0.0,0.0,panel_04_down__corner_1::gamut_004_ymyy
center_replicates,panel_04_down|corner_1|c0.000000_m0.333333_y0.666667,1,,panel_04_down,corner_1,3,gamut_003_myy,myy,0.0,0.3333333333333333,0.6666666666666666,51.35193422296244,44.82710521472211,18.9849747331403,0.7764706,0.34117648,0.36078432,#c6575c,0.0,0.0,0.0,panel_04_down__corner_1::gamut_003_myy
center_replicates,panel_04_down|corner_1|c0.000000_m0.400000_y0.600000,1,,panel_04_down,corner_1,2,gamut_002_mymyy,mymyy,0.0,0.4,0.6,50.56665011396629,40.11659148721877,23.75963836585493,0.7490196,0.34901962,0.32156864,#bf5952,0.0,0.0,0.0,panel_04_down__corner_1::gamut_002_mymyy
center_replicates,panel_04_down|corner_1|c0.000000_m0.500000_y0.500000,1,,panel_04_down,corner_1,1,gamut_001_my,my,0.0,0.5,0.5,50.77180618806557,36.945755561065496,30.768566580583222,0.74509805,0.36078432,0.27450982,#be5c46,0.0,0.0,0.0,panel_04_down__corner_1::gamut_001_my
center_replicates,panel_04_down|corner_1|c0.000000_m0.600000_y0.400000,1,,panel_04_down,corner_1,30,gamut_030_mmymy,mmymy,0.0,0.6,0.4,52.903553557825006,33.57924678521079,35.888166576178314,0.7529412,0.39607844,0.25686276,#c06542,0.0,0.0,0.0,panel_04_down__corner_1::gamut_030_mmymy
center_replicates,panel_04_down|corner_1|c0.000000_m0.666667_y0.333333,1,,panel_04_down,corner_1,29,gamut_029_mmy,mmy,0.0,0.6666666666666666,0.3333333333333333,54.57841757804617,29.958187662101952,40.901650777590646,0.7607843,0.42745098,0.23921569,#c26d3d,0.0,0.0,0.0,panel_04_down__corner_1::gamut_029_mmy
center_replicates,panel_04_down|corner_1|c0.000000_m0.750000_y0.250000,1,,panel_04_down,corner_1,28,gamut_028_mmym,mmym,0.0,0.75,0.25,59.90685108550976,23.14710499455061,49.61145761908374,0.7921569,0.49803922,0.21764706,#ca7f38,0.0,0.0,0.0,panel_04_down__corner_1::gamut_028_mmym
center_replicates,panel_04_down|corner_1|c0.000000_m0.800000_y0.200000,1,,panel_04_down,corner_1,27,gamut_027_mmymm,mmymm,0.0,0.8,0.2,64.20502374300575,17.516023425878213,54.38879070767433,0.8156863,0.5568628,0.21568628,#d08e37,0.0,0.0,0.0,panel_04_down__corner_1::gamut_027_mmymm
center_replicates,panel_04_down|corner_1|c0.000000_m1.000000_y0.000000,1,,panel_04_down,corner_1,26,gamut_026_m,m,0.0,1.0,0.0,86.45037198253557,-11.9424041423869,84.55429567890602,0.9254902,0.8627451,0.0627451,#ecdc10,0.0,0.0,0.0,panel_04_down__corner_1::gamut_026_m
center_replicates,panel_04_down|corner_1|c0.200000_m0.000000_y0.800000,1,,panel_04_down,corner_1,7,gamut_007_yycyy,yycyy,0.2,0.0,0.8,44.00820188032537,45.58487294415292,-14.546237654801493,0.64117646,0.27450982,0.50784314,#a34682,0.0,0.0,0.0,panel_04_down__corner_1::gamut_007_yycyy
center_replicates,panel_04_down|corner_1|c0.200000_m0.800000_y0.000000,1,,panel_04_down,corner_1,25,gamut_025_mmcmm,mmcmm,0.2,0.8,0.0,62.851321058138254,-17.3520927921616,59.76746005154055,0.59607846,0.6215687,0.12156863,#989f1f,0.0,0.0,0.0,panel_04_down__corner_1::gamut_025_mmcmm
center_replicates,panel_04_down|corner_1|c0.250000_m0.000000_y0.750000,1,,panel_04_down,corner_1,8,gamut_008_ycyy,ycyy,0.25,0.0,0.75,44.74393631485279,41.42228495441369,-14.37521042654597,0.627451,0.3019608,0.50980395,#a04d82,0.0,0.0,0.0,panel_04_down__corner_1::gamut_008_ycyy
center_replicates,panel_04_down|corner_1|c0.250000_m0.750000_y0.000000,1,,panel_04_down,corner_1,24,gamut_024_mcmm,mcmm,0.25,0.75,0.0,59.35362137881148,-18.043276286063943,55.0411424263574,0.54509807,0.5882353,0.13333334,#8b9622,0.0,0.0,0.0,panel_04_down__corner_1::gamut_024_mcmm
center_replicates,panel_04_down|corner_1|c0.333333_m0.000000_y0.666667,1,,panel_04_down,corner_1,9,gamut_009_cyy,cyy,0.3333333333333333,0.0,0.6666666666666666,44.13049618449039,34.81441656905182,-13.824933572600662,0.58431375,0.31764707,0.5019608,#955180,0.0,0.0,0.0,panel_04_down__corner_1::gamut_009_cyy
center_replicates,panel_04_down|corner_1|c0.333333_m0.666667_y0.000000,1,,panel_04_down,corner_1,23,gamut_023_cmm,cmm,0.3333333333333333,0.6666666666666666,0.0,54.83052310028639,-17.05221582567956,49.0027798288165,0.49803922,0.5411765,0.15294118,#7f8a27,0.0,0.0,0.0,panel_04_down__corner_1::gamut_023_cmm
center_replicates,panel_04_down|corner_1|c0.400000_m0.000000_y0.600000,1,,panel_04_down,corner_1,10,gamut_010_cycyy,cycyy,0.4,0.0,0.6,44.32548417381324,29.61206984722446,-13.242399464019991,0.5568628,0.3372549,0.49411765,#8e567e,0.0,0.0,0.0,panel_04_down__corner_1::gamut_010_cycyy
center_replicates,panel_04_down|corner_1|c0.400000_m0.600000_y0.000000,1,,panel_04_down,corner_1,22,gamut_022_cmcmm,cmcmm,0.4,0.6,0.0,52.981958042424665,-17.526726964962602,44.61219986125767,0.4745098,0.52156866,0.17254902,#79852c,0.0,0.0,0.0,panel_04_down__corner_1::gamut_022_cmcmm
center_replicates,panel_04_down|corner_1|c0.500000_m0.000000_y0.500000,1,,panel_04_down,corner_1,11,gamut_011_cy,cy,0.5,0.0,0.5,42.47135850431855,24.50573601053157,-12.953729876523168,0.50980395,0.3372549,0.47843137,#82567a,0.0,0.0,0.0,panel_04_down__corner_1::gamut_011_cy
center_replicates,panel_04_down|corner_1|c0.500000_m0.500000_y0.000000,1,,panel_04_down,corner_1,21,gamut_021_cm,cm,0.5,0.5,0.0,51.374352295519856,-16.986657656474947,39.0783296419509,0.4509804,0.5058824,0.20392157,#738134,0.0,0.0,0.0,panel_04_down__corner_1::gamut_021_cm
center_replicates,panel_04_down|corner_1|c0.600000_m0.000000_y0.400000,1,,panel_04_down,corner_1,12,gamut_012_ccycy,ccycy,0.6,0.0,0.4,41.39093620571363,20.11355745351795,-11.552084327807616,0.4764706,0.3372549,0.45882353,#7a5675,0.0,0.0,0.0,panel_04_down__corner_1::gamut_012_ccycy
center_replicates,panel_04_down|corner_1|c0.600000_m0.400000_y0.000000,1,,panel_04_down,corner_1,20,gamut_020_ccmcm,ccmcm,0.6,0.4,0.0,49.50031611983461,-15.40258518976323,31.42631910565849,0.42745098,0.4862745,0.24313726,#6d7c3e,0.0,0.0,0.0,panel_04_down__corner_1::gamut_020_ccmcm
center_replicates,panel_04_down|corner_1|c0.666667_m0.000000_y0.333333,1,,panel_04_down,corner_1,13,gamut_013_ccy,ccy,0.6666666666666666,0.0,0.3333333333333333,40.81511877092957,15.399421235464256,-10.118270571880672,0.44705883,0.34509805,0.44313726,#725871,0.0,0.0,0.0,panel_04_down__corner_1::gamut_013_ccy
center_replicates,panel_04_down|corner_1|c0.666667_m0.333333_y0.000000,1,,panel_04_down,corner_1,19,gamut_019_ccm,ccm,0.6666666666666666,0.3333333333333333,0.0,48.02466687996922,-13.113267509435534,24.92142910422229,0.41960785,0.46666667,0.2784314,#6b7747,0.0,0.0,0.0,panel_04_down__corner_1::gamut_019_ccm
center_replicates,panel_04_down|corner_1|c0.750000_m0.000000_y0.250000,1,,panel_04_down,corner_1,14,gamut_014_ccyc,ccyc,0.75,0.0,0.25,40.92572242181461,10.782156074025051,-8.427724095430644,0.42352942,0.35686275,0.43137255,#6c5b6e,0.0,0.0,0.0,panel_04_down__corner_1::gamut_014_ccyc
center_replicates,panel_04_down|corner_1|c0.750000_m0.250000_y0.000000,1,,panel_04_down,corner_1,18,gamut_018_ccmc,ccmc,0.75,0.25,0.0,46.34819474971838,-10.25883934903643,16.49586923614509,0.40392157,0.44705883,0.32156864,#677252,0.0,0.0,0.0,panel_04_down__corner_1::gamut_018_ccmc
center_replicates,panel_04_down|corner_1|c0.800000_m0.000000_y0.200000,1,,panel_04_down,corner_1,15,gamut_015_ccycc,ccycc,0.8,0.0,0.2,40.98328011458746,6.614538421384375,-7.179649017603273,0.4019608,0.36666667,0.4254902,#675e6d,0.0,0.0,0.0,panel_04_down__corner_1::gamut_015_ccycc
center_replicates,panel_04_down|corner_1|c0.800000_m0.200000_y0.000000,1,,panel_04_down,corner_1,17,gamut_017_ccmcc,ccmcc,0.8,0.2,0.0,44.17343539773199,-8.066620842422934,9.264370748858251,0.38039216,0.42352942,0.34901962,#616c59,0.0,0.0,0.0,panel_04_down__corner_1::gamut_017_ccmcc
center_replicates,panel_04_down|corner_1|c1.000000_m0.000000_y0.000000,1,,panel_04_down,corner_1,16,gamut_016_c,c,1.0,0.0,0.0,41.7807492189428,-2.4085682079432456,-2.7538587998475084,0.36078432,0.39215687,0.40392157,#5c6467,0.0,0.0,0.0,panel_04_down__corner_1::gamut_016_c
center_replicates,panel_04_down|corner_2|c0.000000_m0.000000_y1.000000,1,,panel_04_down,corner_2,6,gamut_006_y,y,0.0,0.0,1.0,45.698189794954686,7.169145347401762,-50.0102404992746,0.10980392,0.42745098,0.7529412,#1c6dc0,0.0,0.0,0.0,panel_04_down__corner_2::gamut_006_y
center_replicates,panel_04_down|corner_2|c0.000000_m0.200000_y0.800000,1,,panel_04_down,corner_2,5,gamut_005_yymyy,yymyy,0.0,0.2,0.8,43.68525251242601,-1.2873263344798105,-33.91389488586483,0.18431373,0.41960785,0.62352943,#2f6b9f,0.0,0.0,0.0,panel_04_down__corner_2::gamut_005_yymyy
center_replicates,panel_04_down|corner_2|c0.000000_m0.250000_y0.750000,1,,panel_04_down,corner_2,4,gamut_004_ymyy,ymyy,0.0,0.25,0.75,44.93390407898687,-2.452884867772912,-31.27275101411649,0.21960784,0.43137255,0.6215687,#386e9f,0.0,0.0,0.0,panel_04_down__corner_2::gamut_004_ymyy
center_replicates,panel_04_down|corner_2|c0.000000_m0.333333_y0.666667,1,,panel_04_down,corner_2,3,gamut_003_myy,myy,0.0,0.3333333333333333,0.6666666666666666,46.29856584528418,-3.929629942829221,-27.16438390298742,0.25490198,0.44705883,0.60784316,#41729b,0.0,0.0,0.0,panel_04_down__corner_2::gamut_003_myy
center_replicates,panel_04_down|corner_2|c0.000000_m0.400000_y0.600000,1,,panel_04_down,corner_2,2,gamut_002_mymyy,mymyy,0.0,0.4,0.6,47.64586832044064,-4.590487003503895,-23.85551108282964,0.28627452,0.45882353,0.59607846,#497598,0.0,0.0,0.0,panel_04_down__corner_2::gamut_002_mymyy
center_replicates,panel_04_down|corner_2|c0.000000_m0.500000_y0.500000,1,,panel_04_down,corner_2,1,gamut_001_my,my,0.0,0.5,0.5,48.807993250897056,-5.53192781306866,-18.1844236847301,0.33333334,0.47058824,0.5764706,#557893,0.0,0.0,0.0,panel_04_down__corner_2::gamut_001_my
center_replicates,panel_04_down|corner_2|c0.000000_m0.600000_y0.400000,1,,panel_04_down,corner_2,30,gamut_030_mmymy,mmymy,0.0,0.6,0.4,48.08002569443683,-4.700066748147991,-15.86284483651832,0.34117648,0.4627451,0.5529412,#57768d,0.0,0.0,0.0,panel_04_down__corner_2::gamut_030_mmymy
center_replicates,panel_04_down|corner_2|c0.000000_m0.666667_y0.333333,1,,panel_04_down,corner_2,29,gamut_029_mmy,mmy,0.0,0.6666666666666666,0.3333333333333333,47.19634502799183,-3.985629745541564,-13.874162129143762,0.3529412,0.4509804,0.5254902,#5a7386,0.0,0.0,0.0,panel_04_down__corner_2::gamut_029_mmy
center_replicates,panel_04_down|corner_2|c0.000000_m0.750000_y0.250000,1,,panel_04_down,corner_2,28,gamut_028_mmym,mmym,0.0,0.75,0.25,47.51265539765704,-2.9939363484736417,-11.50793750793575,0.3745098,0.4509804,0.5137255,#5f7383,0.0,0.0,0.0,panel_04_down__corner_2::gamut_028_mmym
center_replicates,panel_04_down|corner_2|c0.000000_m0.800000_y0.200000,1,,panel_04_down,corner_2,27,gamut_027_mmymm,mmymm,0.0,0.8,0.2,47.55424951818944,-2.945427240920062,-9.089737384901644,0.3882353,0.4509804,0.49803922,#63737f,0.0,0.0,0.0,panel_04_down__corner_2::gamut_027_mmymm
center_replicates,panel_04_down|corner_2|c0.000000_m1.000000_y0.000000,1,,panel_04_down,corner_2,26,gamut_026_m,m,0.0,1.0,0.0,45.84731895723613,-2.2977963533686863,-3.941274223437663,0.39607844,0.43137255,0.4509804,#656e73,0.0,0.0,0.0,panel_04_down__corner_2::gamut_026_m
center_replicates,panel_04_down|corner_2|c0.200000_m0.000000_y0.800000,1,,panel_04_down,corner_2,7,gamut_007_yycyy,yycyy,0.2,0.0,0.8,47.9384315865332,-23.04047125751367,-9.537412015970304,0.16470589,0.49019608,0.5058824,#2a7d81,0.0,0.0,0.0,panel_04_down__corner_2::gamut_007_yycyy
center_replicates,panel_04_down|corner_2|c0.200000_m0.800000_y0.000000,1,,panel_04_down,corner_2,25,gamut_025_mmcmm,mmcmm,0.2,0.8,0.0,50.14732997576705,-8.288744026742567,8.471836391146192,0.43529412,0.48235294,0.40784314,#6f7b68,0.0,0.0,0.0,panel_04_down__corner_2::gamut_025_mmcmm
center_replicates,panel_04_down|corner_2|c0.250000_m0.000000_y0.750000,1,,panel_04_down,corner_2,8,gamut_008_ycyy,ycyy,0.25,0.0,0.75,49.58661645589642,-28.518605411724185,-0.5636619779444185,0.18039216,0.5137255,0.4627451,#2e8376,0.0,0.0,0.0,panel_04_down__corner_2::gamut_008_ycyy
center_replicates,panel_04_down|corner_2|c0.250000_m0.750000_y0.000000,1,,panel_04_down,corner_2,24,gamut_024_mcmm,mcmm,0.25,0.75,0.0,53.26929177889792,-10.515711298596964,14.530414976604456,0.4627451,0.5176471,0.4,#768466,0.0,0.0,0.0,panel_04_down__corner_2::gamut_024_mcmm
center_replicates,panel_04_down|corner_2|c0.333333_m0.000000_y0.666667,1,,panel_04_down,corner_2,9,gamut_009_cyy,cyy,0.3333333333333333,0.0,0.6666666666666666,52.35799610401524,-35.89167478963934,13.137715832230311,0.20392157,0.54901963,0.4,#348c66,0.0,0.0,0.0,panel_04_down__corner_2::gamut_009_cyy
center_replicates,panel_04_down|corner_2|c0.333333_m0.666667_y0.000000,1,,panel_04_down,corner_2,23,gamut_023_cmm,cmm,0.3333333333333333,0.6666666666666666,0.0,55.16202100041228,-14.27662759071696,23.280669284546065,0.47843137,0.5411765,0.36078432,#7a8a5c,0.0,0.0,0.0,panel_04_down__corner_2::gamut_023_cmm
center_replicates,panel_04_down|corner_2|c0.400000_m0.000000_y0.600000,1,,panel_04_down,corner_2,10,gamut_010_cycyy,cycyy,0.4,0.0,0.6,53.85173438947331,-39.06536529380211,22.14311547801526,0.22745098,0.5686275,0.34901962,#3a9159,0.0,0.0,0.0,panel_04_down__corner_2::gamut_010_cycyy
center_replicates,panel_04_down|corner_2|c0.400000_m0.600000_y0.000000,1,,panel_04_down,corner_2,22,gamut_022_cmcmm,cmcmm,0.4,0.6,0.0,57.25016815969883,-15.860116914709147,28.37937420329311,0.49803922,0.5647059,0.34117648,#7f9057,0.0,0.0,0.0,panel_04_down__corner_2::gamut_022_cmcmm
center_replicates,panel_04_down|corner_2|c0.500000_m0.000000_y0.500000,1,,panel_04_down,corner_2,11,gamut_011_cy,cy,0.5,0.0,0.5,57.3298594453957,-43.050203310816826,35.322113095997175,0.27450982,0.60784316,0.28235295,#469b48,0.0,0.0,0.0,panel_04_down__corner_2::gamut_011_cy
center_replicates,panel_04_down|corner_2|c0.500000_m0.500000_y0.000000,1,,panel_04_down,corner_2,21,gamut_021_cm,cm,0.5,0.5,0.0,59.5889958737356,-18.50345717840679,39.14219667450583,0.5254902,0.5921569,0.28235295,#869748,0.0,0.0,0.0,panel_04_down__corner_2::gamut_021_cm
center_replicates,panel_04_down|corner_2|c0.600000_m0.000000_y0.400000,1,,panel_04_down,corner_2,12,gamut_012_ccycy,ccycy,0.6,0.0,0.4,61.019137223620206,-42.8214702496999,41.92146501791735,0.34117648,0.64705884,0.26666668,#57a544,0.0,0.0,0.0,panel_04_down__corner_2::gamut_012_ccycy
center_replicates,panel_04_down|corner_2|c0.600000_m0.400000_y0.000000,1,,panel_04_down,corner_2,20,gamut_020_ccmcm,ccmcm,0.6,0.4,0.0,62.23749675395094,-19.293131297917437,45.85149349516991,0.56078434,0.61960787,0.25490198,#8f9e41,0.0,0.0,0.0,panel_04_down__corner_2::gamut_020_ccmcm
center_replicates,panel_04_down|corner_2|c0.666667_m0.000000_y0.333333,1,,panel_04_down,corner_2,13,gamut_013_ccy,ccy,0.6666666666666666,0.0,0.3333333333333333,62.796336118994645,-41.81635584634738,48.36093030762019,0.3882353,0.6627451,0.23137255,#63a93b,0.0,0.0,0.0,panel_04_down__corner_2::gamut_013_ccy
center_replicates,panel_04_down|corner_2|c0.666667_m0.333333_y0.000000,1,,panel_04_down,corner_2,19,gamut_019_ccm,ccm,0.6666666666666666,0.3333333333333333,0.0,63.639118113955504,-19.770600949350403,50.123890319610354,0.5764706,0.63529414,0.22745098,#93a23a,0.0,0.0,0.0,panel_04_down__corner_2::gamut_019_ccm
center_replicates,panel_04_down|corner_2|c0.750000_m0.000000_y0.250000,1,,panel_04_down,corner_2,14,gamut_014_ccyc,ccyc,0.75,0.0,0.25,65.07183826117883,-38.75486917986876,55.56586173025604,0.4509804,0.68235296,0.1882353,#73ae30,0.0,0.0,0.0,panel_04_down__corner_2::gamut_014_ccyc
center_replicates,panel_04_down|corner_2|c0.750000_m0.250000_y0.000000,1,,panel_04_down,corner_2,18,gamut_018_ccmc,ccmc,0.75,0.25,0.0,66.43163094000496,-19.38050068379027,57.18205198161945,0.61960787,0.6627451,0.19215687,#9ea931,0.0,0.0,0.0,panel_04_down__corner_2::gamut_018_ccmc
center_replicates,panel_04_down|corner_2|c0.800000_m0.000000_y0.200000,1,,panel_04_down,corner_2,15,gamut_015_ccycc,ccycc,0.8,0.0,0.2,66.45315876999773,-36.13024964280656,59.93924230813501,0.49411765,0.6921569,0.15490197,#7eb128,0.0,0.0,0.0,panel_04_down__corner_2::gamut_015_ccycc
center_replicates,panel_04_down|corner_2|c0.800000_m0.200000_y0.000000,1,,panel_04_down,corner_2,17,gamut_017_ccmcc,ccmcc,0.8,0.2,0.0,67.54732923437383,-19.28840707898744,60.83228673402591,0.63529414,0.6745098,0.16862746,#a2ac2b,0.0,0.0,0.0,panel_04_down__corner_2::gamut_017_ccmcc
center_replicates,panel_04_down|corner_2|c1.000000_m0.000000_y0.000000,1,,panel_04_down,corner_2,16,gamut_016_c,c,1.0,0.0,0.0,86.61834722881837,-12.800749459170536,84.74914298637407,0.9254902,0.8627451,0.0627451,#ecdc10,0.0,0.0,0.0,panel_04_down__corner_2::gamut_016_c
center_replicates,panel_04_down|corner_3|c0.000000_m0.000000_y1.000000,1,,panel_04_down,corner_3,6,gamut_006_y,y,0.0,0.0,1.0,40.212835138789536,-0.0786486872389191,-3.249039314090929,0.36078432,0.37254903,0.39215687,#5c5f64,0.0,0.0,0.0,panel_04_down__corner_3::gamut_006_y
center_replicates,panel_04_down|corner_3|c0.000000_m0.200000_y0.800000,1,,panel_04_down,corner_3,5,gamut_005_yymyy,yymyy,0.0,0.2,0.8,41.98087617556152,-2.096000737565315,-10.344889816067043,0.33333334,0.39607844,0.45490196,#556574,0.0,0.0,0.0,panel_04_down__corner_3::gamut_005_yymyy
center_replicates,panel_04_down|corner_3|c0.000000_m0.250000_y0.750000,1,,panel_04_down,corner_3,4,gamut_004_ymyy,ymyy,0.0,0.25,0.75,43.89238099892616,-2.829323331711153,-11.73905212926072,0.34117648,0.41568628,0.48235294,#576a7b,0.0,0.0,0.0,panel_04_down__corner_3::gamut_004_ymyy
center_replicates,panel_04_down|corner_3|c0.000000_m0.333333_y0.666667,1,,panel_04_down,corner_3,3,gamut_003_myy,myy,0.0,0.3333333333333333,0.6666666666666666,44.069131370926,-3.9070280674108337,-14.072002718413511,0.3254902,0.41960785,0.49803922,#536b7f,0.0,0.0,0.0,panel_04_down__corner_3::gamut_003_myy
center_replicates,panel_04_down|corner_3|c0.000000_m0.400000_y0.600000,1,,panel_04_down,corner_3,2,gamut_002_mymyy,mymyy,0.0,0.4,0.6,44.65677268493387,-3.948539389085071,-15.764185303271372,0.31764707,0.42745098,0.5137255,#516d83,0.0,0.0,0.0,panel_04_down__corner_3::gamut_002_mymyy
center_replicates,panel_04_down|corner_3|c0.000000_m0.500000_y0.500000,1,,panel_04_down,corner_3,1,gamut_001_my,my,0.0,0.5,0.5,44.72514593017191,-3.631510852038833,-20.442660143352036,0.29411766,0.42745098,0.54901963,#4b6d8c,0.0,0.0,0.0,panel_04_down__corner_3::gamut_001_my
center_replicates,panel_04_down|corner_3|c0.000000_m0.600000_y0.400000,1,,panel_04_down,corner_3,30,gamut_030_mmymy,mmymy,0.0,0.6,0.4,44.46762475191838,-3.2681963345661256,-25.65818115025053,0.25490198,0.42745098,0.5803922,#416d94,0.0,0.0,0.0,panel_04_down__corner_3::gamut_030_mmymy
center_replicates,panel_04_down|corner_3|c0.000000_m0.666667_y0.333333,1,,panel_04_down,corner_3,29,gamut_029_mmy,mmy,0.0,0.6666666666666666,0.3333333333333333,44.20862965541016,-2.920215990424857,-28.373095110860422,0.23529412,0.42352942,0.59607846,#3c6c98,0.0,0.0,0.0,panel_04_down__corner_3::gamut_029_mmy
center_replicates,panel_04_down|corner_3|c0.000000_m0.750000_y0.250000,1,,panel_04_down,corner_3,28,gamut_028_mmym,mmym,0.0,0.75,0.25,43.18682786323127,-0.786805922757372,-33.641388391393,0.19607843,0.4117647,0.61960787,#32699e,0.0,0.0,0.0,panel_04_down__corner_3::gamut_028_mmym
center_replicates,panel_04_down|corner_3|c0.000000_m0.800000_y0.200000,1,,panel_04_down,corner_3,27,gamut_027_mmymm,mmymm,0.0,0.8,0.2,42.41873132205925,0.6322727713954923,-36.37729343857903,0.17254902,0.40392157,0.627451,#2c67a0,0.0,0.0,0.0,panel_04_down__corner_3::gamut_027_mmymm
center_replicates,panel_04_down|corner_3|c0.000000_m1.000000_y0.000000,1,,panel_04_down,corner_3,26,gamut_026_m,m,0.0,1.0,0.0,43.477636124790976,9.294608477296295,-51.677940330402286,0.07058824,0.40392157,0.7411765,#1267bd,0.0,0.0,0.0,panel_04_down__corner_3::gamut_026_m
center_replicates,panel_04_down|corner_3|c0.200000_m0.000000_y0.800000,1,,panel_04_down,corner_3,7,gamut_007_yycyy,yycyy,0.2,0.0,0.8,40.15924854026975,9.663012548100426,-7.339844946064316,0.40980393,0.3529412,0.41764706,#695a6b,0.0,0.0,0.0,panel_04_down__corner_3::gamut_007_yycyy
center_replicates,panel_04_down|corner_3|c0.200000_m0.800000_y0.000000,1,,panel_04_down,corner_3,25,gamut_025_mmcmm,mmcmm,0.2,0.8,0.0,36.179587280934605,18.427717973153264,-47.44309473427176,0.22352941,0.30980393,0.63529414,#394fa2,0.0,0.0,0.0,panel_04_down__corner_3::gamut_025_mmcmm
center_replicates,panel_04_down|corner_3|c0.250000_m0.000000_y0.750000,1,,panel_04_down,corner_3,8,gamut_008_ycyy,ycyy,0.25,0.0,0.75,41.50353147366546,11.446323642503224,-7.844219952280307,0.4392157,0.36078432,0.4392157,#705c70,0.0,0.0,0.0,panel_04_down__corner_3::gamut_008_ycyy
center_replicates,panel_04_down|corner_3|c0.250000_m0.750000_y0.000000,1,,panel_04_down,corner_3,24,gamut_024_mcmm,mcmm,0.25,0.75,0.0,36.39391808459639,20.754886703021988,-45.75769576361493,0.25882354,0.30588236,0.627451,#424ea0,0.0,0.0,0.0,panel_04_down__corner_3::gamut_024_mcmm
center_replicates,panel_04_down|corner_3|c0.333333_m0.000000_y0.666667,1,,panel_04_down,corner_3,9,gamut_009_cyy,cyy,0.3333333333333333,0.0,0.6666666666666666,42.51749584208562,16.072516310727035,-9.708726689425662,0.47058824,0.36078432,0.45490196,#785c74,0.0,0.0,0.0,panel_04_down__corner_3::gamut_009_cyy
center_replicates,panel_04_down|corner_3|c0.333333_m0.666667_y0.000000,1,,panel_04_down,corner_3,23,gamut_023_cmm,cmm,0.3333333333333333,0.6666666666666666,0.0,34.930268615157615,25.047551736816693,-42.144803905217,0.3137255,0.2784314,0.5882353,#504796,0.0,0.0,0.0,panel_04_down__corner_3::gamut_023_cmm
center_replicates,panel_04_down|corner_3|c0.400000_m0.000000_y0.600000,1,,panel_04_down,corner_3,10,gamut_010_cycyy,cycyy,0.4,0.0,0.6,43.53858984706295,18.7199995872552,-9.848369697551622,0.49411765,0.3627451,0.46862745,#7e5d77,0.0,0.0,0.0,panel_04_down__corner_3::gamut_010_cycyy
center_replicates,panel_04_down|corner_3|c0.400000_m0.600000_y0.000000,1,,panel_04_down,corner_3,22,gamut_022_cmcmm,cmcmm,0.4,0.6,0.0,34.87035394946326,26.0488925047194,-40.45479620689531,0.3372549,0.27450982,0.5764706,#564693,0.0,0.0,0.0,panel_04_down__corner_3::gamut_022_cmcmm
center_replicates,panel_04_down|corner_3|c0.500000_m0.000000_y0.500000,1,,panel_04_down,corner_3,11,gamut_011_cy,cy,0.5,0.0,0.5,43.92527271727992,23.97050749415569,-11.066675796571769,0.5294118,0.34901962,0.48235294,#87597b,0.0,0.0,0.0,panel_04_down__corner_3::gamut_011_cy
center_replicates,panel_04_down|corner_3|c0.500000_m0.500000_y0.000000,1,,panel_04_down,corner_3,21,gamut_021_cm,cm,0.5,0.5,0.0,34.552449512777706,30.3159621505002,-36.789607991485,0.38039216,0.25882354,0.5529412,#61428d,0.0,0.0,0.0,panel_04_down__corner_3::gamut_021_cm
center_replicates,panel_04_down|corner_3|c0.600000_m0.000000_y0.400000,1,,panel_04_down,corner_3,12,gamut_012_ccycy,ccycy,0.6,0.0,0.4,44.92339645116777,30.563845042701764,-12.60079504060283,0.57254905,0.34117648,0.5019608,#925780,0.0,0.0,0.0,panel_04_down__corner_3::gamut_012_ccycy
center_replicates,panel_04_down|corner_3|c0.600000_m0.400000_y0.000000,1,,panel_04_down,corner_3,20,gamut_020_ccmcm,ccmcm,0.6,0.4,0.0,36.62752868694648,34.32500288234191,-33.053083718650655,0.44313726,0.25882354,0.54901963,#71428c,0.0,0.0,0.0,panel_04_down__corner_3::gamut_020_ccmcm
center_replicates,panel_04_down|corner_3|c0.666667_m0.000000_y0.333333,1,,panel_04_down,corner_3,13,gamut_013_ccy,ccy,0.6666666666666666,0.0,0.3333333333333333,45.08466327286288,34.982213977390984,-13.512702148166513,0.59607846,0.32941177,0.50980395,#985482,0.0,0.0,0.0,panel_04_down__corner_3::gamut_013_ccy
center_replicates,panel_04_down|corner_3|c0.666667_m0.333333_y0.000000,1,,panel_04_down,corner_3,19,gamut_019_ccm,ccm,0.6666666666666666,0.3333333333333333,0.0,38.163672529040696,37.53754540616303,-31.1497086490572,0.49019608,0.25882354,0.5529412,#7d428d,0.0,0.0,0.0,panel_04_down__corner_3::gamut_019_ccm
center_replicates,panel_04_down|corner_3|c0.750000_m0.000000_y0.250000,1,,panel_04_down,corner_3,14,gamut_014_ccyc,ccyc,0.75,0.0,0.25,46.10130978249262,40.45266038245659,-14.027150902583886,0.6333333,0.3137255,0.52156866,#a15085,0.0,0.0,0.0,panel_04_down__corner_3::gamut_014_ccyc
center_replicates,panel_04_down|corner_3|c0.750000_m0.250000_y0.000000,1,,panel_04_down,corner_3,18,gamut_018_ccmc,ccmc,0.75,0.25,0.0,39.61381724237884,42.09320315380453,-27.027463904677617,0.5411765,0.25490198,0.5411765,#8a418a,0.0,0.0,0.0,panel_04_down__corner_3::gamut_018_ccmc
center_replicates,panel_04_down|corner_3|c0.800000_m0.000000_y0.200000,1,,panel_04_down,corner_3,15,gamut_015_ccycc,ccycc,0.8,0.0,0.2,44.13177832361844,44.265069826930734,-14.08277884513829,0.6392157,0.28235295,0.5058824,#a34881,0.0,0.0,0.0,panel_04_down__corner_3::gamut_015_ccycc
center_replicates,panel_04_down|corner_3|c0.800000_m0.200000_y0.000000,1,,panel_04_down,corner_3,17,gamut_017_ccmcc,ccmcc,0.8,0.2,0.0,40.3665956224762,45.43788861959697,-25.18870622234808,0.57254905,0.24313726,0.5372549,#923e89,0.0,0.0,0.0,panel_04_down__corner_3::gamut_017_ccmcc
center_replicates,panel_04_down|corner_3|c1.000000_m0.000000_y0.000000,1,,panel_04_down,corner_3,16,gamut_016_c,c,1.0,0.0,0.0,47.27910988093578,61.26621535131838,-10.33844484627775,0.76862746,0.21960784,0.5137255,#c43883,0.0,0.0,0.0,panel_04_down__corner_3::gamut_016_c
center_replicates,panel_05_up|corner_1|c0.000000_m0.000000_y1.000000,1,,panel_05_up,corner_1,6,gamut_006_y,y,0.0,0.0,1.0,52.46908602106136,4.928804295759981,-53.21451092123888,0.09019608,0.5019608,0.8509804,#1780d9,0.0,0.0,0.0,panel_05_up__corner_1::gamut_006_y
center_replicates,panel_05_up|corner_1|c0.000000_m0.200000_y0.800000,1,,panel_05_up,corner_1,5,gamut_005_yymyy,yymyy,0.0,0.2,0.8,57.23508418590099,-28.648342245564173,-10.38087010708475,0.1627451,0.59411764,0.6039216,#2a979a,0.0,0.0,0.0,panel_05_up__corner_1::gamut_005_yymyy
center_replicates,panel_05_up|corner_1|c0.000000_m0.250000_y0.750000,1,,panel_05_up,corner_1,4,gamut_004_ymyy,ymyy,0.0,0.25,0.75,59.189184497438575,-34.07340283292973,-1.5099243759567171,0.1882353,0.6215687,0.5647059,#309f90,0.0,0.0,0.0,panel_05_up__corner_1::gamut_004_ymyy
center_replicates,panel_05_up|corner_1|c0.000000_m0.333333_y0.666667,1,,panel_05_up,corner_1,3,gamut_003_myy,myy,0.0,0.3333333333333333,0.6666666666666666,60.96492960776895,-41.17576126682876,13.406750991577688,0.22352941,0.64705884,0.47843137,#39a57a,0.0,0.0,0.0,panel_05_up__corner_1::gamut_003_myy
center_replicates,panel_05_up|corner_1|c0.000000_m0.400000_y0.600000,1,,panel_05_up,corner_1,2,gamut_002_mymyy,mymyy,0.0,0.4,0.6,62.72197461041539,-44.71387417552886,23.720815957533446,0.25882354,0.67058825,0.42352942,#42ab6c,0.0,0.0,0.0,panel_05_up__corner_1::gamut_002_mymyy
center_replicates,panel_05_up|corner_1|c0.000000_m0.500000_y0.500000,1,,panel_05_up,corner_1,1,gamut_001_my,my,0.0,0.5,0.5,64.73818270400291,-48.004134939750806,38.11459284358234,0.30588236,0.69411767,0.33333334,#4eb155,0.0,0.0,0.0,panel_05_up__corner_1::gamut_001_my
center_replicates,panel_05_up|corner_1|c0.000000_m0.600000_y0.400000,1,,panel_05_up,corner_1,30,gamut_030_mmymy,mmymy,0.0,0.6,0.4,66.8513861824279,-46.46922996973635,45.28646330745418,0.3764706,0.7137255,0.29803923,#60b64c,0.0,0.0,0.0,panel_05_up__corner_1::gamut_030_mmymy
center_replicates,panel_05_up|corner_1|c0.000000_m0.666667_y0.333333,1,,panel_05_up,corner_1,29,gamut_029_mmy,mmy,0.0,0.6666666666666666,0.3333333333333333,68.18801669049515,-44.66955470710992,50.822773576057614,0.41960785,0.7254902,0.2627451,#6bb943,0.0,0.0,0.0,panel_05_up__corner_1::gamut_029_mmy
center_replicates,panel_05_up|corner_1|c0.000000_m0.750000_y0.250000,1,,panel_05_up,corner_1,28,gamut_028_mmym,mmym,0.0,0.75,0.25,70.17737830677666,-41.69952966889612,57.68251949601164,0.49019608,0.7411765,0.21960784,#7dbd38,0.0,0.0,0.0,panel_05_up__corner_1::gamut_028_mmym
center_replicates,panel_05_up|corner_1|c0.000000_m0.800000_y0.200000,1,,panel_05_up,corner_1,27,gamut_027_mmymm,mmymm,0.0,0.8,0.2,70.45150198062416,-38.52740398985679,63.14560489905757,0.5254902,0.73921573,0.15882353,#86bd29,0.0,0.0,0.0,panel_05_up__corner_1::gamut_027_mmymm
center_replicates,panel_05_up|corner_1|c0.000000_m1.000000_y0.000000,1,,panel_05_up,corner_1,26,gamut_026_m,m,0.0,1.0,0.0,86.35691998148567,-13.272579714331878,85.02624709040096,0.91764706,0.8627451,0.039215688,#eadc0a,0.0,0.0,0.0,panel_05_up__corner_1::gamut_026_m
center_replicates,panel_05_up|corner_1|c0.200000_m0.000000_y0.800000,1,,panel_05_up,corner_1,7,gamut_007_yycyy,yycyy,0.2,0.0,0.8,42.499357676507984,16.089789065752175,-52.56339266396205,0.20784314,0.37843138,0.73921573,#3561bd,0.0,0.0,0.0,panel_05_up__corner_1::gamut_007_yycyy
center_replicates,panel_05_up|corner_1|c0.200000_m0.800000_y0.000000,1,,panel_05_up,corner_1,25,gamut_025_mmcmm,mmcmm,0.2,0.8,0.0,54.08596015975655,-8.372346014334065,39.30488515745928,0.53333336,0.5176471,0.21960784,#888438,0.0,0.0,0.0,panel_05_up__corner_1::gamut_025_mmcmm
center_replicates,panel_05_up|corner_1|c0.250000_m0.000000_y0.750000,1,,panel_05_up,corner_1,8,gamut_008_ycyy,ycyy,0.25,0.0,0.75,41.27034400403079,19.629164651408903,-52.830045333092166,0.23529412,0.36078432,0.7254902,#3c5cb9,0.0,0.0,0.0,panel_05_up__corner_1::gamut_008_ycyy
center_replicates,panel_05_up|corner_1|c0.250000_m0.750000_y0.000000,1,,panel_05_up,corner_1,24,gamut_024_mcmm,mcmm,0.25,0.75,0.0,50.39572914137968,-5.928020596128237,30.509100199820733,0.5019608,0.4745098,0.26666668,#807944,0.0,0.0,0.0,panel_05_up__corner_1::gamut_024_mcmm
center_replicates,panel_05_up|corner_1|c0.333333_m0.000000_y0.666667,1,,panel_05_up,corner_1,9,gamut_009_cyy,cyy,0.3333333333333333,0.0,0.6666666666666666,38.71641804948344,24.83522926745321,-52.88119033073182,0.26666668,0.32156864,0.69803923,#4452b2,0.0,0.0,0.0,panel_05_up__corner_1::gamut_009_cyy
center_replicates,panel_05_up|corner_1|c0.333333_m0.666667_y0.000000,1,,panel_05_up,corner_1,23,gamut_023_cmm,cmm,0.3333333333333333,0.6666666666666666,0.0,46.32420832974701,-3.0729468840455243,18.92668173734699,0.45490196,0.43333334,0.30588236,#746f4e,0.0,0.0,0.0,panel_05_up__corner_1::gamut_023_cmm
center_replicates,panel_05_up|corner_1|c0.400000_m0.000000_y0.600000,1,,panel_05_up,corner_1,10,gamut_010_cycyy,cycyy,0.4,0.0,0.6,36.24971152737559,26.975473271886514,-51.07250711100596,0.2784314,0.2901961,0.6627451,#474aa9,0.0,0.0,0.0,panel_05_up__corner_1::gamut_010_cycyy
center_replicates,panel_05_up|corner_1|c0.400000_m0.600000_y0.000000,1,,panel_05_up,corner_1,22,gamut_022_cmcmm,cmcmm,0.4,0.6,0.0,44.79823868201883,-0.5409149548434578,13.009222956364985,0.44509804,0.4137255,0.33137256,#726a55,0.0,0.0,0.0,panel_05_up__corner_1::gamut_022_cmcmm
center_replicates,panel_05_up|corner_1|c0.500000_m0.000000_y0.500000,1,,panel_05_up,corner_1,11,gamut_011_cy,cy,0.5,0.0,0.5,33.51842022248393,29.946527406024853,-49.44262153104263,0.29411766,0.25490198,0.61960787,#4b419e,0.0,0.0,0.0,panel_05_up__corner_1::gamut_011_cy
center_replicates,panel_05_up|corner_1|c0.500000_m0.500000_y0.000000,1,,panel_05_up,corner_1,21,gamut_021_cm,cm,0.5,0.5,0.0,40.35745591956764,4.042040916609785,2.770535669347418,0.40784314,0.3647059,0.3529412,#685d5a,0.0,0.0,0.0,panel_05_up__corner_1::gamut_021_cm
center_replicates,panel_05_up|corner_1|c0.600000_m0.000000_y0.400000,1,,panel_05_up,corner_1,12,gamut_012_ccycy,ccycy,0.6,0.0,0.4,32.124653508924865,31.062200321887527,-47.936570086148414,0.29803923,0.23921569,0.59607846,#4c3d98,0.0,0.0,0.0,panel_05_up__corner_1::gamut_012_ccycy
center_replicates,panel_05_up|corner_1|c0.600000_m0.400000_y0.000000,1,,panel_05_up,corner_1,20,gamut_020_ccmcm,ccmcm,0.6,0.4,0.0,37.51618546533664,7.831196859232143,-4.629287541012572,0.38039216,0.32941177,0.37254903,#61545f,0.0,0.0,0.0,panel_05_up__corner_1::gamut_020_ccmcm
center_replicates,panel_05_up|corner_1|c0.666667_m0.000000_y0.333333,1,,panel_05_up,corner_1,13,gamut_013_ccy,ccy,0.6666666666666666,0.0,0.3333333333333333,31.33156013890064,30.83647580476495,-46.85172490636994,0.29803923,0.23137255,0.5803922,#4c3b94,0.0,0.0,0.0,panel_05_up__corner_1::gamut_013_ccy
center_replicates,panel_05_up|corner_1|c0.666667_m0.333333_y0.000000,1,,panel_05_up,corner_1,19,gamut_019_ccm,ccm,0.6666666666666666,0.3333333333333333,0.0,35.0097698866578,11.086740097133037,-11.002672602458608,0.36078432,0.3019608,0.39215687,#5c4d64,0.0,0.0,0.0,panel_05_up__corner_1::gamut_019_ccm
center_replicates,panel_05_up|corner_1|c0.750000_m0.000000_y0.250000,1,,panel_05_up,corner_1,14,gamut_014_ccyc,ccyc,0.75,0.0,0.25,30.03881455022315,31.67591181721333,-45.47395947779067,0.29803923,0.21568628,0.56078434,#4c378f,0.0,0.0,0.0,panel_05_up__corner_1::gamut_014_ccyc
center_replicates,panel_05_up|corner_1|c0.750000_m0.250000_y0.000000,1,,panel_05_up,corner_1,18,gamut_018_ccmc,ccmc,0.75,0.25,0.0,33.83114219037516,16.117596590483437,-18.83491202930125,0.3529412,0.28235295,0.42352942,#5a486c,0.0,0.0,0.0,panel_05_up__corner_1::gamut_018_ccmc
center_replicates,panel_05_up|corner_1|c0.800000_m0.000000_y0.200000,1,,panel_05_up,corner_1,15,gamut_015_ccycc,ccycc,0.8,0.0,0.2,27.820539674351053,31.41695113259549,-43.52178595579946,0.28627452,0.19607843,0.5254902,#493286,0.0,0.0,0.0,panel_05_up__corner_1::gamut_015_ccycc
center_replicates,panel_05_up|corner_1|c0.800000_m0.200000_y0.000000,1,,panel_05_up,corner_1,17,gamut_017_ccmcc,ccmcc,0.8,0.2,0.0,30.98529078700965,19.06270486479475,-23.33410494344424,0.33137256,0.24901962,0.43529412,#55406f,0.0,0.0,0.0,panel_05_up__corner_1::gamut_017_ccmcc
center_replicates,panel_05_up|corner_1|c1.000000_m0.000000_y0.000000,1,,panel_05_up,corner_1,16,gamut_016_c,c,1.0,0.0,0.0,25.521099246317064,32.95267345677261,-41.91519694688463,0.28235295,0.16862746,0.49019608,#482b7d,0.0,0.0,0.0,panel_05_up__corner_1::gamut_016_c
center_replicates,panel_05_up|corner_2|c0.000000_m0.000000_y1.000000,1,,panel_05_up,corner_2,6,gamut_006_y,y,0.0,0.0,1.0,36.23432090773704,54.80747747469408,-5.046160086749785,0.61960787,0.1254902,0.37254903,#9e205f,0.0,0.0,0.0,panel_05_up__corner_2::gamut_006_y
center_replicates,panel_05_up|corner_2|c0.000000_m0.200000_y0.800000,1,,panel_05_up,corner_2,5,gamut_005_yymyy,yymyy,0.0,0.2,0.8,25.429849234358,39.73368695970418,-18.89516574854362,0.40588236,0.11764706,0.34901962,#681e59,0.0,0.0,0.0,panel_05_up__corner_2::gamut_005_yymyy
center_replicates,panel_05_up|corner_2|c0.000000_m0.250000_y0.750000,1,,panel_05_up,corner_2,4,gamut_004_ymyy,ymyy,0.0,0.25,0.75,23.389389137353117,37.4476836468666,-21.191309595866223,0.36862746,0.10980392,0.34509805,#5e1c58,0.0,0.0,0.0,panel_05_up__corner_2::gamut_004_ymyy
center_replicates,panel_05_up|corner_2|c0.000000_m0.333333_y0.666667,1,,panel_05_up,corner_2,3,gamut_003_myy,myy,0.0,0.3333333333333333,0.6666666666666666,20.95736090461521,35.11496331595457,-23.725657326068948,0.32156864,0.10392157,0.3392157,#521b57,0.0,0.0,0.0,panel_05_up__corner_2::gamut_003_myy
center_replicates,panel_05_up|corner_2|c0.000000_m0.400000_y0.600000,1,,panel_05_up,corner_2,2,gamut_002_mymyy,mymyy,0.0,0.4,0.6,20.063681787048985,33.78244116850837,-25.833897121056037,0.3019608,0.101960786,0.34117648,#4d1a57,0.0,0.0,0.0,panel_05_up__corner_2::gamut_002_mymyy
center_replicates,panel_05_up|corner_2|c0.000000_m0.500000_y0.500000,1,,panel_05_up,corner_2,1,gamut_001_my,my,0.0,0.5,0.5,18.952632102377365,32.55204816444032,-29.251656938531934,0.27450982,0.101960786,0.3529412,#461a5a,0.0,0.0,0.0,panel_05_up__corner_2::gamut_001_my
center_replicates,panel_05_up|corner_2|c0.000000_m0.600000_y0.400000,1,,panel_05_up,corner_2,30,gamut_030_mmymy,mmymy,0.0,0.6,0.4,17.035392112745143,30.92297472386893,-28.949741038924724,0.24705882,0.09019608,0.32941177,#3f1754,0.0,0.0,0.0,panel_05_up__corner_2::gamut_030_mmymy
center_replicates,panel_05_up|corner_2|c0.000000_m0.666667_y0.333333,1,,panel_05_up,corner_2,29,gamut_029_mmy,mmy,0.0,0.6666666666666666,0.3333333333333333,16.185317247906937,30.42444047788365,-29.470525774376235,0.23529412,0.08627451,0.3254902,#3c1653,0.0,0.0,0.0,panel_05_up__corner_2::gamut_029_mmy
center_replicates,panel_05_up|corner_2|c0.000000_m0.750000_y0.250000,1,,panel_05_up,corner_2,28,gamut_028_mmym,mmym,0.0,0.75,0.25,14.755635316702886,28.9059913637113,-29.388483662207182,0.21176471,0.078431375,0.30980393,#36144f,0.0,0.0,0.0,panel_05_up__corner_2::gamut_028_mmym
center_replicates,panel_05_up|corner_2|c0.000000_m0.800000_y0.200000,1,,panel_05_up,corner_2,27,gamut_027_mmymm,mmymm,0.0,0.8,0.2,13.62477104237026,27.68815863491928,-29.07100573232248,0.19607843,0.07450981,0.29803923,#32134c,0.0,0.0,0.0,panel_05_up__corner_2::gamut_027_mmymm
center_replicates,panel_05_up|corner_2|c0.000000_m1.000000_y0.000000,1,,panel_05_up,corner_2,26,gamut_026_m,m,0.0,1.0,0.0,10.855188229915406,25.71725874141978,-30.55592410708732,0.15294118,0.05882353,0.28235295,#270f48,0.0,0.0,0.0,panel_05_up__corner_2::gamut_026_m
center_replicates,panel_05_up|corner_2|c0.200000_m0.000000_y0.800000,1,,panel_05_up,corner_2,7,gamut_007_yycyy,yycyy,0.2,0.0,0.8,38.50675776226375,48.60875301443235,10.58201791744998,0.63529414,0.19215687,0.29803923,#a2314c,0.0,0.0,0.0,panel_05_up__corner_2::gamut_007_yycyy
center_replicates,panel_05_up|corner_2|c0.200000_m0.800000_y0.000000,1,,panel_05_up,corner_2,25,gamut_025_mmcmm,mmcmm,0.2,0.8,0.0,15.363857011077377,16.46098522970017,-18.439239394641334,0.19215687,0.12156863,0.25490198,#311f41,0.0,0.0,0.0,panel_05_up__corner_2::gamut_025_mmcmm
center_replicates,panel_05_up|corner_2|c0.250000_m0.000000_y0.750000,1,,panel_05_up,corner_2,8,gamut_008_ycyy,ycyy,0.25,0.0,0.75,40.29902660478025,45.76367033163303,15.822642382864773,0.6509804,0.21960784,0.2784314,#a63847,0.0,0.0,0.0,panel_05_up__corner_2::gamut_008_ycyy
center_replicates,panel_05_up|corner_2|c0.250000_m0.750000_y0.000000,1,,panel_05_up,corner_2,24,gamut_024_mcmm,mcmm,0.25,0.75,0.0,17.851987017120997,14.77742621121149,-15.422089922162918,0.21176471,0.14509805,0.25882354,#362542,0.0,0.0,0.0,panel_05_up__corner_2::gamut_024_mcmm
center_replicates,panel_05_up|corner_2|c0.333333_m0.000000_y0.666667,1,,panel_05_up,corner_2,9,gamut_009_cyy,cyy,0.3333333333333333,0.0,0.6666666666666666,42.1091951643935,43.73933098132673,20.612762173487887,0.6666667,0.24901962,0.26666668,#aa4044,0.0,0.0,0.0,panel_05_up__corner_2::gamut_009_cyy
center_replicates,panel_05_up|corner_2|c0.333333_m0.666667_y0.000000,1,,panel_05_up,corner_2,23,gamut_023_cmm,cmm,0.3333333333333333,0.6666666666666666,0.0,22.467668642535024,9.9934021121586,-8.2085751071859,0.2509804,0.19215687,0.25490198,#403141,0.0,0.0,0.0,panel_05_up__corner_2::gamut_023_cmm
center_replicates,panel_05_up|corner_2|c0.400000_m0.000000_y0.600000,1,,panel_05_up,corner_2,10,gamut_010_cycyy,cycyy,0.4,0.0,0.6,44.461147938860606,40.6114051606769,23.96971980647856,0.6784314,0.28627452,0.2627451,#ad4943,0.0,0.0,0.0,panel_05_up__corner_2::gamut_010_cycyy
center_replicates,panel_05_up|corner_2|c0.400000_m0.600000_y0.000000,1,,panel_05_up,corner_2,22,gamut_022_cmcmm,cmcmm,0.4,0.6,0.0,25.29726808721764,7.926794292750533,-4.025542800504955,0.27450982,0.21960784,0.25882354,#463842,0.0,0.0,0.0,panel_05_up__corner_2::gamut_022_cmcmm
center_replicates,panel_05_up|corner_2|c0.500000_m0.000000_y0.500000,1,,panel_05_up,corner_2,11,gamut_011_cy,cy,0.5,0.0,0.5,48.59619226043319,37.03163750669519,31.6064094659553,0.7176471,0.34117648,0.2509804,#b75740,0.0,0.0,0.0,panel_05_up__corner_2::gamut_011_cy
center_replicates,panel_05_up|corner_2|c0.500000_m0.500000_y0.000000,1,,panel_05_up,corner_2,21,gamut_021_cm,cm,0.5,0.5,0.0,30.830003120112167,4.383973655696538,3.270129681103773,0.32156864,0.27450982,0.26666668,#524644,0.0,0.0,0.0,panel_05_up__corner_2::gamut_021_cm
center_replicates,panel_05_up|corner_2|c0.600000_m0.000000_y0.400000,1,,panel_05_up,corner_2,12,gamut_012_ccycy,ccycy,0.6,0.0,0.4,55.47868298225692,32.40020662088569,35.390006501483185,0.7764706,0.42745098,0.28627452,#c66d49,0.0,0.0,0.0,panel_05_up__corner_2::gamut_012_ccycy
center_replicates,panel_05_up|corner_2|c0.600000_m0.400000_y0.000000,1,,panel_05_up,corner_2,20,gamut_020_ccmcm,ccmcm,0.6,0.4,0.0,37.408901838259126,0.8619427613457964,11.25127683949459,0.37843138,0.34117648,0.27254903,#615746,0.0,0.0,0.0,panel_05_up__corner_2::gamut_020_ccmcm
center_replicates,panel_05_up|corner_2|c0.666667_m0.000000_y0.333333,1,,panel_05_up,corner_2,13,gamut_013_ccy,ccy,0.6666666666666666,0.0,0.3333333333333333,59.878816919164,27.82297275497142,39.574582287728674,0.80980396,0.4862745,0.29411766,#cf7c4b,0.0,0.0,0.0,panel_05_up__corner_2::gamut_013_ccy
center_replicates,panel_05_up|corner_2|c0.666667_m0.333333_y0.000000,1,,panel_05_up,corner_2,19,gamut_019_ccm,ccm,0.6666666666666666,0.3333333333333333,0.0,42.61419407112977,-2.023106498591165,16.861761109327,0.41960785,0.39607844,0.28627452,#6b6549,0.0,0.0,0.0,panel_05_up__corner_2::gamut_019_ccm
center_replicates,panel_05_up|corner_2|c0.750000_m0.000000_y0.250000,1,,panel_05_up,corner_2,14,gamut_014_ccyc,ccyc,0.75,0.0,0.25,65.03196733263596,19.581959730167352,48.25529212802399,0.83137256,0.56078434,0.27450982,#d48f46,0.0,0.0,0.0,panel_05_up__corner_2::gamut_014_ccyc
center_replicates,panel_05_up|corner_2|c0.750000_m0.250000_y0.000000,1,,panel_05_up,corner_2,18,gamut_018_ccmc,ccmc,0.75,0.25,0.0,49.38873325602546,-4.866052347882732,27.90839758969199,0.49019608,0.46666667,0.27058825,#7d7745,0.0,0.0,0.0,panel_05_up__corner_2::gamut_018_ccmc
center_replicates,panel_05_up|corner_2|c0.800000_m0.000000_y0.200000,1,,panel_05_up,corner_2,15,gamut_015_ccycc,ccycc,0.8,0.0,0.2,68.74207412007102,14.280075429785516,52.59511598330265,0.8509804,0.6117647,0.2764706,#d99c47,0.0,0.0,0.0,panel_05_up__corner_2::gamut_015_ccycc
center_replicates,panel_05_up|corner_2|c0.800000_m0.200000_y0.000000,1,,panel_05_up,corner_2,17,gamut_017_ccmcc,ccmcc,0.8,0.2,0.0,54.21694786248379,-7.834517618418357,36.65312009369244,0.5372549,0.5176471,0.25490198,#898441,0.0,0.0,0.0,panel_05_up__corner_2::gamut_017_ccmcc
center_replicates,panel_05_up|corner_2|c1.000000_m0.000000_y0.000000,1,,panel_05_up,corner_2,16,gamut_016_c,c,1.0,0.0,0.0,86.78461951023176,-13.352485061558838,85.50126711037036,0.92156863,0.8666667,0.03529412,#ebdd09,0.0,0.0,0.0,panel_05_up__corner_2::gamut_016_c
center_replicates,panel_05_up|corner_3|c0.000000_m0.000000_y1.000000,1,,panel_05_up,corner_3,6,gamut_006_y,y,0.0,0.0,1.0,14.967131451792396,29.69286120794196,-34.39620610235625,0.19607843,0.08235294,0.34117648,#321557,0.0,0.0,0.0,panel_05_up__corner_3::gamut_006_y
center_replicates,panel_05_up|corner_3|c0.000000_m0.200000_y0.800000,1,,panel_05_up,corner_3,5,gamut_005_yymyy,yymyy,0.0,0.2,0.8,18.449083752553754,32.10753173625008,-33.21962979870179,0.2509804,0.101960786,0.36862746,#401a5e,0.0,0.0,0.0,panel_05_up__corner_3::gamut_005_yymyy
center_replicates,panel_05_up|corner_3|c0.000000_m0.250000_y0.750000,1,,panel_05_up,corner_3,4,gamut_004_ymyy,ymyy,0.0,0.25,0.75,19.807479218139363,33.317290874232434,-33.54181344865786,0.27058825,0.10980392,0.38431373,#451c62,0.0,0.0,0.0,panel_05_up__corner_3::gamut_004_ymyy
center_replicates,panel_05_up|corner_3|c0.000000_m0.333333_y0.666667,1,,panel_05_up,corner_3,3,gamut_003_myy,myy,0.0,0.3333333333333333,0.6666666666666666,21.080559891586383,33.97689543601809,-31.96687134021853,0.2901961,0.11372549,0.38431373,#4a1d62,0.0,0.0,0.0,panel_05_up__corner_3::gamut_003_myy
center_replicates,panel_05_up|corner_3|c0.000000_m0.400000_y0.600000,1,,panel_05_up,corner_3,2,gamut_002_mymyy,mymyy,0.0,0.4,0.6,21.26832637147128,34.495520764968255,-31.47093284184636,0.29803923,0.11372549,0.38431373,#4c1d62,0.0,0.0,0.0,panel_05_up__corner_3::gamut_002_mymyy
center_replicates,panel_05_up|corner_3|c0.000000_m0.500000_y0.500000,1,,panel_05_up,corner_3,1,gamut_001_my,my,0.0,0.5,0.5,22.07363678817154,35.55732901440606,-29.880439903965065,0.31764707,0.11372549,0.38431373,#511d62,0.0,0.0,0.0,panel_05_up__corner_3::gamut_001_my
center_replicates,panel_05_up|corner_3|c0.000000_m0.600000_y0.400000,1,,panel_05_up,corner_3,30,gamut_030_mmymy,mmymy,0.0,0.6,0.4,24.100083773343652,38.1251485212829,-27.456863742725336,0.36078432,0.12156863,0.3882353,#5c1f63,0.0,0.0,0.0,panel_05_up__corner_3::gamut_030_mmymy
center_replicates,panel_05_up|corner_3|c0.000000_m0.666667_y0.333333,1,,panel_05_up,corner_3,29,gamut_029_mmy,mmy,0.0,0.6666666666666666,0.3333333333333333,24.988108048246943,38.99492858347062,-26.10580194508072,0.3764706,0.12156863,0.3882353,#601f63,0.0,0.0,0.0,panel_05_up__corner_3::gamut_029_mmy
center_replicates,panel_05_up|corner_3|c0.000000_m0.750000_y0.250000,1,,panel_05_up,corner_3,28,gamut_028_mmym,mmym,0.0,0.75,0.25,26.67689095460134,41.21907737388764,-22.700716712717185,0.41568628,0.1254902,0.38431373,#6a2062,0.0,0.0,0.0,panel_05_up__corner_3::gamut_028_mmym
center_replicates,panel_05_up|corner_3|c0.000000_m0.800000_y0.200000,1,,panel_05_up,corner_3,27,gamut_027_mmymm,mmymm,0.0,0.8,0.2,28.29216643712178,43.14855475866286,-20.432248596170037,0.4490196,0.12941177,0.3882353,#722163,0.0,0.0,0.0,panel_05_up__corner_3::gamut_027_mmymm
center_replicates,panel_05_up|corner_3|c0.000000_m1.000000_y0.000000,1,,panel_05_up,corner_3,26,gamut_026_m,m,0.0,1.0,0.0,36.70735097328438,55.49398974912173,-4.557331280962651,0.627451,0.1254902,0.3764706,#a02060,0.0,0.0,0.0,panel_05_up__corner_3::gamut_026_m
center_replicates,panel_05_up|corner_3|c0.200000_m0.000000_y0.800000,1,,panel_05_up,corner_3,7,gamut_007_yycyy,yycyy,0.2,0.0,0.8,18.06752630357629,28.2413565415168,-37.39683850636985,0.2,0.11764706,0.3882353,#331e63,0.0,0.0,0.0,panel_05_up__corner_3::gamut_007_yycyy
center_replicates,panel_05_up|corner_3|c0.200000_m0.800000_y0.000000,1,,panel_05_up,corner_3,25,gamut_025_mmcmm,mmcmm,0.2,0.8,0.0,29.484771086094877,40.51986329053198,-22.138209864356963,0.44313726,0.15686275,0.4117647,#712869,0.0,0.0,0.0,panel_05_up__corner_3::gamut_025_mmcmm
center_replicates,panel_05_up|corner_3|c0.250000_m0.000000_y0.750000,1,,panel_05_up,corner_3,8,gamut_008_ycyy,ycyy,0.25,0.0,0.75,19.325641832695165,27.7529166210064,-38.55928958242073,0.2,0.12941177,0.40784314,#332168,0.0,0.0,0.0,panel_05_up__corner_3::gamut_008_ycyy
center_replicates,panel_05_up|corner_3|c0.250000_m0.750000_y0.000000,1,,panel_05_up,corner_3,24,gamut_024_mcmm,mcmm,0.25,0.75,0.0,28.304091561261068,37.90583222609148,-25.13857081066352,0.40980393,0.16078432,0.41568628,#69296a,0.0,0.0,0.0,panel_05_up__corner_3::gamut_024_mcmm
center_replicates,panel_05_up|corner_3|c0.333333_m0.000000_y0.666667,1,,panel_05_up,corner_3,9,gamut_009_cyy,cyy,0.3333333333333333,0.0,0.6666666666666666,19.997247073291724,27.902518898593357,-40.0553458191524,0.2,0.13725491,0.42352942,#33236c,0.0,0.0,0.0,panel_05_up__corner_3::gamut_009_cyy
center_replicates,panel_05_up|corner_3|c0.333333_m0.666667_y0.000000,1,,panel_05_up,corner_3,23,gamut_023_cmm,cmm,0.3333333333333333,0.6666666666666666,0.0,27.03879049520408,33.39922385781602,-29.27300568741672,0.35686275,0.17254902,0.42745098,#5b2c6d,0.0,0.0,0.0,panel_05_up__corner_3::gamut_023_cmm
center_replicates,panel_05_up|corner_3|c0.400000_m0.000000_y0.600000,1,,panel_05_up,corner_3,10,gamut_010_cycyy,cycyy,0.4,0.0,0.6,20.53201551125826,27.305539152506995,-41.18598233591501,0.19215687,0.14509805,0.43529412,#31256f,0.0,0.0,0.0,panel_05_up__corner_3::gamut_010_cycyy
center_replicates,panel_05_up|corner_3|c0.400000_m0.600000_y0.000000,1,,panel_05_up,corner_3,22,gamut_022_cmcmm,cmcmm,0.4,0.6,0.0,26.98122990493397,30.840434303943688,-32.8133372870971,0.3254902,0.18039216,0.4490196,#532e72,0.0,0.0,0.0,panel_05_up__corner_3::gamut_022_cmcmm
center_replicates,panel_05_up|corner_3|c0.500000_m0.000000_y0.500000,1,,panel_05_up,corner_3,11,gamut_011_cy,cy,0.5,0.0,0.5,21.601356906813063,27.016724942525688,-43.31168015514567,0.18431373,0.15686275,0.45882353,#2f2875,0.0,0.0,0.0,panel_05_up__corner_3::gamut_011_cy
center_replicates,panel_05_up|corner_3|c0.500000_m0.500000_y0.000000,1,,panel_05_up,corner_3,21,gamut_021_cm,cm,0.5,0.5,0.0,28.98615592299509,27.35530701270339,-36.870588505367394,0.30588236,0.21568628,0.49411765,#4e377e,0.0,0.0,0.0,panel_05_up__corner_3::gamut_021_cm
center_replicates,panel_05_up|corner_3|c0.600000_m0.000000_y0.400000,1,,panel_05_up,corner_3,12,gamut_012_ccycy,ccycy,0.6,0.0,0.4,24.45593873090113,23.863737156090416,-45.15935010348605,0.16862746,0.19215687,0.49803922,#2b317f,0.0,0.0,0.0,panel_05_up__corner_3::gamut_012_ccycy
center_replicates,panel_05_up|corner_3|c0.600000_m0.400000_y0.000000,1,,panel_05_up,corner_3,20,gamut_020_ccmcm,ccmcm,0.6,0.4,0.0,32.34667780524099,24.69004959555013,-40.737570619097205,0.29411766,0.25490198,0.54901963,#4b418c,0.0,0.0,0.0,panel_05_up__corner_3::gamut_020_ccmcm
center_replicates,panel_05_up|corner_3|c0.666667_m0.000000_y0.333333,1,,panel_05_up,corner_3,13,gamut_013_ccy,ccy,0.6666666666666666,0.0,0.3333333333333333,28.88062329572145,24.410380199207605,-49.67244494461922,0.1764706,0.23137255,0.57254905,#2d3b92,0.0,0.0,0.0,panel_05_up__corner_3::gamut_013_ccy
center_replicates,panel_05_up|corner_3|c0.666667_m0.333333_y0.000000,1,,panel_05_up,corner_3,19,gamut_019_ccm,ccm,0.6666666666666666,0.3333333333333333,0.0,35.25636707363745,23.215132534093048,-43.81445986551533,0.29411766,0.2901961,0.6,#4b4a99,0.0,0.0,0.0,panel_05_up__corner_3::gamut_019_ccm
center_replicates,panel_05_up|corner_3|c0.750000_m0.000000_y0.250000,1,,panel_05_up,corner_3,14,gamut_014_ccyc,ccyc,0.75,0.0,0.25,33.819835808456034,21.202451679435654,-51.77971410535099,0.17254902,0.28627452,0.63529414,#2c49a2,0.0,0.0,0.0,panel_05_up__corner_3::gamut_014_ccyc
center_replicates,panel_05_up|corner_3|c0.750000_m0.250000_y0.000000,1,,panel_05_up,corner_3,18,gamut_018_ccmc,ccmc,0.75,0.25,0.0,39.14056536503847,20.461949061022707,-48.60122702236139,0.26666668,0.33333334,0.6745098,#4455ac,0.0,0.0,0.0,panel_05_up__corner_3::gamut_018_ccmc
center_replicates,panel_05_up|corner_3|c0.800000_m0.000000_y0.200000,1,,panel_05_up,corner_3,15,gamut_015_ccycc,ccycc,0.8,0.0,0.2,38.28889919023098,18.95828218750653,-53.2682051145131,0.16470589,0.33333334,0.69411767,#2a55b1,0.0,0.0,0.0,panel_05_up__corner_3::gamut_015_ccycc
center_replicates,panel_05_up|corner_3|c0.800000_m0.200000_y0.000000,1,,panel_05_up,corner_3,17,gamut_017_ccmcc,ccmcc,0.8,0.2,0.0,43.3850980426558,16.188067507961314,-50.51077166007902,0.23921569,0.3882353,0.7294118,#3d63ba,0.0,0.0,0.0,panel_05_up__corner_3::gamut_017_ccmcc
center_replicates,panel_05_up|corner_3|c1.000000_m0.000000_y0.000000,1,,panel_05_up,corner_3,16,gamut_016_c,c,1.0,0.0,0.0,50.90594256444433,6.403368348016247,-54.21201693571487,0.07450981,0.48235294,0.8392157,#137bd6,0.0,0.0,0.0,panel_05_up__corner_3::gamut_016_c
center_replicates,panel_06_down_right|corner_1|c0.000000_m0.000000_y1.000000,1,,panel_06_down_right,corner_1,6,gamut_006_y,y,0.0,0.0,1.0,50.79695623111952,62.81082488695289,-12.791270818564636,0.8117647,0.2509804,0.5647059,#cf4090,0.0,0.0,0.0,panel_06_down_right__corner_1::gamut_006_y
center_replicates,panel_06_down_right|corner_1|c0.000000_m0.200000_y0.800000,1,,panel_06_down_right,corner_1,5,gamut_005_yymyy,yymyy,0.0,0.2,0.8,53.50787274681993,51.65962910161564,6.5879617481271024,0.81960785,0.3372549,0.46666667,#d15677,0.0,0.0,0.0,panel_06_down_right__corner_1::gamut_005_yymyy
center_replicates,panel_06_down_right|corner_1|c0.000000_m0.250000_y0.750000,1,,panel_06_down_right,corner_1,4,gamut_004_ymyy,ymyy,0.0,0.25,0.75,53.73837400322931,48.17787702792892,11.422312190516015,0.8117647,0.3529412,0.43529412,#cf5a6f,0.0,0.0,0.0,panel_06_down_right__corner_1::gamut_004_ymyy
center_replicates,panel_06_down_right|corner_1|c0.000000_m0.333333_y0.666667,1,,panel_06_down_right,corner_1,3,gamut_003_myy,myy,0.0,0.3333333333333333,0.6666666666666666,53.22765560471926,44.6148345248652,17.72674283110296,0.79607844,0.36078432,0.3882353,#cb5c63,0.0,0.0,0.0,panel_06_down_right__corner_1::gamut_003_myy
center_replicates,panel_06_down_right|corner_1|c0.000000_m0.400000_y0.600000,1,,panel_06_down_right,corner_1,2,gamut_002_mymyy,mymyy,0.0,0.4,0.6,51.84374885366417,40.51091288525305,21.687575018658467,0.7647059,0.3647059,0.34901962,#c35d59,0.0,0.0,0.0,panel_06_down_right__corner_1::gamut_002_mymyy
center_replicates,panel_06_down_right|corner_1|c0.000000_m0.500000_y0.500000,1,,panel_06_down_right,corner_1,1,gamut_001_my,my,0.0,0.5,0.5,51.873493680959655,36.27073725660607,29.542964071058275,0.7490196,0.3764706,0.29411766,#bf604b,0.0,0.0,0.0,panel_06_down_right__corner_1::gamut_001_my
center_replicates,panel_06_down_right|corner_1|c0.000000_m0.600000_y0.400000,1,,panel_06_down_right,corner_1,30,gamut_030_mmymy,mmymy,0.0,0.6,0.4,52.89097166714676,33.58803005710448,32.974117638145586,0.7529412,0.39607844,0.2784314,#c06547,0.0,0.0,0.0,panel_06_down_right__corner_1::gamut_030_mmymy
center_replicates,panel_06_down_right|corner_1|c0.000000_m0.666667_y0.333333,1,,panel_06_down_right,corner_1,29,gamut_029_mmy,mmy,0.0,0.6666666666666666,0.3333333333333333,54.33877695216211,29.71200833068538,38.36470228844891,0.7529412,0.42156863,0.25882354,#c06c42,0.0,0.0,0.0,panel_06_down_right__corner_1::gamut_029_mmy
center_replicates,panel_06_down_right|corner_1|c0.000000_m0.750000_y0.250000,1,,panel_06_down_right,corner_1,28,gamut_028_mmym,mmym,0.0,0.75,0.25,58.30549229148078,23.44124771588632,45.92432215462556,0.77254903,0.48039216,0.22941177,#c57b3b,0.0,0.0,0.0,panel_06_down_right__corner_1::gamut_028_mmym
center_replicates,panel_06_down_right|corner_1|c0.000000_m0.800000_y0.200000,1,,panel_06_down_right,corner_1,27,gamut_027_mmymm,mmymm,0.0,0.8,0.2,60.86131189155833,19.40124136166216,48.8592044549676,0.78431374,0.5176471,0.23137255,#c8843b,0.0,0.0,0.0,panel_06_down_right__corner_1::gamut_027_mmymm
center_replicates,panel_06_down_right|corner_1|c0.000000_m1.000000_y0.000000,1,,panel_06_down_right,corner_1,26,gamut_026_m,m,0.0,1.0,0.0,83.25664403589154,-10.756174104633365,81.06527226335741,0.89411765,0.8235294,0.08627451,#e4d216,0.0,0.0,0.0,panel_06_down_right__corner_1::gamut_026_m
center_replicates,panel_06_down_right|corner_1|c0.200000_m0.000000_y0.800000,1,,panel_06_down_right,corner_1,7,gamut_007_yycyy,yycyy,0.2,0.0,0.8,37.50234521792406,34.41217438829888,-15.473220384220788,0.50980395,0.25490198,0.45882353,#824175,0.0,0.0,0.0,panel_06_down_right__corner_1::gamut_007_yycyy
center_replicates,panel_06_down_right|corner_1|c0.200000_m0.800000_y0.000000,1,,panel_06_down_right,corner_1,25,gamut_025_mmcmm,mmcmm,0.2,0.8,0.0,39.20778327411012,-14.850361059465868,28.565147762992577,0.327451,0.38627452,0.18039216,#54632e,0.0,0.0,0.0,panel_06_down_right__corner_1::gamut_025_mmcmm
center_replicates,panel_06_down_right|corner_1|c0.250000_m0.000000_y0.750000,1,,panel_06_down_right,corner_1,8,gamut_008_ycyy,ycyy,0.25,0.0,0.75,30.76095719893268,28.68623465610113,-14.096436245747906,0.4137255,0.21764706,0.37254903,#6a385f,0.0,0.0,0.0,panel_06_down_right__corner_1::gamut_008_ycyy
center_replicates,panel_06_down_right|corner_1|c0.250000_m0.750000_y0.000000,1,,panel_06_down_right,corner_1,24,gamut_024_mcmm,mcmm,0.25,0.75,0.0,30.985700338932844,-13.395185810620797,21.654562588802108,0.24705882,0.30588236,0.16470589,#3f4e2a,0.0,0.0,0.0,panel_06_down_right__corner_1::gamut_024_mcmm
center_replicates,panel_06_down_right|corner_1|c0.333333_m0.000000_y0.666667,1,,panel_06_down_right,corner_1,9,gamut_009_cyy,cyy,0.3333333333333333,0.0,0.6666666666666666,25.839600500751487,20.226590400474336,-11.884303105262106,0.3254902,0.19607843,0.31176472,#533250,0.0,0.0,0.0,panel_06_down_right__corner_1::gamut_009_cyy
center_replicates,panel_06_down_right|corner_1|c0.333333_m0.666667_y0.000000,1,,panel_06_down_right,corner_1,23,gamut_023_cmm,cmm,0.3333333333333333,0.6666666666666666,0.0,25.98652430124396,-11.666221854303604,16.318913268996127,0.20392157,0.25882354,0.14117648,#344224,0.0,0.0,0.0,panel_06_down_right__corner_1::gamut_023_cmm
center_replicates,panel_06_down_right|corner_1|c0.400000_m0.000000_y0.600000,1,,panel_06_down_right,corner_1,10,gamut_010_cycyy,cycyy,0.4,0.0,0.6,21.175125090343958,16.803011016355107,-10.690559840136428,0.26862746,0.16470589,0.2627451,#452a43,0.0,0.0,0.0,panel_06_down_right__corner_1::gamut_010_cycyy
center_replicates,panel_06_down_right|corner_1|c0.400000_m0.600000_y0.000000,1,,panel_06_down_right,corner_1,22,gamut_022_cmcmm,cmcmm,0.4,0.6,0.0,21.52384176347616,-10.506736352800113,14.411910993131782,0.16862746,0.21764706,0.11764706,#2b381e,0.0,0.0,0.0,panel_06_down_right__corner_1::gamut_022_cmcmm
center_replicates,panel_06_down_right|corner_1|c0.500000_m0.000000_y0.500000,1,,panel_06_down_right,corner_1,11,gamut_011_cy,cy,0.5,0.0,0.5,17.889227662107814,9.821789005194702,-7.980511691180747,0.20392157,0.15294118,0.21568628,#342737,0.0,0.0,0.0,panel_06_down_right__corner_1::gamut_011_cy
center_replicates,panel_06_down_right|corner_1|c0.500000_m0.500000_y0.000000,1,,panel_06_down_right,corner_1,21,gamut_021_cm,cm,0.5,0.5,0.0,19.25325170909925,-9.413710809826364,13.81459032718178,0.15686275,0.19607843,0.105882354,#28321b,0.0,0.0,0.0,panel_06_down_right__corner_1::gamut_021_cm
center_replicates,panel_06_down_right|corner_1|c0.600000_m0.000000_y0.400000,1,,panel_06_down_right,corner_1,12,gamut_012_ccycy,ccycy,0.6,0.0,0.4,17.641436227420694,7.829653012070802,-5.825138782995931,0.19803922,0.15686275,0.20392157,#332834,0.0,0.0,0.0,panel_06_down_right__corner_1::gamut_012_ccycy
center_replicates,panel_06_down_right|corner_1|c0.600000_m0.400000_y0.000000,1,,panel_06_down_right,corner_1,20,gamut_020_ccmcm,ccmcm,0.6,0.4,0.0,18.61299087158972,-7.56756027745846,9.921750541954722,0.15294118,0.1882353,0.12156863,#27301f,0.0,0.0,0.0,panel_06_down_right__corner_1::gamut_020_ccmcm
center_replicates,panel_06_down_right|corner_1|c0.666667_m0.000000_y0.333333,1,,panel_06_down_right,corner_1,13,gamut_013_ccy,ccy,0.6666666666666666,0.0,0.3333333333333333,16.210048780079603,7.1820191863132266,-5.424200156928277,0.18431373,0.14509805,0.1882353,#2f2530,0.0,0.0,0.0,panel_06_down_right__corner_1::gamut_013_ccy
center_replicates,panel_06_down_right|corner_1|c0.666667_m0.333333_y0.000000,1,,panel_06_down_right,corner_1,19,gamut_019_ccm,ccm,0.6666666666666666,0.3333333333333333,0.0,16.833368983502737,-7.084036811329012,8.517104066624487,0.14117648,0.17254902,0.115686275,#242c1e,0.0,0.0,0.0,panel_06_down_right__corner_1::gamut_019_ccm
center_replicates,panel_06_down_right|corner_1|c0.750000_m0.000000_y0.250000,1,,panel_06_down_right,corner_1,14,gamut_014_ccyc,ccyc,0.75,0.0,0.25,15.003380955630442,5.0787632730286685,-3.9520280829994814,0.16666667,0.1392157,0.16862746,#2b242b,0.0,0.0,0.0,panel_06_down_right__corner_1::gamut_014_ccyc
center_replicates,panel_06_down_right|corner_1|c0.750000_m0.250000_y0.000000,1,,panel_06_down_right,corner_1,18,gamut_018_ccmc,ccmc,0.75,0.25,0.0,13.795722838612004,-5.306685929203553,6.414818523797807,0.12156863,0.14509805,0.101960786,#1f251a,0.0,0.0,0.0,panel_06_down_right__corner_1::gamut_018_ccmc
center_replicates,panel_06_down_right|corner_1|c0.800000_m0.000000_y0.200000,1,,panel_06_down_right,corner_1,15,gamut_015_ccycc,ccycc,0.8,0.0,0.2,12.20315533831835,3.787727821431025,-2.6471800721026173,0.13725491,0.11764706,0.14117648,#231e24,0.0,0.0,0.0,panel_06_down_right__corner_1::gamut_015_ccycc
center_replicates,panel_06_down_right|corner_1|c0.800000_m0.200000_y0.000000,1,,panel_06_down_right,corner_1,17,gamut_017_ccmcc,ccmcc,0.8,0.2,0.0,12.847882839750854,-3.992321921127661,4.577910515320774,0.11764706,0.13529412,0.10784314,#1e231c,0.0,0.0,0.0,panel_06_down_right__corner_1::gamut_017_ccmcc
center_replicates,panel_06_down_right|corner_1|c1.000000_m0.000000_y0.000000,1,,panel_06_down_right,corner_1,16,gamut_016_c,c,1.0,0.0,0.0,8.069418638673064,-0.745365720712779,1.593427693713079,0.09019608,0.09411765,0.08235294,#171815,0.0,0.0,0.0,panel_06_down_right__corner_1::gamut_016_c
center_replicates,panel_06_down_right|corner_2|c0.000000_m0.000000_y1.000000,1,,panel_06_down_right,corner_2,6,gamut_006_y,y,0.0,0.0,1.0,48.86303731369402,5.202027571599266,-48.2552386511256,0.16078432,0.4627451,0.7764706,#2976c6,0.0,0.0,0.0,panel_06_down_right__corner_2::gamut_006_y
center_replicates,panel_06_down_right|corner_2|c0.000000_m0.200000_y0.800000,1,,panel_06_down_right,corner_2,5,gamut_005_yymyy,yymyy,0.0,0.2,0.8,37.40037347127194,0.1159566404344558,-25.565109087895475,0.22745098,0.3509804,0.5058824,#3a5a81,0.0,0.0,0.0,panel_06_down_right__corner_2::gamut_005_yymyy
center_replicates,panel_06_down_right|corner_2|c0.000000_m0.250000_y0.750000,1,,panel_06_down_right,corner_2,4,gamut_004_ymyy,ymyy,0.0,0.25,0.75,34.43689346318298,0.3612921462827767,-21.67992603186428,0.22745098,0.32352942,0.4509804,#3a5373,0.0,0.0,0.0,panel_06_down_right__corner_2::gamut_004_ymyy
center_replicates,panel_06_down_right|corner_2|c0.000000_m0.333333_y0.666667,1,,panel_06_down_right,corner_2,3,gamut_003_myy,myy,0.0,0.3333333333333333,0.6666666666666666,28.24818485883756,0.6980201700323013,-16.634879344582878,0.2,0.2647059,0.3627451,#33445d,0.0,0.0,0.0,panel_06_down_right__corner_2::gamut_003_myy
center_replicates,panel_06_down_right|corner_2|c0.000000_m0.400000_y0.600000,1,,panel_06_down_right,corner_2,2,gamut_002_mymyy,mymyy,0.0,0.4,0.6,22.209481504075352,-0.0925125576970026,-13.121211458842868,0.16078432,0.21176471,0.28431374,#293649,0.0,0.0,0.0,panel_06_down_right__corner_2::gamut_002_mymyy
center_replicates,panel_06_down_right|corner_2|c0.000000_m0.500000_y0.500000,1,,panel_06_down_right,corner_2,1,gamut_001_my,my,0.0,0.5,0.5,18.490262594777864,-1.3339132794812911,-7.817364389887505,0.14117648,0.18039216,0.22352941,#242e39,0.0,0.0,0.0,panel_06_down_right__corner_2::gamut_001_my
center_replicates,panel_06_down_right|corner_2|c0.000000_m0.600000_y0.400000,1,,panel_06_down_right,corner_2,30,gamut_030_mmymy,mmymy,0.0,0.6,0.4,18.80300766899667,-0.6732386213041119,-7.483901352319544,0.14901961,0.18235295,0.22352941,#262f39,0.0,0.0,0.0,panel_06_down_right__corner_2::gamut_030_mmymy
center_replicates,panel_06_down_right|corner_2|c0.000000_m0.666667_y0.333333,1,,panel_06_down_right,corner_2,29,gamut_029_mmy,mmy,0.0,0.6666666666666666,0.3333333333333333,16.24373306720947,-1.0536099425912382,-5.791097006837442,0.13333334,0.16078432,0.19215687,#222931,0.0,0.0,0.0,panel_06_down_right__corner_2::gamut_029_mmy
center_replicates,panel_06_down_right|corner_2|c0.000000_m0.750000_y0.250000,1,,panel_06_down_right,corner_2,28,gamut_028_mmym,mmym,0.0,0.75,0.25,13.94444631470994,-0.7311192720749136,-4.614259422978245,0.12156863,0.14117648,0.16470589,#1f242a,0.0,0.0,0.0,panel_06_down_right__corner_2::gamut_028_mmym
center_replicates,panel_06_down_right|corner_2|c0.000000_m0.800000_y0.200000,1,,panel_06_down_right,corner_2,27,gamut_027_mmymm,mmymm,0.0,0.8,0.2,11.608331206352323,-0.2877267712090431,-3.2620163212970565,0.10980392,0.12156863,0.13725491,#1c1f23,0.0,0.0,0.0,panel_06_down_right__corner_2::gamut_027_mmymm
center_replicates,panel_06_down_right|corner_2|c0.000000_m1.000000_y0.000000,1,,panel_06_down_right,corner_2,26,gamut_026_m,m,0.0,1.0,0.0,8.10468940161483,-1.216337714404117,0.3684223590374513,0.08627451,0.09411765,0.09019608,#161817,0.0,0.0,0.0,panel_06_down_right__corner_2::gamut_026_m
center_replicates,panel_06_down_right|corner_2|c0.200000_m0.000000_y0.800000,1,,panel_06_down_right,corner_2,7,gamut_007_yycyy,yycyy,0.2,0.0,0.8,52.14652164818767,-23.807008921081422,-9.705170787979068,0.20392157,0.53333336,0.5529412,#34888d,0.0,0.0,0.0,panel_06_down_right__corner_2::gamut_007_yycyy
center_replicates,panel_06_down_right|corner_2|c0.200000_m0.800000_y0.000000,1,,panel_06_down_right,corner_2,25,gamut_025_mmcmm,mmcmm,0.2,0.8,0.0,12.30704517102684,-3.701934761528733,3.3184529828555047,0.11176471,0.13137256,0.10980392,#1d221c,0.0,0.0,0.0,panel_06_down_right__corner_2::gamut_025_mmcmm
center_replicates,panel_06_down_right|corner_2|c0.250000_m0.000000_y0.750000,1,,panel_06_down_right,corner_2,8,gamut_008_ycyy,ycyy,0.25,0.0,0.75,53.40264170693055,-29.22582020494585,-0.3299466819091545,0.21176471,0.5529412,0.49803922,#368d7f,0.0,0.0,0.0,panel_06_down_right__corner_2::gamut_008_ycyy
center_replicates,panel_06_down_right|corner_2|c0.250000_m0.750000_y0.000000,1,,panel_06_down_right,corner_2,24,gamut_024_mcmm,mcmm,0.25,0.75,0.0,19.231067165844365,-6.001888395651356,6.4772502462994375,0.16078432,0.19215687,0.14509805,#293125,0.0,0.0,0.0,panel_06_down_right__corner_2::gamut_024_mcmm
center_replicates,panel_06_down_right|corner_2|c0.333333_m0.000000_y0.666667,1,,panel_06_down_right,corner_2,9,gamut_009_cyy,cyy,0.3333333333333333,0.0,0.6666666666666666,55.63142562548619,-36.83706488675287,14.634136790941277,0.23529412,0.58431375,0.41960785,#3c956b,0.0,0.0,0.0,panel_06_down_right__corner_2::gamut_009_cyy
center_replicates,panel_06_down_right|corner_2|c0.333333_m0.666667_y0.000000,1,,panel_06_down_right,corner_2,23,gamut_023_cmm,cmm,0.3333333333333333,0.6666666666666666,0.0,20.893004844264023,-7.25677448840234,7.555806114355807,0.17058824,0.20784314,0.15294118,#2c3527,0.0,0.0,0.0,panel_06_down_right__corner_2::gamut_023_cmm
center_replicates,panel_06_down_right|corner_2|c0.400000_m0.000000_y0.600000,1,,panel_06_down_right,corner_2,10,gamut_010_cycyy,cycyy,0.4,0.0,0.6,57.816512768334015,-40.367586648806295,24.24792344818312,0.26666668,0.6117647,0.37254903,#449c5f,0.0,0.0,0.0,panel_06_down_right__corner_2::gamut_010_cycyy
center_replicates,panel_06_down_right|corner_2|c0.400000_m0.600000_y0.000000,1,,panel_06_down_right,corner_2,22,gamut_022_cmcmm,cmcmm,0.4,0.6,0.0,22.96666010352706,-8.134851675656696,8.477632004030522,0.18431373,0.22745098,0.1627451,#2f3a2a,0.0,0.0,0.0,panel_06_down_right__corner_2::gamut_022_cmcmm
center_replicates,panel_06_down_right|corner_2|c0.500000_m0.000000_y0.500000,1,,panel_06_down_right,corner_2,11,gamut_011_cy,cy,0.5,0.0,0.5,61.53561011424533,-44.54512615799899,37.33217581686418,0.30980393,0.654902,0.30980393,#4fa74f,0.0,0.0,0.0,panel_06_down_right__corner_2::gamut_011_cy
center_replicates,panel_06_down_right|corner_2|c0.500000_m0.500000_y0.000000,1,,panel_06_down_right,corner_2,21,gamut_021_cm,cm,0.5,0.5,0.0,22.82750016582732,-10.533566091641354,11.792094296848068,0.1764706,0.22745098,0.14509805,#2d3a25,0.0,0.0,0.0,panel_06_down_right__corner_2::gamut_021_cm
center_replicates,panel_06_down_right|corner_2|c0.600000_m0.000000_y0.400000,1,,panel_06_down_right,corner_2,12,gamut_012_ccycy,ccycy,0.6,0.0,0.4,64.97615579495627,-43.337023973171405,44.398298484834186,0.38039216,0.6901961,0.28235295,#61b048,0.0,0.0,0.0,panel_06_down_right__corner_2::gamut_012_ccycy
center_replicates,panel_06_down_right|corner_2|c0.600000_m0.400000_y0.000000,1,,panel_06_down_right,corner_2,20,gamut_020_ccmcm,ccmcm,0.6,0.4,0.0,28.665124290343066,-11.511621250377274,13.946327591960484,0.22745098,0.28235295,0.1764706,#3a482d,0.0,0.0,0.0,panel_06_down_right__corner_2::gamut_020_ccmcm
center_replicates,panel_06_down_right|corner_2|c0.666667_m0.000000_y0.333333,1,,panel_06_down_right,corner_2,13,gamut_013_ccy,ccy,0.6666666666666666,0.0,0.3333333333333333,64.97040104888127,-41.89957787022469,49.48761025327582,0.4117647,0.6862745,0.24313726,#69af3e,0.0,0.0,0.0,panel_06_down_right__corner_2::gamut_013_ccy
center_replicates,panel_06_down_right|corner_2|c0.666667_m0.333333_y0.000000,1,,panel_06_down_right,corner_2,19,gamut_019_ccm,ccm,0.6666666666666666,0.3333333333333333,0.0,35.5742820218023,-13.77643630031744,18.52651253168347,0.28235295,0.34901962,0.20784314,#485935,0.0,0.0,0.0,panel_06_down_right__corner_2::gamut_019_ccm
center_replicates,panel_06_down_right|corner_2|c0.750000_m0.000000_y0.250000,1,,panel_06_down_right,corner_2,14,gamut_014_ccyc,ccyc,0.75,0.0,0.25,66.20573440175265,-38.96643394370975,54.26471285883593,0.4627451,0.69411767,0.20784314,#76b135,0.0,0.0,0.0,panel_06_down_right__corner_2::gamut_014_ccyc
center_replicates,panel_06_down_right|corner_2|c0.750000_m0.250000_y0.000000,1,,panel_06_down_right,corner_2,18,gamut_018_ccmc,ccmc,0.75,0.25,0.0,41.20503865220804,-15.4472169528721,25.21245722818429,0.34117648,0.40392157,0.21176471,#576736,0.0,0.0,0.0,panel_06_down_right__corner_2::gamut_018_ccmc
center_replicates,panel_06_down_right|corner_2|c0.800000_m0.000000_y0.200000,1,,panel_06_down_right,corner_2,15,gamut_015_ccycc,ccycc,0.8,0.0,0.2,68.9194176474592,-36.266073540232426,59.545667392676165,0.52156866,0.71960783,0.1882353,#85b730,0.0,0.0,0.0,panel_06_down_right__corner_2::gamut_015_ccycc
center_replicates,panel_06_down_right|corner_2|c0.800000_m0.200000_y0.000000,1,,panel_06_down_right,corner_2,17,gamut_017_ccmcc,ccmcc,0.8,0.2,0.0,45.73524973665248,-17.771620241153613,32.02040998102912,0.38039216,0.4509804,0.21372549,#617336,0.0,0.0,0.0,panel_06_down_right__corner_2::gamut_017_ccmcc
center_replicates,panel_06_down_right|corner_2|c1.000000_m0.000000_y0.000000,1,,panel_06_down_right,corner_2,16,gamut_016_c,c,1.0,0.0,0.0,85.51091985972093,-12.05270858609342,82.84032404094671,0.9137255,0.8509804,0.09019608,#e9d917,0.0,0.0,0.0,panel_06_down_right__corner_2::gamut_016_c
center_replicates,panel_06_down_right|corner_3|c0.000000_m0.000000_y1.000000,1,,panel_06_down_right,corner_3,6,gamut_006_y,y,0.0,0.0,1.0,7.5164136537143325,-0.9396945754848244,0.2615942091630269,0.08235294,0.09019608,0.08627451,#151716,0.0,0.0,0.0,panel_06_down_right__corner_3::gamut_006_y
center_replicates,panel_06_down_right|corner_3|c0.000000_m0.200000_y0.800000,1,,panel_06_down_right,corner_3,5,gamut_005_yymyy,yymyy,0.0,0.2,0.8,12.131952024763224,-0.2177847301056273,-4.906154831473398,0.10980392,0.1254902,0.15294118,#1c2027,0.0,0.0,0.0,panel_06_down_right__corner_3::gamut_005_yymyy
center_replicates,panel_06_down_right|corner_3|c0.000000_m0.250000_y0.750000,1,,panel_06_down_right,corner_3,4,gamut_004_ymyy,ymyy,0.0,0.25,0.75,13.940874290138536,-0.619942655732092,-5.748248705475023,0.11372549,0.14117648,0.17254902,#1d242c,0.0,0.0,0.0,panel_06_down_right__corner_3::gamut_004_ymyy
center_replicates,panel_06_down_right|corner_3|c0.000000_m0.333333_y0.666667,1,,panel_06_down_right,corner_3,3,gamut_003_myy,myy,0.0,0.3333333333333333,0.6666666666666666,16.372260813447276,-0.5814501915831771,-7.330462741145438,0.13333334,0.16078432,0.2,#222933,0.0,0.0,0.0,panel_06_down_right__corner_3::gamut_003_myy
center_replicates,panel_06_down_right|corner_3|c0.000000_m0.400000_y0.600000,1,,panel_06_down_right,corner_3,2,gamut_002_mymyy,mymyy,0.0,0.4,0.6,18.74155639707136,-0.2884716552632727,-8.351331784762783,0.14901961,0.18235295,0.22352941,#262f39,0.0,0.0,0.0,panel_06_down_right__corner_3::gamut_002_mymyy
center_replicates,panel_06_down_right|corner_3|c0.000000_m0.500000_y0.500000,1,,panel_06_down_right,corner_3,1,gamut_001_my,my,0.0,0.5,0.5,19.046364154866104,-1.8312698491220052,-10.32448707570136,0.12941177,0.1882353,0.23921569,#21303d,0.0,0.0,0.0,panel_06_down_right__corner_3::gamut_001_my
center_replicates,panel_06_down_right|corner_3|c0.000000_m0.600000_y0.400000,1,,panel_06_down_right,corner_3,30,gamut_030_mmymy,mmymy,0.0,0.6,0.4,23.266383548837588,0.9843913134077452,-16.267984511604173,0.16078432,0.21960784,0.3137255,#293850,0.0,0.0,0.0,panel_06_down_right__corner_3::gamut_030_mmymy
center_replicates,panel_06_down_right|corner_3|c0.000000_m0.666667_y0.333333,1,,panel_06_down_right,corner_3,29,gamut_029_mmy,mmy,0.0,0.6666666666666666,0.3333333333333333,25.41431510493216,1.4888474850668076,-18.676122130035434,0.16470589,0.23921569,0.34509805,#2a3d58,0.0,0.0,0.0,panel_06_down_right__corner_3::gamut_029_mmy
center_replicates,panel_06_down_right|corner_3|c0.000000_m0.750000_y0.250000,1,,panel_06_down_right,corner_3,28,gamut_028_mmym,mmym,0.0,0.75,0.25,31.96384056133276,1.5767096223295862,-23.244335327166358,0.20784314,0.29607844,0.4372549,#354c6f,0.0,0.0,0.0,panel_06_down_right__corner_3::gamut_028_mmym
center_replicates,panel_06_down_right|corner_3|c0.000000_m0.800000_y0.200000,1,,panel_06_down_right,corner_3,27,gamut_027_mmymm,mmymm,0.0,0.8,0.2,34.23135982924256,0.9882213643747362,-26.8881282124595,0.18039216,0.32352942,0.48431373,#2e537c,0.0,0.0,0.0,panel_06_down_right__corner_3::gamut_027_mmymm
center_replicates,panel_06_down_right|corner_3|c0.000000_m1.000000_y0.000000,1,,panel_06_down_right,corner_3,26,gamut_026_m,m,0.0,1.0,0.0,46.2886246276498,7.480648634286435,-50.52231098197287,0.11372549,0.43333334,0.7647059,#1d6fc3,0.0,0.0,0.0,panel_06_down_right__corner_3::gamut_026_m
center_replicates,panel_06_down_right|corner_3|c0.200000_m0.000000_y0.800000,1,,panel_06_down_right,corner_3,7,gamut_007_yycyy,yycyy,0.2,0.0,0.8,14.30270178190692,4.544125831044771,-3.79651733394506,0.15686275,0.13333334,0.16078432,#282229,0.0,0.0,0.0,panel_06_down_right__corner_3::gamut_007_yycyy
center_replicates,panel_06_down_right|corner_3|c0.200000_m0.800000_y0.000000,1,,panel_06_down_right,corner_3,25,gamut_025_mmcmm,mmcmm,0.2,0.8,0.0,40.99727345537049,15.754760205000856,-46.70861662624068,0.25490198,0.3647059,0.6784314,#415dad,0.0,0.0,0.0,panel_06_down_right__corner_3::gamut_025_mmcmm
center_replicates,panel_06_down_right|corner_3|c0.250000_m0.000000_y0.750000,1,,panel_06_down_right,corner_3,8,gamut_008_ycyy,ycyy,0.25,0.0,0.75,15.62419899402634,5.207195181000324,-4.151142041387034,0.17254902,0.14509805,0.1764706,#2c252d,0.0,0.0,0.0,panel_06_down_right__corner_3::gamut_008_ycyy
center_replicates,panel_06_down_right|corner_3|c0.250000_m0.750000_y0.000000,1,,panel_06_down_right,corner_3,24,gamut_024_mcmm,mcmm,0.25,0.75,0.0,40.41325831594565,18.715771796907088,-45.31426066185159,0.29411766,0.34901962,0.6686275,#4b59ab,0.0,0.0,0.0,panel_06_down_right__corner_3::gamut_024_mcmm
center_replicates,panel_06_down_right|corner_3|c0.333333_m0.000000_y0.666667,1,,panel_06_down_right,corner_3,9,gamut_009_cyy,cyy,0.3333333333333333,0.0,0.6666666666666666,17.620946249651375,7.083997535596909,-5.400176292302172,0.19607843,0.15686275,0.2,#322833,0.0,0.0,0.0,panel_06_down_right__corner_3::gamut_009_cyy
center_replicates,panel_06_down_right|corner_3|c0.333333_m0.666667_y0.000000,1,,panel_06_down_right,corner_3,23,gamut_023_cmm,cmm,0.3333333333333333,0.6666666666666666,0.0,40.18273303207592,21.47718420570696,-42.05628502081481,0.34117648,0.3372549,0.6392157,#5756a3,0.0,0.0,0.0,panel_06_down_right__corner_3::gamut_023_cmm
center_replicates,panel_06_down_right|corner_3|c0.400000_m0.000000_y0.600000,1,,panel_06_down_right,corner_3,10,gamut_010_cycyy,cycyy,0.4,0.0,0.6,19.651882587441705,8.130800299262358,-5.830381223625913,0.21960784,0.16862746,0.22352941,#382b39,0.0,0.0,0.0,panel_06_down_right__corner_3::gamut_010_cycyy
center_replicates,panel_06_down_right|corner_3|c0.400000_m0.600000_y0.000000,1,,panel_06_down_right,corner_3,22,gamut_022_cmcmm,cmcmm,0.4,0.6,0.0,41.0188731476149,23.331995692366103,-39.81592828040616,0.37843138,0.34117648,0.6392157,#6157a3,0.0,0.0,0.0,panel_06_down_right__corner_3::gamut_022_cmcmm
center_replicates,panel_06_down_right|corner_3|c0.500000_m0.000000_y0.500000,1,,panel_06_down_right,corner_3,11,gamut_011_cy,cy,0.5,0.0,0.5,21.107931317369143,10.094618528797714,-8.28804704598144,0.23529412,0.18039216,0.24705882,#3c2e3f,0.0,0.0,0.0,panel_06_down_right__corner_3::gamut_011_cy
center_replicates,panel_06_down_right|corner_3|c0.500000_m0.500000_y0.000000,1,,panel_06_down_right,corner_3,21,gamut_021_cm,cm,0.5,0.5,0.0,41.72546328583261,28.33003850252358,-37.18459046546183,0.4392157,0.32941177,0.627451,#7054a0,0.0,0.0,0.0,panel_06_down_right__corner_3::gamut_021_cm
center_replicates,panel_06_down_right|corner_3|c0.600000_m0.000000_y0.400000,1,,panel_06_down_right,corner_3,12,gamut_012_ccycy,ccycy,0.6,0.0,0.4,26.340243515702653,17.214163393070734,-10.681299716029008,0.3156863,0.20980392,0.30980393,#51354f,0.0,0.0,0.0,panel_06_down_right__corner_3::gamut_012_ccycy
center_replicates,panel_06_down_right|corner_3|c0.600000_m0.400000_y0.000000,1,,panel_06_down_right,corner_3,20,gamut_020_ccmcm,ccmcm,0.6,0.4,0.0,43.14393593801631,31.96653919514097,-32.81661998898715,0.49803922,0.32941177,0.6156863,#7f549d,0.0,0.0,0.0,panel_06_down_right__corner_3::gamut_020_ccmcm
center_replicates,panel_06_down_right|corner_3|c0.666667_m0.000000_y0.333333,1,,panel_06_down_right,corner_3,13,gamut_013_ccy,ccy,0.6666666666666666,0.0,0.3333333333333333,28.835196148595244,21.162306440459577,-13.024550174686889,0.35686275,0.22156863,0.34705883,#5b3959,0.0,0.0,0.0,panel_06_down_right__corner_3::gamut_013_ccy
center_replicates,panel_06_down_right|corner_3|c0.666667_m0.333333_y0.000000,1,,panel_06_down_right,corner_3,19,gamut_019_ccm,ccm,0.6666666666666666,0.3333333333333333,0.0,44.37884989011853,35.83644421040244,-31.76097371001103,0.5411765,0.3254902,0.61960787,#8a539e,0.0,0.0,0.0,panel_06_down_right__corner_3::gamut_019_ccm
center_replicates,panel_06_down_right|corner_3|c0.750000_m0.000000_y0.250000,1,,panel_06_down_right,corner_3,14,gamut_014_ccyc,ccyc,0.75,0.0,0.25,34.80898760555188,26.80470167471566,-13.934940036537204,0.44509804,0.25490198,0.4137255,#72416a,0.0,0.0,0.0,panel_06_down_right__corner_3::gamut_014_ccyc
center_replicates,panel_06_down_right|corner_3|c0.750000_m0.250000_y0.000000,1,,panel_06_down_right,corner_3,18,gamut_018_ccmc,ccmc,0.75,0.25,0.0,45.60001637041061,41.44922005166732,-27.721261751336023,0.6,0.3137255,0.60784316,#99509b,0.0,0.0,0.0,panel_06_down_right__corner_3::gamut_018_ccmc
center_replicates,panel_06_down_right|corner_3|c0.800000_m0.000000_y0.200000,1,,panel_06_down_right,corner_3,15,gamut_015_ccycc,ccycc,0.8,0.0,0.2,39.424567997217565,32.72540526274798,-15.03040382150881,0.5254902,0.2784314,0.4627451,#864776,0.0,0.0,0.0,panel_06_down_right__corner_3::gamut_015_ccycc
center_replicates,panel_06_down_right|corner_3|c0.800000_m0.200000_y0.000000,1,,panel_06_down_right,corner_3,17,gamut_017_ccmcc,ccmcc,0.8,0.2,0.0,47.25292146713435,44.26143664527421,-26.507265751111063,0.6392157,0.32156864,0.6156863,#a3529d,0.0,0.0,0.0,panel_06_down_right__corner_3::gamut_017_ccmcc
center_replicates,panel_06_down_right|corner_3|c1.000000_m0.000000_y0.000000,1,,panel_06_down_right,corner_3,16,gamut_016_c,c,1.0,0.0,0.0,52.868643823166366,61.32184466238158,-13.624729989485452,0.82941175,0.28627452,0.5921569,#d34997,0.0,0.0,0.0,panel_06_down_right__corner_3::gamut_016_c
